{
"type": "FeatureCollection",                                                                                
"features": [
{ "type": "Feature", "properties": { "OBJECTID_1": 1, "OBJECTID_2": 104, "OBJECTID": 104, "BANDWIDTH": 330, "FROM_": "KABWE", "Source": "IBRD archive IBRD #29233, Dec 1997; Ministry of Mines and Mineral Development; ZESCO", "TO_": "LUANO", "regional": "SAPP", "project": null, "AICDstatus": "Existing", "COUNTRY": "ZMB", "AICD": 1.000000, "CNTRY_NAME": "ZAMBIA", "PNUMBER": null, "VOLTAGE_KV": 330, "FROM_NM": "KABWE", "TO_NM": "LUANO", "STATUS": "Existing", "SOURCES": "IBRD archive IBRD #29233, Dec 1997; Ministry of Mines and Mineral Development; ZESCO", "PROJECT_NM": null, "id": null, "power": null, "name": null, "voltage": null, "operator": null, "cables": 0, "wires": null, "Shape_Leng": 1.981039, "Shape_Le_1": 224172.457843, "Shape_Le_2": 224172.457843 }, "geometry": { "type": "MultiLineString", "coordinates": [ [ [ 27.980200000054335, -12.602000002140334 ], [ 28.504000000256283, -12.890200000041617 ], [ 28.511700000443977, -13.889800001140177 ], [ 28.511900000460489, -13.92110000211097 ], [ 28.513700000609372, -14.169199999616325 ], [ 28.469599999207855, -14.228999998722887 ], [ 28.461399998529679, -14.257700000231601 ] ] ] } },
{ "type": "Feature", "properties": { "OBJECTID_1": 2, "OBJECTID_2": 105, "OBJECTID": 105, "BANDWIDTH": 330, "FROM_": "KABWE", "Source": "IBRD archive IBRD #29233, Dec 1997; Ministry of Mines and Mineral Development; ZESCO", "TO_": "PENSULO", "regional": "SAPP", "project": null, "AICDstatus": "Existing", "COUNTRY": "ZMB", "AICD": 1.000000, "CNTRY_NAME": "ZAMBIA", "PNUMBER": null, "VOLTAGE_KV": 330, "FROM_NM": "KABWE", "TO_NM": "PENSULO", "STATUS": "Existing", "SOURCES": "IBRD archive IBRD #29233, Dec 1997; Ministry of Mines and Mineral Development; ZESCO", "PROJECT_NM": null, "id": null, "power": null, "name": null, "voltage": null, "operator": null, "cables": 0, "wires": null, "Shape_Leng": 2.568447, "Shape_Le_1": 287774.257380, "Shape_Le_2": 287774.257380 }, "geometry": { "type": "MultiLineString", "coordinates": [ [ [ 28.461399998529679, -14.257700000231601 ], [ 28.582400001350489, -14.25730000090034 ], [ 28.704399998864144, -14.043600000066666 ], [ 29.29580000016545, -13.902499999960638 ], [ 30.495099999191915, -13.255600002069889 ], [ 30.433299999470602, -13.033300000742798 ] ] ] } },
{ "type": "Feature", "properties": { "OBJECTID_1": 3, "OBJECTID_2": 106, "OBJECTID": 106, "BANDWIDTH": 330, "FROM_": "LUSAKA", "Source": "IBRD archive IBRD #29233, Dec 1997; Ministry of Mines and Mineral Development; ZESCO", "TO_": "KARIBA NORTH PP", "regional": "SAPP", "project": null, "AICDstatus": "Existing", "COUNTRY": "ZMB", "AICD": 1.000000, "CNTRY_NAME": "ZAMBIA", "PNUMBER": null, "VOLTAGE_KV": 330, "FROM_NM": "LUSAKA", "TO_NM": "KARIBA NORTH PP", "STATUS": "Existing", "SOURCES": "IBRD archive IBRD #29233, Dec 1997; Ministry of Mines and Mineral Development; ZESCO", "PROJECT_NM": null, "id": null, "power": null, "name": null, "voltage": null, "operator": null, "cables": 0, "wires": null, "Shape_Leng": 1.230459, "Shape_Le_1": 141343.762229, "Shape_Le_2": 141343.762229 }, "geometry": { "type": "MultiLineString", "coordinates": [ [ [ 28.525699998906905, -15.322099998487223 ], [ 28.548200000318602, -15.327899999520085 ], [ 28.758299999279547, -16.51669999972129 ] ] ] } },
{ "type": "Feature", "properties": { "OBJECTID_1": 4, "OBJECTID_2": 107, "OBJECTID": 107, "BANDWIDTH": 330, "FROM_": "LUSAKA", "Source": "IBRD archive IBRD #29233, Dec 1997; Ministry of Mines and Mineral Development; ZESCO", "TO_": "NAMPUNDWE", "regional": "SAPP", "project": null, "AICDstatus": "Existing", "COUNTRY": "ZMB", "AICD": 1.000000, "CNTRY_NAME": "ZAMBIA", "PNUMBER": null, "VOLTAGE_KV": 330, "FROM_NM": "LUSAKA", "TO_NM": "NAMPUNDWE", "STATUS": "Existing", "SOURCES": "IBRD archive IBRD #29233, Dec 1997; Ministry of Mines and Mineral Development; ZESCO", "PROJECT_NM": null, "id": null, "power": null, "name": null, "voltage": null, "operator": null, "cables": 0, "wires": null, "Shape_Leng": 0.611939, "Shape_Le_1": 68652.388672, "Shape_Le_2": 68652.388672 }, "geometry": { "type": "MultiLineString", "coordinates": [ [ [ 27.994399998533776, -15.62660000119978 ], [ 28.525199998416387, -15.322099998487223 ] ] ] } },
{ "type": "Feature", "properties": { "OBJECTID_1": 5, "OBJECTID_2": 108, "OBJECTID": 108, "BANDWIDTH": 330, "FROM_": "LUSAKA", "Source": "IBRD archive IBRD #29233, Dec 1997; Ministry of Mines and Mineral Development; ZESCO", "TO_": "KAFUE GORGE PP", "regional": "SAPP", "project": null, "AICDstatus": "Existing", "COUNTRY": "ZMB", "AICD": 1.000000, "CNTRY_NAME": "ZAMBIA", "PNUMBER": null, "VOLTAGE_KV": 330, "FROM_NM": "LUSAKA", "TO_NM": "KAFUE GORGE PP", "STATUS": "Existing", "SOURCES": "IBRD archive IBRD #29233, Dec 1997; Ministry of Mines and Mineral Development; ZESCO", "PROJECT_NM": null, "id": null, "power": null, "name": null, "voltage": null, "operator": null, "cables": 0, "wires": null, "Shape_Leng": 0.498505, "Shape_Le_1": 57171.061416, "Shape_Le_2": 57171.061416 }, "geometry": { "type": "MultiLineString", "coordinates": [ [ [ 28.420600000545182, -15.80799999801568 ], [ 28.525699998906905, -15.320700001221214 ] ] ] } },
{ "type": "Feature", "properties": { "OBJECTID_1": 6, "OBJECTID_2": 109, "OBJECTID": 109, "BANDWIDTH": 132, "FROM_": "MSORO", "Source": "IBRD archive IBRD #29233, Dec 1997; Ministry of Mines and Mineral Development; ZESCO", "TO_": "LUSIWASI", "regional": null, "project": null, "AICDstatus": "Existing", "COUNTRY": "ZMB", "AICD": 1.000000, "CNTRY_NAME": "ZAMBIA", "PNUMBER": null, "VOLTAGE_KV": 132, "FROM_NM": "MSORO", "TO_NM": "LUSIWASI", "STATUS": "Existing", "SOURCES": "IBRD archive IBRD #29233, Dec 1997; Ministry of Mines and Mineral Development; ZESCO", "PROJECT_NM": null, "id": null, "power": null, "name": null, "voltage": null, "operator": null, "cables": 0, "wires": null, "Shape_Leng": 1.133337, "Shape_Le_1": 126808.698979, "Shape_Le_2": 126808.698979 }, "geometry": { "type": "MultiLineString", "coordinates": [ [ [ 31.899999998154605, -13.600000001894013 ], [ 31.309000000479681, -13.583299997974091 ], [ 31.309000000479681, -13.316100000997725 ], [ 31.034099999752669, -13.316700000287232 ] ] ] } },
{ "type": "Feature", "properties": { "OBJECTID_1": 7, "OBJECTID_2": 110, "OBJECTID": 110, "BANDWIDTH": 88, "FROM_": "LUSAKA", "Source": "IBRD archive IBRD #29233, Dec 1997; Ministry of Mines and Mineral Development; ZESCO", "TO_": "CHIRUNDU", "regional": null, "project": null, "AICDstatus": "Existing", "COUNTRY": "ZMB", "AICD": 1.000000, "CNTRY_NAME": "ZAMBIA", "PNUMBER": null, "VOLTAGE_KV": 88, "FROM_NM": "LUSAKA", "TO_NM": "CHIRUNDU", "STATUS": "Existing", "SOURCES": "IBRD archive IBRD #29233, Dec 1997; Ministry of Mines and Mineral Development; ZESCO", "PROJECT_NM": null, "id": null, "power": null, "name": null, "voltage": null, "operator": null, "cables": 0, "wires": null, "Shape_Leng": 0.762447, "Shape_Le_1": 86821.596291, "Shape_Le_2": 86821.596291 }, "geometry": { "type": "MultiLineString", "coordinates": [ [ [ 28.526200000295717, -15.318799998597925 ], [ 28.665499999689327, -15.271800000367721 ], [ 28.884100001599069, -15.847100000769938 ] ] ] } },
{ "type": "Feature", "properties": { "OBJECTID_1": 8, "OBJECTID_2": 111, "OBJECTID": 111, "BANDWIDTH": 88, "FROM_": "KAFUE WEST", "Source": "IBRD archive IBRD #29233, Dec 1997; Ministry of Mines and Mineral Development; ZESCO", "TO_": "MUMBWA", "regional": null, "project": null, "AICDstatus": "Existing", "COUNTRY": "ZMB", "AICD": 1.000000, "CNTRY_NAME": "ZAMBIA", "PNUMBER": null, "VOLTAGE_KV": 88, "FROM_NM": "KAFUE WEST", "TO_NM": "MUMBWA", "STATUS": "Existing", "SOURCES": "IBRD archive IBRD #29233, Dec 1997; Ministry of Mines and Mineral Development; ZESCO", "PROJECT_NM": null, "id": null, "power": null, "name": null, "voltage": null, "operator": null, "cables": 0, "wires": null, "Shape_Leng": 1.424253, "Shape_Le_1": 160319.247300, "Shape_Le_2": 160319.247300 }, "geometry": { "type": "MultiLineString", "coordinates": [ [ [ 27.069099999710719, -14.983199998956795 ], [ 27.165899999631769, -15.118999998662236 ], [ 27.797899998900995, -15.313900001730124 ], [ 28.055599999103777, -15.585099998710639 ], [ 28.18329999933465, -15.76669999928742 ] ] ] } },
{ "type": "Feature", "properties": { "OBJECTID_1": 9, "OBJECTID_2": 112, "OBJECTID": 112, "BANDWIDTH": 88, "FROM_": "KAFUE WEST", "Source": "IBRD archive IBRD #29233, Dec 1997; Ministry of Mines and Mineral Development; ZESCO", "TO_": "MAZABUKA", "regional": null, "project": null, "AICDstatus": "Existing", "COUNTRY": "ZMB", "AICD": 1.000000, "CNTRY_NAME": "ZAMBIA", "PNUMBER": null, "VOLTAGE_KV": 88, "FROM_NM": "KAFUE WEST", "TO_NM": "MAZABUKA", "STATUS": "Existing", "SOURCES": "IBRD archive IBRD #29233, Dec 1997; Ministry of Mines and Mineral Development; ZESCO", "PROJECT_NM": null, "id": null, "power": null, "name": null, "voltage": null, "operator": null, "cables": 0, "wires": null, "Shape_Leng": 0.472804, "Shape_Le_1": 52944.485258, "Shape_Le_2": 52944.485258 }, "geometry": { "type": "MultiLineString", "coordinates": [ [ [ 27.766699999913868, -15.866700000777159 ], [ 27.781399998883824, -15.818100001770095 ], [ 28.133900001537217, -15.733499999662172 ], [ 28.18329999933465, -15.76669999928742 ] ] ] } },
{ "type": "Feature", "properties": { "OBJECTID_1": 10, "OBJECTID_2": 113, "OBJECTID": 113, "BANDWIDTH": 88, "FROM_": "KABWE", "Source": "IBRD archive IBRD #29233, Dec 1997; Ministry of Mines and Mineral Development; ZESCO", "TO_": "KAPIRIMPOSHI", "regional": null, "project": null, "AICDstatus": "Existing", "COUNTRY": "ZMB", "AICD": 1.000000, "CNTRY_NAME": "ZAMBIA", "PNUMBER": null, "VOLTAGE_KV": 88, "FROM_NM": "KABWE", "TO_NM": "KAPIRIMPOSHI", "STATUS": "Existing", "SOURCES": "IBRD archive IBRD #29233, Dec 1997; Ministry of Mines and Mineral Development; ZESCO", "PROJECT_NM": null, "id": null, "power": null, "name": null, "voltage": null, "operator": null, "cables": 0, "wires": null, "Shape_Leng": 0.383680, "Shape_Le_1": 43365.676100, "Shape_Le_2": 43365.676100 }, "geometry": { "type": "MultiLineString", "coordinates": [ [ [ 28.461399998529679, -14.257700000231601 ], [ 28.561099998241406, -14.211899999200702 ], [ 28.683299999364866, -13.966699998659296 ] ] ] } },
{ "type": "Feature", "properties": { "OBJECTID_1": 11, "OBJECTID_2": 114, "OBJECTID": 114, "BANDWIDTH": 88, "FROM_": "MUZUMA SS", "Source": "IBRD archive IBRD #29233, Dec 1997; Ministry of Mines and Mineral Development; ZESCO", "TO_": "MAAMBA", "regional": null, "project": null, "AICDstatus": "Existing", "COUNTRY": "ZMB", "AICD": 1.000000, "CNTRY_NAME": "ZAMBIA", "PNUMBER": null, "VOLTAGE_KV": 88, "FROM_NM": "MUZUMA SS", "TO_NM": "MAAMBA", "STATUS": "Existing", "SOURCES": "IBRD archive IBRD #29233, Dec 1997; Ministry of Mines and Mineral Development; ZESCO", "PROJECT_NM": null, "id": null, "power": null, "name": null, "voltage": null, "operator": null, "cables": 0, "wires": null, "Shape_Leng": 0.481020, "Shape_Le_1": 55579.313082, "Shape_Le_2": 55579.313082 }, "geometry": { "type": "MultiLineString", "coordinates": [ [ [ 27.115600001310732, -16.883900001461395 ], [ 27.224199999512766, -17.35249999871661 ] ] ] } },
{ "type": "Feature", "properties": { "OBJECTID_1": 12, "OBJECTID_2": 115, "OBJECTID": 115, "BANDWIDTH": 220, "FROM_": "LIVINGSTONE", "Source": "IBRD archive IBRD #29233, Dec 1997; Ministry of Mines and Mineral Development; ZESCO", "TO_": "MUZUMA SS", "regional": "SAPP", "project": null, "AICDstatus": "Existing", "COUNTRY": "ZMB", "AICD": 1.000000, "CNTRY_NAME": "ZAMBIA", "PNUMBER": null, "VOLTAGE_KV": 220, "FROM_NM": "LIVINGSTONE", "TO_NM": "MUZUMA SS", "STATUS": "Existing", "SOURCES": "IBRD archive IBRD #29233, Dec 1997; Ministry of Mines and Mineral Development; ZESCO", "PROJECT_NM": null, "id": null, "power": null, "name": null, "voltage": null, "operator": null, "cables": 0, "wires": null, "Shape_Leng": 1.649191, "Shape_Le_1": 186899.552283, "Shape_Le_2": 186899.552283 }, "geometry": { "type": "MultiLineString", "coordinates": [ [ [ 25.879299998325873, -17.857700001802481 ], [ 26.083799999518607, -17.891199998173821 ], [ 27.115600001310732, -16.883900001461395 ] ] ] } },
{ "type": "Feature", "properties": { "OBJECTID_1": 13, "OBJECTID_2": 116, "OBJECTID": 116, "BANDWIDTH": 220, "FROM_": "MUZUMA SS", "Source": "IBRD archive IBRD #29233, Dec 1997; Ministry of Mines and Mineral Development; ZESCO", "TO_": "KAFUE WEST", "regional": "SAPP", "project": null, "AICDstatus": "Existing", "COUNTRY": "ZMB", "AICD": 1.000000, "CNTRY_NAME": "ZAMBIA", "PNUMBER": null, "VOLTAGE_KV": 220, "FROM_NM": "MUZUMA SS", "TO_NM": "KAFUE WEST", "STATUS": "Existing", "SOURCES": "IBRD archive IBRD #29233, Dec 1997; Ministry of Mines and Mineral Development; ZESCO", "PROJECT_NM": null, "id": null, "power": null, "name": null, "voltage": null, "operator": null, "cables": 0, "wires": null, "Shape_Leng": 1.545354, "Shape_Le_1": 175255.882021, "Shape_Le_2": 175255.882021 }, "geometry": { "type": "MultiLineString", "coordinates": [ [ [ 27.115600001310732, -16.883900001461395 ], [ 28.18329999933465, -15.76669999928742 ] ] ] } },
{ "type": "Feature", "properties": { "OBJECTID_1": 14, "OBJECTID_2": 640, "OBJECTID": 640, "BANDWIDTH": 132, "FROM_": "LUBUMBASHI", "Source": "WB map archive IBRD #35198; Apr 2007", "TO_": "KITWE", "regional": null, "project": null, "AICDstatus": "Existing", "COUNTRY": "ZAR", "AICD": 1.000000, "CNTRY_NAME": "CONGO, DEM REP", "PNUMBER": null, "VOLTAGE_KV": 132, "FROM_NM": "LUBUMBASHI", "TO_NM": "KITWE", "STATUS": "Existing", "SOURCES": "WB map archive IBRD #35198; Apr 2007", "PROJECT_NM": null, "id": null, "power": null, "name": null, "voltage": null, "operator": null, "cables": 0, "wires": null, "Shape_Leng": 0.834265, "Shape_Le_1": 93967.997164, "Shape_Le_2": 2.331543 }, "geometry": { "type": "MultiLineString", "coordinates": [ [ [ 27.827790117659976, -12.231181833619518 ], [ 27.827799998229786, -12.23119999816187 ] ] ] } },
{ "type": "Feature", "properties": { "OBJECTID_1": 15, "OBJECTID_2": 641, "OBJECTID": 641, "BANDWIDTH": 220, "FROM_": "LUANO SS", "Source": "IBRD archive IBRD #29233, Dec 1997; Ministry of Mines and Mineral Development; ZESCO", "TO_": "MICHELO SS", "regional": "EAPP", "project": null, "AICDstatus": "Existing", "COUNTRY": "ZMB", "AICD": 1.000000, "CNTRY_NAME": "ZAMBIA", "PNUMBER": null, "VOLTAGE_KV": 220, "FROM_NM": "LUANO SS", "TO_NM": "MICHELO SS", "STATUS": "Existing", "SOURCES": "IBRD archive IBRD #29233, Dec 1997; Ministry of Mines and Mineral Development; ZESCO", "PROJECT_NM": null, "id": null, "power": null, "name": null, "voltage": null, "operator": null, "cables": 0, "wires": null, "Shape_Leng": 0.402653, "Shape_Le_1": 45487.349703, "Shape_Le_2": 45487.349703 }, "geometry": { "type": "MultiLineString", "coordinates": [ [ [ 27.827799998229786, -12.23119999816187 ], [ 27.910500001027113, -12.38349999882629 ], [ 27.980200000054335, -12.602000002140334 ] ] ] } },
{ "type": "Feature", "properties": { "OBJECTID_1": 16, "OBJECTID_2": 657, "OBJECTID": 657, "BANDWIDTH": 132, "FROM_": null, "Source": "BPA 2006 Annual Report", "TO_": null, "regional": null, "project": null, "AICDstatus": "Existing", "COUNTRY": "ZMB", "AICD": 1.000000, "CNTRY_NAME": "ZAMBIA", "PNUMBER": null, "VOLTAGE_KV": 132, "FROM_NM": null, "TO_NM": null, "STATUS": "Existing", "SOURCES": "BPA 2006 Annual Report", "PROJECT_NM": null, "id": null, "power": null, "name": null, "voltage": null, "operator": null, "cables": 0, "wires": null, "Shape_Leng": 0.208667, "Shape_Le_1": 23737.574035, "Shape_Le_2": 23737.574035 }, "geometry": { "type": "MultiLineString", "coordinates": [ [ [ 25.327599998960494, -17.711800001761098 ], [ 25.401099998301994, -17.638300002006414 ] ], [ [ 25.253499999569385, -17.78579999866686 ], [ 25.327599998960494, -17.711800001761098 ] ] ] } },
{ "type": "Feature", "properties": { "OBJECTID_1": 17, "OBJECTID_2": 741, "OBJECTID": 741, "BANDWIDTH": 330, "FROM_": "KARIBA SOUTH", "Source": "map from ZESA Presentation on POWER GENERATION OPTIONS, SAPP website", "TO_": "ALASKA", "regional": null, "project": null, "AICDstatus": "Existing", "COUNTRY": "ZMB", "AICD": 1.000000, "CNTRY_NAME": "ZAMBIA", "PNUMBER": null, "VOLTAGE_KV": 330, "FROM_NM": "KARIBA SOUTH", "TO_NM": "ALASKA", "STATUS": "Existing", "SOURCES": "map from ZESA Presentation on POWER GENERATION OPTIONS, SAPP website", "PROJECT_NM": null, "id": null, "power": null, "name": null, "voltage": null, "operator": null, "cables": 0, "wires": null, "Shape_Leng": 0.022319, "Shape_Le_1": 2485.503708, "Shape_Le_2": 2484.049193 }, "geometry": { "type": "MultiLineString", "coordinates": [ [ [ 28.758299999279547, -16.51669999972129 ], [ 28.780487006985023, -16.514401347760693 ] ] ] } },
{ "type": "Feature", "properties": { "OBJECTID_1": 18, "OBJECTID_2": 837, "OBJECTID": 838, "BANDWIDTH": 220, "FROM_": null, "Source": "GISPrimaryConductorPath.shp downloaded from NamPower website, Sep 2009", "TO_": null, "regional": "NAMPOWER", "project": null, "AICDstatus": "Existing", "COUNTRY": "NAM", "AICD": 1.000000, "CNTRY_NAME": "NAMIBIA", "PNUMBER": null, "VOLTAGE_KV": 220, "FROM_NM": null, "TO_NM": null, "STATUS": "Existing", "SOURCES": "GISPrimaryConductorPath.shp downloaded from NamPower website, Sep 2009", "PROJECT_NM": null, "id": null, "power": null, "name": null, "voltage": null, "operator": null, "cables": 0, "wires": null, "Shape_Leng": 0.027541, "Shape_Le_1": 3164.285938, "Shape_Le_2": 0.256136 }, "geometry": { "type": "MultiLineString", "coordinates": [ [ [ 24.239798910965252, -17.478001946218686 ], [ 24.239799998825074, -17.478000000468125 ] ] ] } },
{ "type": "Feature", "properties": { "OBJECTID_1": 19, "OBJECTID_2": 888, "OBJECTID": 896, "BANDWIDTH": 132, "FROM_": null, "Source": "BPA 2006 Annual Report", "TO_": null, "regional": null, "project": null, "AICDstatus": "Existing", "COUNTRY": "NAM", "AICD": 1.000000, "CNTRY_NAME": "NAMIBIA", "PNUMBER": null, "VOLTAGE_KV": 132, "FROM_NM": null, "TO_NM": null, "STATUS": "Existing", "SOURCES": "BPA 2006 Annual Report", "PROJECT_NM": null, "id": null, "power": null, "name": null, "voltage": null, "operator": null, "cables": 0, "wires": null, "Shape_Leng": 0.000224, "Shape_Le_1": 25.767896, "Shape_Le_2": 24.080316 }, "geometry": { "type": "MultiLineString", "coordinates": [ [ [ 25.253406550525327, -17.785986900111077 ], [ 25.253499999569385, -17.78579999866686 ] ] ] } },
{ "type": "Feature", "properties": { "OBJECTID_1": 20, "OBJECTID_2": 903, "OBJECTID": 914, "BANDWIDTH": 330, "FROM_": "LUSAKA", "Source": "IBRD archive IBRD #29233, Dec 1997; Ministry of Mines and Mineral Development; ZESCO", "TO_": "KAFUE GORGE PP", "regional": "SAPP", "project": null, "AICDstatus": "Existing", "COUNTRY": "ZMB", "AICD": 1.000000, "CNTRY_NAME": "ZAMBIA", "PNUMBER": null, "VOLTAGE_KV": 330, "FROM_NM": "LUSAKA", "TO_NM": "KAFUE GORGE PP", "STATUS": "Existing", "SOURCES": "IBRD archive IBRD #29233, Dec 1997; Ministry of Mines and Mineral Development; ZESCO", "PROJECT_NM": null, "id": null, "power": null, "name": null, "voltage": null, "operator": null, "cables": 0, "wires": null, "Shape_Leng": 0.518141, "Shape_Le_1": 59316.518234, "Shape_Le_2": 59316.518234 }, "geometry": { "type": "MultiLineString", "coordinates": [ [ [ 28.420600000545182, -15.80799999801568 ], [ 28.443199999719376, -15.798000000630514 ], [ 28.542300001178127, -15.338399998698373 ], [ 28.525699998906905, -15.322099998487223 ] ] ] } },
{ "type": "Feature", "properties": { "OBJECTID_1": 21, "OBJECTID_2": 904, "OBJECTID": 915, "BANDWIDTH": 330, "FROM_": "LUSAKA", "Source": "IBRD archive IBRD #29233, Dec 1997; Ministry of Mines and Mineral Development; ZESCO", "TO_": "KARIBA NORTH PP", "regional": "SAPP", "project": null, "AICDstatus": "Existing", "COUNTRY": "ZMB", "AICD": 1.000000, "CNTRY_NAME": "ZAMBIA", "PNUMBER": null, "VOLTAGE_KV": 330, "FROM_NM": "LUSAKA", "TO_NM": "KARIBA NORTH PP", "STATUS": "Existing", "SOURCES": "IBRD archive IBRD #29233, Dec 1997; Ministry of Mines and Mineral Development; ZESCO", "PROJECT_NM": null, "id": null, "power": null, "name": null, "voltage": null, "operator": null, "cables": 0, "wires": null, "Shape_Leng": 1.267051, "Shape_Le_1": 145442.369583, "Shape_Le_2": 145442.369583 }, "geometry": { "type": "MultiLineString", "coordinates": [ [ [ 28.525699998906905, -15.322099998487223 ], [ 28.56619999911236, -15.31500000108854 ], [ 28.774999998414938, -16.496100000639537 ], [ 28.758299999279547, -16.51669999972129 ] ] ] } },
{ "type": "Feature", "properties": { "OBJECTID_1": 22, "OBJECTID_2": 905, "OBJECTID": 916, "BANDWIDTH": 330, "FROM_": "NAMPUNDWE", "Source": "IBRD archive IBRD #29233, Dec 1997; Ministry of Mines and Mineral Development; ZESCO", "TO_": "KAFUE GORGE", "regional": "SAPP", "project": null, "AICDstatus": "Existing", "COUNTRY": "ZMB", "AICD": 1.000000, "CNTRY_NAME": "ZAMBIA", "PNUMBER": null, "VOLTAGE_KV": 330, "FROM_NM": "NAMPUNDWE", "TO_NM": "KAFUE GORGE", "STATUS": "Existing", "SOURCES": "IBRD archive IBRD #29233, Dec 1997; Ministry of Mines and Mineral Development; ZESCO", "PROJECT_NM": null, "id": null, "power": null, "name": null, "voltage": null, "operator": null, "cables": 0, "wires": null, "Shape_Leng": 0.660926, "Shape_Le_1": 74656.728886, "Shape_Le_2": 74656.728886 }, "geometry": { "type": "MultiLineString", "coordinates": [ [ [ 27.994399998533776, -15.62660000119978 ], [ 28.046799998375967, -15.87999999854088 ], [ 28.343400001346854, -15.87999999854088 ], [ 28.420600000545182, -15.80799999801568 ] ] ] } },
{ "type": "Feature", "properties": { "OBJECTID_1": 23, "OBJECTID_2": 906, "OBJECTID": 917, "BANDWIDTH": 330, "FROM_": "LUSAKA", "Source": "IBRD archive IBRD #29233, Dec 1997; Ministry of Mines and Mineral Development; ZESCO", "TO_": "KABWE", "regional": "SAPP", "project": null, "AICDstatus": "Existing", "COUNTRY": "ZMB", "AICD": 1.000000, "CNTRY_NAME": "ZAMBIA", "PNUMBER": null, "VOLTAGE_KV": 330, "FROM_NM": "LUSAKA", "TO_NM": "KABWE", "STATUS": "Existing", "SOURCES": "IBRD archive IBRD #29233, Dec 1997; Ministry of Mines and Mineral Development; ZESCO", "PROJECT_NM": null, "id": null, "power": null, "name": null, "voltage": null, "operator": null, "cables": 0, "wires": null, "Shape_Leng": 1.050690, "Shape_Le_1": 120203.759692, "Shape_Le_2": 120203.759692 }, "geometry": { "type": "MultiLineString", "coordinates": [ [ [ 28.458799999212943, -14.269900001671511 ], [ 28.526599999430477, -15.318399998939245 ] ] ] } },
{ "type": "Feature", "properties": { "OBJECTID_1": 24, "OBJECTID_2": 907, "OBJECTID": 918, "BANDWIDTH": 330, "FROM_": "LUSAKA", "Source": "IBRD archive IBRD #29233, Dec 1997; Ministry of Mines and Mineral Development; ZESCO", "TO_": "KABWE", "regional": "SAPP", "project": null, "AICDstatus": "Existing", "COUNTRY": "ZMB", "AICD": 1.000000, "CNTRY_NAME": "ZAMBIA", "PNUMBER": null, "VOLTAGE_KV": 330, "FROM_NM": "LUSAKA", "TO_NM": "KABWE", "STATUS": "Existing", "SOURCES": "IBRD archive IBRD #29233, Dec 1997; Ministry of Mines and Mineral Development; ZESCO", "PROJECT_NM": null, "id": null, "power": null, "name": null, "voltage": null, "operator": null, "cables": 0, "wires": null, "Shape_Leng": 1.067460, "Shape_Le_1": 122034.674737, "Shape_Le_2": 122034.674737 }, "geometry": { "type": "MultiLineString", "coordinates": [ [ [ 28.458799999212943, -14.269900001671511 ], [ 28.440000001251359, -14.289700001664663 ], [ 28.505299999914655, -15.298799999402123 ], [ 28.526599999430477, -15.318399998939245 ] ] ] } },
{ "type": "Feature", "properties": { "OBJECTID_1": 25, "OBJECTID_2": 908, "OBJECTID": 919, "BANDWIDTH": 330, "FROM_": "LUSAKA", "Source": "IBRD archive IBRD #29233, Dec 1997; Ministry of Mines and Mineral Development; ZESCO", "TO_": "KABWE", "regional": "SAPP", "project": null, "AICDstatus": "Existing", "COUNTRY": "ZMB", "AICD": 1.000000, "CNTRY_NAME": "ZAMBIA", "PNUMBER": null, "VOLTAGE_KV": 330, "FROM_NM": "LUSAKA", "TO_NM": "KABWE", "STATUS": "Existing", "SOURCES": "IBRD archive IBRD #29233, Dec 1997; Ministry of Mines and Mineral Development; ZESCO", "PROJECT_NM": null, "id": null, "power": null, "name": null, "voltage": null, "operator": null, "cables": 0, "wires": null, "Shape_Leng": 1.067229, "Shape_Le_1": 122010.410418, "Shape_Le_2": 122010.410418 }, "geometry": { "type": "MultiLineString", "coordinates": [ [ [ 28.458799999212943, -14.269900001671511 ], [ 28.480000000068003, -14.287500001061913 ], [ 28.54520000186713, -15.295800000662203 ], [ 28.526599999430477, -15.318399998939245 ] ] ] } },
{ "type": "Feature", "properties": { "OBJECTID_1": 26, "OBJECTID_2": 909, "OBJECTID": 920, "BANDWIDTH": 330, "FROM_": "KABWE", "Source": "IBRD archive IBRD #29233, Dec 1997; Ministry of Mines and Mineral Development; ZESCO", "TO_": "LUANO", "regional": "SAPP", "project": null, "AICDstatus": "Existing", "COUNTRY": "ZMB", "AICD": 1.000000, "CNTRY_NAME": "ZAMBIA", "PNUMBER": null, "VOLTAGE_KV": 330, "FROM_NM": "KABWE", "TO_NM": "LUANO", "STATUS": "Existing", "SOURCES": "IBRD archive IBRD #29233, Dec 1997; Ministry of Mines and Mineral Development; ZESCO", "PROJECT_NM": null, "id": null, "power": null, "name": null, "voltage": null, "operator": null, "cables": 0, "wires": null, "Shape_Leng": 2.020940, "Shape_Le_1": 228597.739956, "Shape_Le_2": 228597.739956 }, "geometry": { "type": "MultiLineString", "coordinates": [ [ [ 27.979100000412512, -12.602000002140334 ], [ 27.999899998539522, -12.602000002140334 ], [ 28.524200000130318, -12.87919999993955 ], [ 28.524900000637349, -12.975200001095684 ], [ 28.531700000301431, -13.889699999277452 ], [ 28.531899999419679, -13.920899998529663 ], [ 28.533799998229327, -14.175799999071321 ], [ 28.486000001462529, -14.24040000159942 ], [ 28.461399998529679, -14.257700000231601 ] ] ] } },
{ "type": "Feature", "properties": { "OBJECTID_1": 27, "OBJECTID_2": 910, "OBJECTID": 921, "BANDWIDTH": 330, "FROM_": "KABWE", "Source": "WB map archive IBRD #29233; Dec 1997", "TO_": "KITWE", "regional": "SAPP", "project": null, "AICDstatus": "Existing", "COUNTRY": "ZMB", "AICD": 0.000000, "CNTRY_NAME": "ZAMBIA", "PNUMBER": null, "VOLTAGE_KV": 330, "FROM_NM": "KABWE", "TO_NM": "KITWE", "STATUS": "Existing", "SOURCES": "WB map archive IBRD #29233; Dec 1997", "PROJECT_NM": null, "id": null, "power": null, "name": null, "voltage": null, "operator": null, "cables": 0, "wires": null, "Shape_Leng": 1.609979, "Shape_Le_1": 182615.632464, "Shape_Le_2": 182615.632464 }, "geometry": { "type": "MultiLineString", "coordinates": [ [ [ 28.199999999368334, -12.816700000018812 ], [ 28.460900001632421, -12.930599998964988 ], [ 28.461399998529679, -14.255899999335035 ] ] ] } },
{ "type": "Feature", "properties": { "OBJECTID_1": 28, "OBJECTID_2": 911, "OBJECTID": 922, "BANDWIDTH": 330, "FROM_": "KABWE", "Source": "IBRD archive IBRD #29233, Dec 1997; Ministry of Mines and Mineral Development; ZESCO", "TO_": "KITWE", "regional": "SAPP", "project": null, "AICDstatus": "Existing", "COUNTRY": "ZMB", "AICD": 0.000000, "CNTRY_NAME": "ZAMBIA", "PNUMBER": null, "VOLTAGE_KV": 330, "FROM_NM": "KABWE", "TO_NM": "KITWE", "STATUS": "Existing", "SOURCES": "IBRD archive IBRD #29233, Dec 1997; Ministry of Mines and Mineral Development; ZESCO", "PROJECT_NM": null, "id": null, "power": null, "name": null, "voltage": null, "operator": null, "cables": 0, "wires": null, "Shape_Leng": 1.594373, "Shape_Le_1": 180867.336470, "Shape_Le_2": 180867.336470 }, "geometry": { "type": "MultiLineString", "coordinates": [ [ [ 28.199999999368334, -12.816700000018812 ], [ 28.442400000551523, -12.945799999142437 ], [ 28.441399998672196, -14.236099999631492 ], [ 28.461399998529679, -14.257700000231601 ] ] ] } },
{ "type": "Feature", "properties": { "OBJECTID_1": 29, "OBJECTID_2": 912, "OBJECTID": 923, "BANDWIDTH": 330, "FROM_": "Kitwe", "Source": "IBRD archive IBRD #29233, Dec 1997; Ministry of Mines and Mineral Development; ZESCO", "TO_": "Luano", "regional": null, "project": null, "AICDstatus": "Existing", "COUNTRY": "ZMB", "AICD": 0.000000, "CNTRY_NAME": "ZAMBIA", "PNUMBER": null, "VOLTAGE_KV": 330, "FROM_NM": "Kitwe", "TO_NM": "Luano", "STATUS": "Existing", "SOURCES": "IBRD archive IBRD #29233, Dec 1997; Ministry of Mines and Mineral Development; ZESCO", "PROJECT_NM": null, "id": null, "power": null, "name": null, "voltage": null, "operator": null, "cables": 0, "wires": null, "Shape_Leng": 0.307259, "Shape_Le_1": 34515.762925, "Shape_Le_2": 34515.762925 }, "geometry": { "type": "MultiLineString", "coordinates": [ [ [ 27.980200000054335, -12.602000002140334 ], [ 28.199999999368334, -12.816700000018812 ] ] ] } },
{ "type": "Feature", "properties": { "OBJECTID_1": 30, "OBJECTID_2": 957, "OBJECTID": 968, "BANDWIDTH": 88, "FROM_": "KAPIRIMPOSHI", "Source": "IBRD archive IBRD #29233, Dec 1997; Ministry of Mines and Mineral Development; ZESCO", "TO_": "MPONGWE", "regional": null, "project": null, "AICDstatus": "Existing", "COUNTRY": "ZMB", "AICD": 1.000000, "CNTRY_NAME": "ZAMBIA", "PNUMBER": null, "VOLTAGE_KV": 88, "FROM_NM": "KAPIRIMPOSHI", "TO_NM": "MPONGWE", "STATUS": "Existing", "SOURCES": "IBRD archive IBRD #29233, Dec 1997; Ministry of Mines and Mineral Development; ZESCO", "PROJECT_NM": null, "id": null, "power": null, "name": null, "voltage": null, "operator": null, "cables": 0, "wires": null, "Shape_Leng": 0.927418, "Shape_Le_1": 104257.328037, "Shape_Le_2": 104257.328037 }, "geometry": { "type": "MultiLineString", "coordinates": [ [ [ 28.143500000534555, -13.524099997834719 ], [ 28.356500000184504, -13.585999999099247 ], [ 28.356500000184504, -13.964800000372488 ], [ 28.683299999364866, -13.966699998659296 ] ] ] } },
{ "type": "Feature", "properties": { "OBJECTID_1": 31, "OBJECTID_2": 958, "OBJECTID": 969, "BANDWIDTH": 88, "FROM_": "MPONGWE", "Source": "IBRD archive IBRD #29233, Dec 1997; Ministry of Mines and Mineral Development; ZESCO", "TO_": "MUNKUMPU", "regional": null, "project": null, "AICDstatus": "Existing", "COUNTRY": "ZMB", "AICD": 1.000000, "CNTRY_NAME": "ZAMBIA", "PNUMBER": null, "VOLTAGE_KV": 88, "FROM_NM": "MPONGWE", "TO_NM": "MUNKUMPU", "STATUS": "Existing", "SOURCES": "IBRD archive IBRD #29233, Dec 1997; Ministry of Mines and Mineral Development; ZESCO", "PROJECT_NM": null, "id": null, "power": null, "name": null, "voltage": null, "operator": null, "cables": 0, "wires": null, "Shape_Leng": 0.329811, "Shape_Le_1": 36752.379017, "Shape_Le_2": 36752.379017 }, "geometry": { "type": "MultiLineString", "coordinates": [ [ [ 27.821400001293757, -13.594999999079262 ], [ 28.143500000534555, -13.524099997834719 ] ] ] } },
{ "type": "Feature", "properties": { "OBJECTID_1": 32, "OBJECTID_2": 987, "OBJECTID": 6297, "BANDWIDTH": 0, "FROM_": null, "Source": null, "TO_": null, "regional": null, "project": null, "AICDstatus": null, "COUNTRY": null, "AICD": 0.000000, "CNTRY_NAME": null, "PNUMBER": null, "VOLTAGE_KV": 0, "FROM_NM": null, "TO_NM": null, "STATUS": null, "SOURCES": null, "PROJECT_NM": null, "id": null, "power": "line", "name": null, "voltage": "220000", "operator": null, "cables": 3, "wires": null, "Shape_Leng": 0.000700, "Shape_Le_1": 80.462600, "Shape_Le_2": 80.462600 }, "geometry": { "type": "MultiLineString", "coordinates": [ [ [ 28.162399999851889, -15.753300000059802 ], [ 28.162399999851889, -15.75400000053118 ] ] ] } },
{ "type": "Feature", "properties": { "OBJECTID_1": 33, "OBJECTID_2": 990, "OBJECTID": 6464, "BANDWIDTH": 0, "FROM_": null, "Source": null, "TO_": null, "regional": null, "project": null, "AICDstatus": null, "COUNTRY": null, "AICD": 0.000000, "CNTRY_NAME": null, "PNUMBER": null, "VOLTAGE_KV": 0, "FROM_NM": null, "TO_NM": null, "STATUS": null, "SOURCES": null, "PROJECT_NM": null, "id": null, "power": "line", "name": null, "voltage": "132000", "operator": null, "cables": 3, "wires": null, "Shape_Leng": 0.199848, "Shape_Le_1": 22266.801698, "Shape_Le_2": 22266.801698 }, "geometry": { "type": "MultiLineString", "coordinates": [ [ [ 28.513500001491156, -15.472699999566547 ], [ 28.513300001474612, -15.472699999566547 ], [ 28.511500001325725, -15.472699999566547 ], [ 28.509399998906279, -15.472699999566547 ], [ 28.5071999987243, -15.472699999566547 ], [ 28.505100000796407, -15.472699999566547 ], [ 28.502599999242197, -15.472699999566547 ], [ 28.500599999076766, -15.472699999566547 ], [ 28.448100000573781, -15.469300001467454 ], [ 28.387800000527385, -15.465300000768316 ], [ 28.351599998431773, -15.462900001133571 ], [ 28.342000000332732, -15.462299999221251 ], [ 28.317200000976595, -15.450800001416123 ], [ 28.316599998232029, -15.450499999932685 ] ] ] } },
{ "type": "Feature", "properties": { "OBJECTID_1": 34, "OBJECTID_2": 1272, "OBJECTID": 26663, "BANDWIDTH": 0, "FROM_": null, "Source": null, "TO_": null, "regional": null, "project": null, "AICDstatus": null, "COUNTRY": null, "AICD": 0.000000, "CNTRY_NAME": null, "PNUMBER": null, "VOLTAGE_KV": 0, "FROM_NM": null, "TO_NM": null, "STATUS": null, "SOURCES": null, "PROJECT_NM": null, "id": null, "power": "line", "name": null, "voltage": "330000", "operator": null, "cables": 3, "wires": null, "Shape_Leng": 0.280221, "Shape_Le_1": 31635.527876, "Shape_Le_2": 31635.527876 }, "geometry": { "type": "MultiLineString", "coordinates": [ [ [ 28.216600000741259, -12.579100001903724 ], [ 28.216600000741259, -12.579599999058379 ], [ 28.217099998536813, -12.591600001027226 ], [ 28.217900000399627, -12.612900000438989 ], [ 28.210499997990983, -12.63170000125924 ], [ 28.198800001065752, -12.66149999906791 ], [ 28.173599998981562, -12.671100001372523 ], [ 28.173199999846801, -12.671799998509941 ], [ 28.173500001219061, -12.674800000851585 ], [ 28.17999999951088, -12.701599999991224 ], [ 28.189300000729176, -12.74010000034192 ], [ 28.229699998680612, -12.798900000552036 ], [ 28.238600000764141, -12.811900000701362 ], [ 28.240299999557276, -12.814399998754761 ], [ 28.242199998366956, -12.815699998249956 ], [ 28.243000001128067, -12.816700000018812 ], [ 28.243200000246283, -12.817000001528459 ], [ 28.243599999381047, -12.817600000817306 ], [ 28.243000001128067, -12.818100001910315 ], [ 28.243400000262827, -12.818599999353319 ] ] ] } },
{ "type": "Feature", "properties": { "OBJECTID_1": 35, "OBJECTID_2": 1273, "OBJECTID": 26664, "BANDWIDTH": 0, "FROM_": null, "Source": null, "TO_": null, "regional": null, "project": null, "AICDstatus": null, "COUNTRY": null, "AICD": 0.000000, "CNTRY_NAME": null, "PNUMBER": null, "VOLTAGE_KV": 0, "FROM_NM": null, "TO_NM": null, "STATUS": null, "SOURCES": null, "PROJECT_NM": null, "id": null, "power": "line", "name": null, "voltage": "220000", "operator": null, "cables": 3, "wires": null, "Shape_Leng": 0.368414, "Shape_Le_1": 41332.959448, "Shape_Le_2": 41332.959448 }, "geometry": { "type": "MultiLineString", "coordinates": [ [ [ 28.243000001128067, -12.817200001158385 ], [ 28.242699999755764, -12.816700000018812 ], [ 28.242199998366956, -12.816300000675326 ], [ 28.24010000043906, -12.814599998712486 ], [ 28.238400000747596, -12.812100000906026 ], [ 28.188999999356909, -12.740200001909896 ], [ 28.180100001764931, -12.703099999306376 ], [ 28.173700001235609, -12.67680000105997 ], [ 28.172400001577273, -12.671399999376092 ], [ 28.156300000694863, -12.665500000047727 ], [ 28.120800000004607, -12.652600001509812 ], [ 28.102600001194304, -12.646000001247566 ], [ 28.020500000243242, -12.61589999859431 ], [ 28.004400000259164, -12.609999999734976 ], [ 27.989500001272624, -12.604499999062703 ], [ 27.986600000583621, -12.603500001493209 ], [ 27.984299999045923, -12.602600000654538 ], [ 27.98180000108497, -12.601700000144 ], [ 27.981699999729219, -12.602200001214936 ] ] ] } },
{ "type": "Feature", "properties": { "OBJECTID_1": 36, "OBJECTID_2": 1472, "OBJECTID": 29777, "BANDWIDTH": 0, "FROM_": null, "Source": null, "TO_": null, "regional": null, "project": null, "AICDstatus": null, "COUNTRY": null, "AICD": 0.000000, "CNTRY_NAME": null, "PNUMBER": null, "VOLTAGE_KV": 0, "FROM_NM": null, "TO_NM": null, "STATUS": null, "SOURCES": null, "PROJECT_NM": null, "id": null, "power": "line", "name": null, "voltage": "330000", "operator": "Zesco", "cables": 3, "wires": null, "Shape_Leng": 1.105592, "Shape_Le_1": 126852.545564, "Shape_Le_2": 126852.545564 }, "geometry": { "type": "MultiLineString", "coordinates": [ [ [ 28.515799999435565, -15.471299998177139 ], [ 28.515799999435565, -15.472100001140598 ], [ 28.515799999435565, -15.474899999927626 ], [ 28.515799999435565, -15.479400001160812 ], [ 28.515700001673103, -15.482400000072023 ], [ 28.515700001673103, -15.485800001511272 ], [ 28.515599999419052, -15.489399999560202 ], [ 28.515500001656555, -15.493299998711239 ], [ 28.515400000300804, -15.497499998303482 ], [ 28.515299998046757, -15.501600000671306 ], [ 28.51460000113298, -15.547400001025702 ], [ 28.51460000113298, -15.551800001819487 ], [ 28.514400002014732, -15.565099999625954 ], [ 28.514199998404933, -15.57329999992076 ], [ 28.514199998404933, -15.577300000522129 ], [ 28.514199998404933, -15.579199999734108 ], [ 28.514100000642468, -15.582800000974739 ], [ 28.513999998388385, -15.586300000353548 ], [ 28.513999998388385, -15.589600000486872 ], [ 28.539900000979635, -15.711899999434506 ], [ 28.542800001668638, -15.72560000062701 ], [ 28.556299999641055, -15.789299998691103 ], [ 28.558899998957759, -15.801500000370343 ], [ 28.562800001526092, -15.820000000010898 ], [ 28.568599999310848, -15.847500000483235 ], [ 28.569800000308426, -15.852800000693625 ], [ 28.57129999998331, -15.857900000836686 ], [ 28.572399999625134, -15.8614000007725 ], [ 28.59050000067294, -15.87040000063355 ], [ 28.595699999306387, -15.872800000052246 ], [ 28.604699999152416, -15.886599999221243 ], [ 28.608800001737293, -15.898800000416886 ], [ 28.611099999681734, -15.90540000020089 ], [ 28.630699999506128, -15.936599999648401 ], [ 28.636999998679695, -15.946600001445681 ], [ 28.649500001060996, -15.966400001245404 ], [ 28.660900000207182, -15.984400000409037 ], [ 28.674199998163086, -16.005500000214383 ], [ 28.687600001966292, -16.026599999088898 ], [ 28.692899998362201, -16.084199998185554 ], [ 28.694299999376288, -16.098799999622486 ], [ 28.698399998367915, -16.142599999480897 ], [ 28.706300001267078, -16.227200001652914 ], [ 28.706700001300174, -16.231199998092336 ], [ 28.707100000434931, -16.235199999019382 ], [ 28.707499999569691, -16.239399999004334 ], [ 28.707800000941997, -16.243400000380106 ], [ 28.708200000076754, -16.247400000965939 ], [ 28.708599999211515, -16.251400001606584 ], [ 28.708999999244611, -16.25519999899625 ], [ 28.709300000616874, -16.258900002068451 ], [ 28.709699999751642, -16.262899998291047 ], [ 28.710000001123941, -16.266800001393463 ], [ 28.710400000258698, -16.271000001538756 ], [ 28.710799999393465, -16.275100000001242 ], [ 28.711100000765764, -16.279100000496875 ], [ 28.711599998561319, -16.283599999226009 ], [ 28.711800001272788, -16.286600001340865 ], [ 28.712200001305884, -16.290600002165331 ], [ 28.712600000440641, -16.294500000576608 ], [ 28.713199999591957, -16.301699999661356 ], [ 28.713599998726714, -16.305799998123536 ], [ 28.714000001454764, -16.309700000837442 ], [ 28.714400000589531, -16.313900001569788 ], [ 28.714800000622585, -16.317999999949933 ], [ 28.715199999757385, -16.322599999823559 ], [ 28.715599998892149, -16.326999999236385 ], [ 28.715900000264416, -16.329999998086645 ], [ 28.716200001636714, -16.333599999569824 ], [ 28.716600000771475, -16.337799999611622 ], [ 28.716899998550481, -16.341499999313385 ], [ 28.717300001278538, -16.345400001458785 ], [ 28.717599999057548, -16.348700001562122 ], [ 28.717900000429843, -16.351399999168823 ], [ 28.718299999564604, -16.35610000035393 ], [ 28.71860000093687, -16.359499998530399 ], [ 28.719000000071635, -16.363800000506295 ], [ 28.719400000104731, -16.367899998973918 ], [ 28.719799999239491, -16.371700000189552 ], [ 28.720199998374248, -16.375700000463222 ], [ 28.720499999746554, -16.379700000918323 ], [ 28.72120000025361, -16.386700000347421 ], [ 28.721599999388378, -16.390799999530799 ], [ 28.721900000760645, -16.394800000115513 ], [ 28.72230000079373, -16.398499998968529 ], [ 28.722699999928498, -16.40260000159488 ], [ 28.723099999063258, -16.406599998680708 ], [ 28.723499998198022, -16.410999998616326 ], [ 28.723900001824369, -16.415500000362268 ], [ 28.724199998705082, -16.418900001910114 ], [ 28.724700000093925, -16.423599999703185 ], [ 28.725000001466192, -16.427299998958119 ], [ 28.725400000600956, -16.431099999646786 ], [ 28.725699998379998, -16.435199998367214 ], [ 28.726100001108016, -16.439300000505874 ], [ 28.726500001141108, -16.443300001257683 ], [ 28.726900000275869, -16.447599999321799 ], [ 28.727200001648136, -16.451099999004988 ], [ 28.727499999427181, -16.4541999993967 ], [ 28.727999999917692, -16.458999998458115 ], [ 28.72839999905246, -16.463199999212026 ], [ 28.728700000424723, -16.466899998074226 ], [ 28.729100000457819, -16.471500002172046 ], [ 28.729800000964875, -16.478100002150818 ], [ 28.730000000083095, -16.480500001886895 ], [ 28.730300001455394, -16.484200000888212 ], [ 28.730599999234403, -16.488000001678515 ], [ 28.732400000281586, -16.490100000464963 ], [ 28.734999999598291, -16.493099998958915 ], [ 28.736999999763725, -16.495400000154508 ], [ 28.741000000094555, -16.500199999781923 ], [ 28.743599999411259, -16.503299999554493 ], [ 28.746500000100266, -16.506600000058327 ], [ 28.749299999433518, -16.510000001920918 ], [ 28.754000000271411, -16.515599999945024 ], [ 28.755800001318594, -16.516499999997119 ], [ 28.757199998739427, -16.51700000108103 ], [ 28.757700000128242, -16.517200000281225 ] ] ] } },
{ "type": "Feature", "properties": { "OBJECTID_1": 37, "OBJECTID_2": 1493, "OBJECTID": 30139, "BANDWIDTH": 0, "FROM_": null, "Source": null, "TO_": null, "regional": null, "project": null, "AICDstatus": null, "COUNTRY": null, "AICD": 0.000000, "CNTRY_NAME": null, "PNUMBER": null, "VOLTAGE_KV": 0, "FROM_NM": null, "TO_NM": null, "STATUS": null, "SOURCES": null, "PROJECT_NM": null, "id": null, "power": "line", "name": null, "voltage": "330000", "operator": null, "cables": 3, "wires": null, "Shape_Leng": 2.277714, "Shape_Le_1": 258223.730289, "Shape_Le_2": 258223.730289 }, "geometry": { "type": "MultiLineString", "coordinates": [ [ [ 27.982700001608546, -12.604499999062703 ], [ 27.982400000236279, -12.605099998706983 ], [ 27.983600002132153, -12.605799998993355 ], [ 27.986600000583621, -12.605300001507285 ], [ 27.989500001272624, -12.604800000386135 ], [ 27.991400000082308, -12.604499999062703 ], [ 28.020100001108478, -12.614900000224106 ], [ 28.10110000151942, -12.644600000124306 ], [ 28.157099999862719, -12.664999999100361 ], [ 28.172400001577273, -12.670600000964898 ], [ 28.173300002100849, -12.671199999570701 ], [ 28.173799998998106, -12.671599999022504 ], [ 28.179099998987272, -12.675299998204771 ], [ 28.182700001081638, -12.6779000017609 ], [ 28.231400001965298, -12.720699999717915 ], [ 28.237799998003034, -12.734900001309532 ], [ 28.258799999739846, -12.781800002051725 ], [ 28.265200000269168, -12.796199999738793 ], [ 28.266199998555237, -12.799600001862165 ], [ 28.269600000633091, -12.810800001109607 ], [ 28.275400001112768, -12.830499998871243 ], [ 28.277600001294715, -12.837800000186705 ], [ 28.28110000113503, -12.838700000364456 ], [ 28.284899998754355, -12.839600000805087 ], [ 28.288699999068637, -12.840599998936597 ], [ 28.292500000281247, -12.841499999539741 ], [ 28.296599999272875, -12.842500001474928 ], [ 28.300299998231406, -12.843499999380594 ], [ 28.304000001681523, -12.844400000044015 ], [ 28.308699998926123, -12.845600001432976 ], [ 28.312500000138705, -12.846500001530538 ], [ 28.316300001351316, -12.847399998363111 ], [ 28.320000000309847, -12.848400000318193 ], [ 28.324299998419686, -12.849500000897461 ], [ 28.328499998767064, -12.850499998793229 ], [ 28.332400001335397, -12.851500000589692 ], [ 28.334399997907539, -12.85429999985519 ], [ 28.337200000834081, -12.858100000848223 ], [ 28.33960000013424, -12.861499998557418 ], [ 28.344799998767687, -12.868700001343377 ], [ 28.377799998802033, -12.914500001619379 ], [ 28.380100000339699, -12.917599998409377 ], [ 28.382500000538219, -12.921000000092906 ], [ 28.384899999838378, -12.924300000154158 ], [ 28.387200001376076, -12.927499998190109 ], [ 28.38949999932052, -12.930700000500941 ], [ 28.391800000858218, -12.933899998264115 ], [ 28.394099998802659, -12.937100000279779 ], [ 28.39640000123865, -12.940299998606637 ], [ 28.398800000538845, -12.943500001163555 ], [ 28.401199999839005, -12.947000000741772 ], [ 28.403900001409795, -12.95069999996681 ], [ 28.406199999354236, -12.953899998572195 ], [ 28.408599998654395, -12.957199998298115 ], [ 28.410799998836342, -12.960299998627194 ], [ 28.413100000374037, -12.963399998630573 ], [ 28.415399998318481, -12.966600001103485 ], [ 28.418200001244987, -12.970400001780245 ], [ 28.420600000545182, -12.973800000084292 ], [ 28.424499999520261, -12.979300000045125 ], [ 28.426800001057956, -12.982500001492653 ], [ 28.429000001239899, -12.985500000190946 ], [ 28.431400001438391, -12.988799999996024 ], [ 28.433699999382835, -12.991999999103708 ], [ 28.436000000920533, -12.995200000498185 ], [ 28.438299998864974, -12.998300001107241 ], [ 28.440600000402672, -13.001499999538485 ], [ 28.445599999019535, -13.008499998273876 ], [ 28.447900000557233, -13.011700000876189 ], [ 28.450100000739212, -13.014800000563419 ], [ 28.452399998683621, -13.017900001508101 ], [ 28.454999998000361, -13.021499998670192 ], [ 28.457100000419807, -13.024500001640872 ], [ 28.459199998347703, -13.027399997779098 ], [ 28.461899999918494, -13.031100001596704 ], [ 28.464200001456192, -13.034200001171788 ], [ 28.466400001638135, -13.037300001940585 ], [ 28.468600000921782, -13.040399998608324 ], [ 28.470699999747975, -13.043200001048652 ], [ 28.473000001285673, -13.046399999631964 ], [ 28.475400000585864, -13.049699999133908 ], [ 28.476500001125984, -13.053899999867514 ], [ 28.477600000767808, -13.058099999646419 ], [ 28.478700000409631, -13.062199998622576 ], [ 28.479699998695704, -13.066100000950414 ], [ 28.480900000591575, -13.070399999345167 ], [ 28.481899998877648, -13.074200000617656 ], [ 28.482900000757009, -13.078000001619646 ], [ 28.483899999043082, -13.081799998810007 ], [ 28.485100000938953, -13.086199998907823 ], [ 28.486200001479073, -13.090199999858633 ], [ 28.487199999765146, -13.094000000303975 ], [ 28.488200001644508, -13.097899999674086 ], [ 28.489300001286296, -13.101900000182187 ], [ 28.490299999572368, -13.105599999572856 ], [ 28.491300001451727, -13.109299998982875 ], [ 28.492299999737799, -13.113200001159903 ], [ 28.493400000277919, -13.11729999997244 ], [ 28.494399998563992, -13.120999998996455 ], [ 28.49540000044335, -13.124800000274236 ], [ 28.496399998729423, -13.128600001031947 ], [ 28.497400000608749, -13.132399998609573 ], [ 28.498500000250573, -13.136300001118345 ], [ 28.499499999434939, -13.140099998635616 ], [ 28.500599999076766, -13.14429999927308 ], [ 28.501600000956124, -13.147900000352063 ], [ 28.50290000061446, -13.152699999546808 ], [ 28.503899998900533, -13.156599998371798 ], [ 28.504900000779891, -13.160399999602417 ], [ 28.505899999065964, -13.164200000137248 ], [ 28.506999999606084, -13.168400000820524 ], [ 28.508099999247907, -13.172200001543516 ], [ 28.509100001127234, -13.175999998871747 ], [ 28.510099999413306, -13.179799999828496 ], [ 28.511199999953458, -13.183699999098154 ], [ 28.512200001832788, -13.1876000014108 ], [ 28.514299999760684, -13.195300001460966 ], [ 28.515299998046757, -13.199099998828816 ], [ 28.519499998394132, -13.214899998112408 ], [ 28.520500000273458, -13.218699998996907 ], [ 28.521499998559531, -13.222399998279005 ], [ 28.522500001337185, -13.22630000131659 ], [ 28.523800000995557, -13.231100000567158 ], [ 28.524700000620832, -13.23449999861483 ], [ 28.525699998906905, -13.238200001422125 ], [ 28.528900000968175, -13.250100001449255 ], [ 28.529899999254248, -13.254000000590061 ], [ 28.530900001133606, -13.257899999767126 ], [ 28.532999999959799, -13.265700001668451 ], [ 28.534099999601622, -13.269699998533381 ], [ 28.535100001480949, -13.273600001305834 ], [ 28.537300001662892, -13.281500000292857 ], [ 28.538299999948965, -13.28530000122738 ], [ 28.539299998235069, -13.289299998418736 ], [ 28.54039999877519, -13.293200000789675 ], [ 28.541400000654519, -13.296900000499596 ], [ 28.542500000296343, -13.300999998848292 ], [ 28.543499998582416, -13.30490000153384 ], [ 28.544500000461742, -13.30880000047123 ], [ 28.548700000809117, -13.324400000562225 ], [ 28.549800001349237, -13.32829999892947 ], [ 28.550799999635341, -13.332199997825438 ], [ 28.551899999277133, -13.336199998812658 ], [ 28.552900001156491, -13.340100001468995 ], [ 28.554000001696611, -13.344000000194153 ], [ 28.557100001503834, -13.355599999405264 ], [ 28.558200002043989, -13.359600000238787 ], [ 28.559099998076011, -13.36320000144414 ], [ 28.560400001327601, -13.367899999352769 ], [ 28.562500000153829, -13.375700001073973 ], [ 28.563499998439898, -13.37939999996555 ], [ 28.564500000319224, -13.383400000202936 ], [ 28.565599999961048, -13.387499999394239 ], [ 28.566700000501172, -13.391399998448673 ], [ 28.567899997905492, -13.396000001864419 ], [ 28.571099999966762, -13.40800000011404 ], [ 28.572200000506918, -13.411899998477761 ], [ 28.573300000148741, -13.415800001330668 ], [ 28.57429999843481, -13.419599999074103 ], [ 28.575399998974934, -13.423500001057231 ], [ 28.576499998616757, -13.42749999792828 ], [ 28.578600001036236, -13.435300000437829 ], [ 28.579599999322308, -13.439199999019952 ], [ 28.580699998964132, -13.442999999609551 ], [ 28.581799998605923, -13.446899998839324 ], [ 28.582899999146075, -13.450800001495622 ], [ 28.583999998787899, -13.454799998796783 ], [ 28.585099998429691, -13.45870000131983 ], [ 28.586199998969846, -13.462699997742828 ], [ 28.58729999861167, -13.46649999885531 ], [ 28.58839999915179, -13.470400001739693 ], [ 28.589499998793613, -13.474199999443485 ], [ 28.590599998435437, -13.478000000174912 ], [ 28.591699998975557, -13.481800001277611 ], [ 28.592900000871431, -13.48600000126909 ], [ 28.594099998275752, -13.490299999402289 ], [ 28.595100000155078, -13.493999999218095 ], [ 28.596200000695198, -13.497699998111312 ], [ 28.597300000337022, -13.501499999170667 ], [ 28.598599999995393, -13.506200000585615 ], [ 28.599800001891268, -13.51020000142643 ], [ 28.60080000017734, -13.513900000826805 ], [ 28.602000002073211, -13.517799999533555 ], [ 28.603000000359284, -13.521499999013406 ], [ 28.604200002255155, -13.52560000081723 ], [ 28.606400001538802, -13.533300000872407 ], [ 28.609700001362569, -13.545100000159739 ], [ 28.610199999158127, -13.548999999001357 ], [ 28.610699999648642, -13.553100000901702 ], [ 28.611099999681734, -13.557100001857805 ], [ 28.611600000172253, -13.561099998780417 ], [ 28.611999999307013, -13.565099999557086 ], [ 28.612500000695825, -13.568999998181242 ], [ 28.612899999830585, -13.573199998364231 ], [ 28.613400001219432, -13.577399998851508 ], [ 28.613699998998442, -13.580299999268012 ], [ 28.614199999488957, -13.584499999876927 ], [ 28.614700000877768, -13.589099999550013 ], [ 28.615100000012564, -13.592999998434784 ], [ 28.615600001401376, -13.597199998757716 ], [ 28.616099998298633, -13.601300000899251 ], [ 28.616500001026655, -13.605200000242405 ], [ 28.616999998822212, -13.6092000007 ], [ 28.617400001550262, -13.61329999975216 ], [ 28.61789999934582, -13.617400001538922 ], [ 28.618399999836331, -13.621300001036905 ], [ 28.618799998971095, -13.625300001700765 ], [ 28.61930000035991, -13.629200000137804 ], [ 28.619800001748754, -13.633299998568445 ], [ 28.620200000883518, -13.637099999756256 ], [ 28.620700001374029, -13.640999998598941 ], [ 28.621199999169587, -13.645399998782784 ], [ 28.621599998304347, -13.648999999843548 ], [ 28.622000001032365, -13.652899998987637 ], [ 28.622400001065461, -13.656800002234489 ], [ 28.622900001555973, -13.660900000091994 ], [ 28.62339999935153, -13.664999999529433 ], [ 28.623799998486291, -13.668800000200555 ], [ 28.624299998976809, -13.672899998351626 ], [ 28.624800000365653, -13.677000000648258 ], [ 28.625199999500417, -13.681100000039388 ], [ 28.625700000889228, -13.684999998759267 ], [ 28.626100000023989, -13.688999999066244 ], [ 28.626600001412836, -13.69310000192157 ], [ 28.627099998310062, -13.697099998872833 ], [ 28.627500001038111, -13.70100000121446 ], [ 28.627999998833669, -13.705400001184303 ], [ 28.628400001561687, -13.709199998959772 ], [ 28.628899999357245, -13.713300000672122 ], [ 28.629299998492041, -13.71709999810324 ], [ 28.62979999898252, -13.720899999108205 ], [ 28.630300000371363, -13.725299999106596 ], [ 28.630699999506128, -13.729400001429436 ], [ 28.631600000029703, -13.737399999082458 ], [ 28.63210000141855, -13.741400000043624 ], [ 28.632599998315808, -13.745499998219527 ], [ 28.633000001043825, -13.749600000996818 ], [ 28.633400001076918, -13.753300000061975 ], [ 28.633900001567401, -13.757399998869678 ], [ 28.634399999362991, -13.761399998967349 ], [ 28.634799998497751, -13.765400000055379 ], [ 28.63529999898827, -13.769400000355475 ], [ 28.635699999021327, -13.773299999122603 ], [ 28.636199999511842, -13.777399998503697 ], [ 28.636700000900685, -13.781500000544431 ], [ 28.637100000035449, -13.78530000122567 ], [ 28.637499999170213, -13.789299998111986 ], [ 28.638099998321522, -13.79380000043624 ], [ 28.63850000104954, -13.797800000828811 ], [ 28.638999998845094, -13.801899999152713 ], [ 28.639400001573147, -13.80579999869142 ], [ 28.639899998470373, -13.809799998751052 ], [ 28.640299998503465, -13.813700001414601 ], [ 28.64079999899398, -13.817600000311344 ], [ 28.641300000382792, -13.821600001561407 ], [ 28.641800000873307, -13.8256999999256 ], [ 28.642200000906399, -13.829599998988902 ], [ 28.642700001396914, -13.833599999511355 ], [ 28.643199999192468, -13.837600000624793 ], [ 28.643699999682987, -13.841600000551555 ], [ 28.644200001071798, -13.845600001902872 ], [ 28.644600000206559, -13.849500000170769 ], [ 28.645100001595406, -13.853599999135234 ], [ 28.645599998492663, -13.857599999360815 ], [ 28.646099999881478, -13.861600000044598 ], [ 28.646499999016239, -13.865600001164461 ], [ 28.646099999881478, -13.869899999384501 ], [ 28.645699999848382, -13.874099999515302 ], [ 28.645300000713622, -13.87840000145243 ], [ 28.644800000223107, -13.882699999880581 ], [ 28.644400000190046, -13.887099999570355 ], [ 28.64400000105525, -13.891600001746129 ], [ 28.643500000564771, -13.895799997811126 ], [ 28.643100000531678, -13.900400001576999 ], [ 28.642700001396914, -13.904599998358245 ], [ 28.642299998668861, -13.908700000751704 ], [ 28.640399999859216, -13.9246999997548 ], [ 28.640000000724452, -13.928599998048854 ], [ 28.639800000707911, -13.930599998852944 ], [ 28.639600001589695, -13.932500000748103 ], [ 28.639199997963345, -13.936500001534505 ], [ 28.638799998828581, -13.940499998832689 ], [ 28.636199999511842, -13.968600001255716 ], [ 28.631400000013191, -14.013900000359779 ], [ 28.627900001071172, -14.04949999960388 ], [ 28.623799998486291, -14.08909999925293 ], [ 28.620499998662524, -14.122000000931948 ], [ 28.618900001225146, -14.139199997951179 ], [ 28.614399999505505, -14.182900000241531 ], [ 28.610399998276378, -14.222399998871939 ], [ 28.609999999141582, -14.226399998978007 ], [ 28.608100000331937, -14.245700001341824 ], [ 28.606800000673566, -14.258800000382575 ], [ 28.605500001015194, -14.271200000813105 ], [ 28.603000000359284, -14.295800000110679 ], [ 28.601000000193881, -14.315900001400344 ], [ 28.596799999846507, -14.35770000129086 ], [ 28.592500000838371, -14.401599999421189 ], [ 28.588199999135242, -14.444699999165488 ], [ 28.584399997922663, -14.483600001849888 ], [ 28.580400001185087, -14.524599999232324 ], [ 28.576499998616757, -14.564300001088936 ], [ 28.575300000314137, -14.576499998197413 ], [ 28.573600001521008, -14.592399999471297 ], [ 28.572500001879181, -14.596099999102149 ], [ 28.572399999625134, -14.596400000141545 ] ] ] } },
{ "type": "Feature", "properties": { "OBJECTID_1": 38, "OBJECTID_2": 1494, "OBJECTID": 30171, "BANDWIDTH": 0, "FROM_": null, "Source": null, "TO_": null, "regional": null, "project": null, "AICDstatus": null, "COUNTRY": null, "AICD": 0.000000, "CNTRY_NAME": null, "PNUMBER": null, "VOLTAGE_KV": 0, "FROM_NM": null, "TO_NM": null, "STATUS": null, "SOURCES": null, "PROJECT_NM": null, "id": null, "power": "line", "name": null, "voltage": "220000", "operator": null, "cables": 3, "wires": null, "Shape_Leng": 0.677875, "Shape_Le_1": 77081.829166, "Shape_Le_2": 77081.829166 }, "geometry": { "type": "MultiLineString", "coordinates": [ [ [ 25.862300001411441, -17.933999999977768 ], [ 25.862700000546202, -17.934199999746799 ], [ 25.866599999521281, -17.936000000274522 ], [ 25.870000000700802, -17.933699999035607 ], [ 25.873199999168818, -17.931499999048601 ], [ 25.916800000079821, -17.902499999957882 ], [ 25.955299999221584, -17.86349999907954 ], [ 25.974800002181809, -17.844799998754784 ], [ 25.998500000997826, -17.819699998716146 ], [ 26.013599999102578, -17.804299998975409 ], [ 26.027899998937773, -17.789700001790393 ], [ 26.084300000009122, -17.732200000556841 ], [ 26.090799998300906, -17.725699998654829 ], [ 26.126699999024254, -17.689199998665032 ], [ 26.17570000128018, -17.639199997869486 ], [ 26.178899999748197, -17.636000000139571 ], [ 26.182199999571964, -17.632599998648363 ], [ 26.185300000277515, -17.629400000322804 ], [ 26.188200000966525, -17.62649999904913 ], [ 26.190800000283229, -17.623799998231405 ], [ 26.193700000972235, -17.620900001426065 ], [ 26.196600001661242, -17.617899998857141 ], [ 26.199700001468464, -17.614700000995622 ], [ 26.202799998580758, -17.611600000036603 ], [ 26.208900001331035, -17.605400000131869 ], [ 26.211699999765994, -17.602400001263963 ], [ 26.21530000096206, -17.598800000134755 ], [ 26.232900001519351, -17.580699998684238 ], [ 26.267999999481592, -17.544399999198063 ], [ 26.276500001532064, -17.53559999927095 ], [ 26.279100000848771, -17.532999999994196 ], [ 26.282000001537774, -17.529899999511201 ], [ 26.285300001361545, -17.526500001792709 ], [ 26.287900000678249, -17.523800000626942 ], [ 26.290899999129753, -17.520700000471191 ], [ 26.293900002072807, -17.517600000157113 ], [ 26.296999998286775, -17.514400001346736 ], [ 26.300400000364593, -17.510899998155406 ], [ 26.302700001902288, -17.508400000985922 ], [ 26.3062999995051, -17.504700001730082 ], [ 26.30840000102625, -17.502500001561746 ], [ 26.311299998122003, -17.499499998627883 ], [ 26.313799999676213, -17.496900000072337 ], [ 26.31569999848589, -17.494899999635564 ], [ 26.317499998634776, -17.493000001045345 ], [ 26.320300001561286, -17.490100000470399 ], [ 26.322299998133428, -17.488099999311576 ], [ 26.325199998822434, -17.48499999972265 ], [ 26.327399999004378, -17.482799999605227 ], [ 26.330200001930919, -17.479800000402385 ], [ 26.332899999010124, -17.477000001720935 ], [ 26.33570000193663, -17.474100001574232 ], [ 26.338799998150598, -17.470899999188251 ], [ 26.341800000195359, -17.467700001076871 ], [ 26.345100000917423, -17.464299998797344 ] ] ] } },
{ "type": "Feature", "properties": { "OBJECTID_1": 39, "OBJECTID_2": 1495, "OBJECTID": 30178, "BANDWIDTH": 0, "FROM_": null, "Source": null, "TO_": null, "regional": null, "project": null, "AICDstatus": null, "COUNTRY": null, "AICD": 0.000000, "CNTRY_NAME": null, "PNUMBER": null, "VOLTAGE_KV": 0, "FROM_NM": null, "TO_NM": null, "STATUS": null, "SOURCES": null, "PROJECT_NM": null, "id": null, "power": "line", "name": null, "voltage": "330000", "operator": null, "cables": 3, "wires": null, "Shape_Leng": 0.000300, "Shape_Le_1": 34.483700, "Shape_Le_2": 34.483700 }, "geometry": { "type": "MultiLineString", "coordinates": [ [ [ 28.161499999328278, -15.753600001679432 ], [ 28.161499999328278, -15.753899999370569 ] ] ] } },
{ "type": "Feature", "properties": { "OBJECTID_1": 40, "OBJECTID_2": 1496, "OBJECTID": 30181, "BANDWIDTH": 0, "FROM_": null, "Source": null, "TO_": null, "regional": null, "project": null, "AICDstatus": null, "COUNTRY": null, "AICD": 0.000000, "CNTRY_NAME": null, "PNUMBER": null, "VOLTAGE_KV": 0, "FROM_NM": null, "TO_NM": null, "STATUS": null, "SOURCES": null, "PROJECT_NM": null, "id": null, "power": "line", "name": null, "voltage": "330000", "operator": null, "cables": 3, "wires": null, "Shape_Leng": 0.389663, "Shape_Le_1": 44496.337240, "Shape_Le_2": 44496.337240 }, "geometry": { "type": "MultiLineString", "coordinates": [ [ [ 28.13919999793313, -15.739200000087317 ], [ 28.139499999305396, -15.738699998677271 ], [ 28.154800001918279, -15.717000000014908 ], [ 28.147999997762611, -15.629400000249472 ], [ 28.144600000176379, -15.585600000257744 ], [ 28.143300000518007, -15.568100001244479 ], [ 28.155200001053039, -15.524399999095534 ], [ 28.147199999493086, -15.496899999546221 ], [ 28.138399999663605, -15.493299998711239 ], [ 28.143899999669319, -15.478799998880856 ], [ 28.152300000364036, -15.456399999235211 ], [ 28.132800001895394, -15.43010000100201 ], [ 28.157099999862719, -15.398800000127931 ], [ 28.17419999813287, -15.397599999291764 ], [ 28.175000000893981, -15.397500001084502 ] ] ] } },
{ "type": "Feature", "properties": { "OBJECTID_1": 41, "OBJECTID_2": 1510, "OBJECTID": 31465, "BANDWIDTH": 0, "FROM_": null, "Source": null, "TO_": null, "regional": null, "project": null, "AICDstatus": null, "COUNTRY": null, "AICD": 0.000000, "CNTRY_NAME": null, "PNUMBER": null, "VOLTAGE_KV": 0, "FROM_NM": null, "TO_NM": null, "STATUS": null, "SOURCES": null, "PROJECT_NM": null, "id": null, "power": "line", "name": null, "voltage": "220000", "operator": null, "cables": 3, "wires": null, "Shape_Leng": 0.244194, "Shape_Le_1": 27431.741296, "Shape_Le_2": 27431.741296 }, "geometry": { "type": "MultiLineString", "coordinates": [ [ [ 28.241500001453151, -12.819100000198539 ], [ 28.241999998350408, -12.819800000221534 ], [ 28.243599999381047, -12.821299999552933 ], [ 28.246800001442349, -12.826000001019292 ], [ 28.248500001133777, -12.828600000591395 ], [ 28.250199999926913, -12.830899998281165 ], [ 28.251899998720045, -12.833400000052924 ], [ 28.260000001635721, -12.835399999922707 ], [ 28.265900000776227, -12.836899999390667 ], [ 28.269200000599994, -12.837699998104688 ], [ 28.272199999949795, -12.838500000411068 ], [ 28.274999998384754, -12.839200001305944 ], [ 28.278099999090273, -12.839899998463896 ], [ 28.28110000113503, -12.840700000731843 ], [ 28.284000001824033, -12.841400001592673 ], [ 28.289799999608793, -12.842900000944491 ], [ 28.292599998043713, -12.843499999380594 ], [ 28.296000000121566, -12.844400000044015 ], [ 28.298900000810541, -12.84510000016393 ], [ 28.304599999934499, -12.846500001530538 ], [ 28.310800001345605, -12.848099998832808 ], [ 28.316899999604296, -12.84959999822418 ], [ 28.319699998937548, -12.850299999536636 ], [ 28.32299999876135, -12.851100001765259 ], [ 28.328600001021112, -12.852499999235091 ], [ 28.331200000337819, -12.853199999413031 ], [ 28.33320000050325, -12.855999998871589 ], [ 28.336599998089483, -12.86059999825957 ], [ 28.33819999912015, -12.863000001484625 ], [ 28.343299999991103, -12.869899999674159 ], [ 28.363800000339072, -12.898400001464298 ], [ 28.376300000025445, -12.915699999682051 ], [ 28.377999998818545, -12.918099999445227 ], [ 28.379799998967432, -12.920499998767779 ], [ 28.381700001370366, -12.923200000047752 ], [ 28.383499998824291, -12.925700001762706 ], [ 28.385299998973142, -12.928100001127408 ], [ 28.386999998664606, -12.930599998964988 ], [ 28.388700001050996, -12.932999998192734 ], [ 28.390500001199847, -12.935400001356241 ], [ 28.384300000687073, -12.950499999883338 ], [ 28.399099998317855, -12.968899998889995 ], [ 28.399500001045872, -12.972100001089279 ], [ 28.399500001045872, -12.972300000338047 ] ] ] } },
{ "type": "Feature", "properties": { "OBJECTID_1": 42, "OBJECTID_2": 2356, "OBJECTID": 67663, "BANDWIDTH": 0, "FROM_": null, "Source": null, "TO_": null, "regional": null, "project": null, "AICDstatus": null, "COUNTRY": null, "AICD": 0.000000, "CNTRY_NAME": null, "PNUMBER": null, "VOLTAGE_KV": 0, "FROM_NM": null, "TO_NM": null, "STATUS": null, "SOURCES": null, "PROJECT_NM": null, "id": null, "power": "line", "name": null, "voltage": "132000", "operator": null, "cables": 3, "wires": null, "Shape_Leng": 0.060411, "Shape_Le_1": 6809.478123, "Shape_Le_2": 6809.478123 }, "geometry": { "type": "MultiLineString", "coordinates": [ [ [ 28.316199999097268, -15.450199998880949 ], [ 28.315900001318223, -15.450199998880949 ], [ 28.315200000811164, -15.449900000874772 ], [ 28.307199999251207, -15.446199998621273 ], [ 28.301600001483031, -15.443599998728839 ], [ 28.287999998561578, -15.437300000612172 ], [ 28.28290000218221, -15.433499999245729 ], [ 28.28029999837392, -15.431099999829261 ], [ 28.278900000953083, -15.429799999705663 ], [ 28.277299999922416, -15.428300000581777 ], [ 28.274799999266502, -15.42599999873894 ], [ 28.274599999249958, -15.425000000310812 ], [ 28.273699998726382, -15.418799999713505 ], [ 28.273299999591618, -15.41640000082081 ], [ 28.272799998202775, -15.414200000344913 ] ] ] } },
{ "type": "Feature", "properties": { "OBJECTID_1": 43, "OBJECTID_2": 2357, "OBJECTID": 67664, "BANDWIDTH": 0, "FROM_": null, "Source": null, "TO_": null, "regional": null, "project": null, "AICDstatus": null, "COUNTRY": null, "AICD": 0.000000, "CNTRY_NAME": null, "PNUMBER": null, "VOLTAGE_KV": 0, "FROM_NM": null, "TO_NM": null, "STATUS": null, "SOURCES": null, "PROJECT_NM": null, "id": null, "power": "line", "name": null, "voltage": "132000", "operator": null, "cables": 3, "wires": null, "Shape_Leng": 0.260982, "Shape_Le_1": 29157.847218, "Shape_Le_2": 29157.847218 }, "geometry": { "type": "MultiLineString", "coordinates": [ [ [ 28.272700000440313, -15.414200000344913 ], [ 28.27309999957507, -15.416499998539258 ], [ 28.273499999608166, -15.418900001490876 ], [ 28.274700000605709, -15.426100000491999 ], [ 28.275800001145864, -15.427200000872952 ], [ 28.277199998566697, -15.428399998599199 ], [ 28.278799999597332, -15.429999999456882 ], [ 28.280200000611423, -15.431200001709236 ], [ 28.285799998379634, -15.436099998344972 ], [ 28.287900000799112, -15.437399998596071 ], [ 28.301500000127277, -15.443700000608382 ], [ 28.307100001488742, -15.446400001535363 ], [ 28.315099999455445, -15.449999999678159 ], [ 28.317099999620844, -15.451000001580052 ], [ 28.341899998078684, -15.462499998602176 ], [ 28.351599998431773, -15.463100000799157 ], [ 28.387800000527385, -15.465500000701029 ], [ 28.448100000573781, -15.469399999502444 ], [ 28.500900000449064, -15.472899999231332 ], [ 28.50290000061446, -15.472899999231332 ], [ 28.505100000796407, -15.473000000732707 ], [ 28.5071999987243, -15.473000000732707 ], [ 28.509399998906279, -15.473099998700475 ], [ 28.511500001325725, -15.473099998700475 ], [ 28.513300001474612, -15.473200000975183 ], [ 28.513500001491156, -15.473200000975183 ] ] ] } },
{ "type": "Feature", "properties": { "OBJECTID_1": 44, "OBJECTID_2": 2358, "OBJECTID": 67665, "BANDWIDTH": 0, "FROM_": null, "Source": null, "TO_": null, "regional": null, "project": null, "AICDstatus": null, "COUNTRY": null, "AICD": 0.000000, "CNTRY_NAME": null, "PNUMBER": null, "VOLTAGE_KV": 0, "FROM_NM": null, "TO_NM": null, "STATUS": null, "SOURCES": null, "PROJECT_NM": null, "id": null, "power": "line", "name": null, "voltage": "330000", "operator": null, "cables": 3, "wires": null, "Shape_Leng": 1.104812, "Shape_Le_1": 126763.597882, "Shape_Le_2": 126763.597882 }, "geometry": { "type": "MultiLineString", "coordinates": [ [ [ 28.516399998586877, -15.471299998177139 ], [ 28.516399998586877, -15.472100001140598 ], [ 28.516399998586877, -15.474800001969198 ], [ 28.516299999926083, -15.478900000109137 ], [ 28.516199998570364, -15.482400000072023 ], [ 28.516100000807864, -15.485800001511272 ], [ 28.515999998553816, -15.489399999560202 ], [ 28.515900000791319, -15.493299998711239 ], [ 28.515799999435565, -15.497599999957384 ], [ 28.515799999435565, -15.501400001234758 ], [ 28.515099998928541, -15.547400001025702 ], [ 28.515000000267744, -15.551800001819487 ], [ 28.514800001149496, -15.564899999858641 ], [ 28.514699998895445, -15.57329999992076 ], [ 28.51460000113298, -15.577300000522129 ], [ 28.51460000113298, -15.579300001308063 ], [ 28.514499999777229, -15.582800000974739 ], [ 28.514499999777229, -15.586300000353548 ], [ 28.514400002014732, -15.589600000486872 ], [ 28.5399999987421, -15.71020000038293 ], [ 28.543200000803402, -15.72529999893742 ], [ 28.556699998775816, -15.789299998691103 ], [ 28.559399999448278, -15.801800001126097 ], [ 28.563200000660888, -15.819899998768916 ], [ 28.568999998445612, -15.847399998238856 ], [ 28.570200000341487, -15.852699998499524 ], [ 28.571699999118074, -15.857900000836686 ], [ 28.572700000997433, -15.861200001488747 ], [ 28.596000000678654, -15.872499998229657 ], [ 28.60509999828718, -15.886399999178099 ], [ 28.609299998634555, -15.898699998733887 ], [ 28.611499998816498, -15.905299999232373 ], [ 28.631400000013191, -15.93679999953679 ], [ 28.637800000542477, -15.946899999098257 ], [ 28.65019999797477, -15.966600000582591 ], [ 28.661200001579488, -15.984000001049838 ], [ 28.688000001101052, -16.026500001163889 ], [ 28.694699998511055, -16.098799999622486 ], [ 28.698899998858433, -16.142599999480897 ], [ 28.706700001300174, -16.227099999407532 ], [ 28.707100000434931, -16.231100000507801 ], [ 28.707499999569691, -16.235100000888963 ], [ 28.707899998704459, -16.239399999004334 ], [ 28.708200000076754, -16.243400000380106 ], [ 28.708599999211515, -16.247299998701028 ], [ 28.708999999244611, -16.251400001606584 ], [ 28.709300000616874, -16.25519999899625 ], [ 28.709699999751642, -16.258900002068451 ], [ 28.710000001123941, -16.262800000540221 ], [ 28.710400000258698, -16.266800001393463 ], [ 28.710799999393465, -16.270799997851142 ], [ 28.711199998528226, -16.2747999985672 ], [ 28.711499999900521, -16.278799999180009 ], [ 28.711899999933586, -16.282900001852695 ], [ 28.712299999068378, -16.286600001340865 ], [ 28.712600000440641, -16.290500000483643 ], [ 28.712999999575409, -16.294500000576608 ], [ 28.713700000082465, -16.301699999661356 ], [ 28.714000001454764, -16.305799998123536 ], [ 28.714400000589531, -16.309900000792378 ], [ 28.714800000622585, -16.313799999782681 ], [ 28.715199999757385, -16.317899998548416 ], [ 28.715599998892149, -16.322000000579596 ], [ 28.715799998908697, -16.3247999999091 ], [ 28.716100000280957, -16.327599998569529 ], [ 28.716299999399176, -16.329900000292305 ], [ 28.716600000771475, -16.333599999569824 ], [ 28.716999999906239, -16.337699998049445 ], [ 28.717300001278538, -16.340999997965294 ], [ 28.717700000413299, -16.344799999319349 ], [ 28.717999998192305, -16.348700001562122 ], [ 28.718299999564604, -16.351700000617846 ], [ 28.718699999597668, -16.355799998810124 ], [ 28.719099998732464, -16.359499998530399 ], [ 28.719500001460482, -16.363800000506295 ], [ 28.719799999239491, -16.367899998973918 ], [ 28.720199998374248, -16.371700000189552 ], [ 28.720600001102305, -16.375700000463222 ], [ 28.720899998881315, -16.379500001307889 ], [ 28.721599999388378, -16.386700000347421 ], [ 28.721999999421467, -16.390799999530799 ], [ 28.722399998556231, -16.394699997776023 ], [ 28.722699999928498, -16.398499998968529 ], [ 28.723099999063258, -16.40249999984275 ], [ 28.723499998198022, -16.406500000743396 ], [ 28.723799999570321, -16.410399999669657 ], [ 28.724199998705082, -16.414599999774225 ], [ 28.724700000093925, -16.41879999996949 ], [ 28.725099999228693, -16.423099998248293 ], [ 28.725400000600956, -16.42720000052509 ], [ 28.725799999735717, -16.430700000516168 ], [ 28.726199999768813, -16.434999998410991 ], [ 28.72659999890357, -16.439699999913632 ], [ 28.726900000275869, -16.443100001944416 ], [ 28.727299999410636, -16.447599999321799 ], [ 28.727699998545393, -16.451099999004988 ], [ 28.727999999917692, -16.454799998378419 ], [ 28.72839999905246, -16.458900000950255 ], [ 28.728799999085517, -16.463199999212026 ], [ 28.729100000457819, -16.466400001163937 ], [ 28.729600000948331, -16.471500002172046 ], [ 28.729800000964875, -16.474300000595196 ], [ 28.730200000099643, -16.477999999883348 ], [ 28.730500001471903, -16.481499999608559 ], [ 28.730799999250948, -16.484999999437402 ], [ 28.731100000623215, -16.487799998775252 ], [ 28.733100000788642, -16.490200001606567 ], [ 28.735599998749603, -16.493099998958915 ], [ 28.737300001135992, -16.495099998666579 ], [ 28.741300001466822, -16.499899998029203 ], [ 28.743900000783555, -16.502999998336275 ], [ 28.747200000607329, -16.506900001688948 ], [ 28.74960000080582, -16.509699999960421 ], [ 28.751899998750226, -16.512499999639381 ], [ 28.756200000453354, -16.515700001604714 ], [ 28.757399998755975, -16.516600001185285 ], [ 28.757800001483993, -16.51669999972129 ] ] ] } },
{ "type": "Feature", "properties": { "OBJECTID_1": 45, "OBJECTID_2": 2359, "OBJECTID": 67666, "BANDWIDTH": 0, "FROM_": null, "Source": null, "TO_": null, "regional": null, "project": null, "AICDstatus": null, "COUNTRY": null, "AICD": 0.000000, "CNTRY_NAME": null, "PNUMBER": null, "VOLTAGE_KV": 0, "FROM_NM": null, "TO_NM": null, "STATUS": null, "SOURCES": null, "PROJECT_NM": null, "id": null, "power": "line", "name": null, "voltage": "330000", "operator": null, "cables": 3, "wires": null, "Shape_Leng": 0.459340, "Shape_Le_1": 52038.732339, "Shape_Le_2": 52038.732339 }, "geometry": { "type": "MultiLineString", "coordinates": [ [ [ 28.562199998781526, -13.379700001085528 ], [ 28.561200000495457, -13.37609999961591 ], [ 28.559099998076011, -13.368299998690022 ], [ 28.557799998417639, -13.363400001186212 ], [ 28.556800000131567, -13.359700001642151 ], [ 28.555799998252208, -13.355700000728223 ], [ 28.552700002038243, -13.344400000067024 ], [ 28.551700000158917, -13.340399999303816 ], [ 28.550599999618793, -13.336599998567378 ], [ 28.549600001332724, -13.332699999415109 ], [ 28.548500001690901, -13.328799999888947 ], [ 28.547499999811574, -13.324999999245113 ], [ 28.543200000803402, -13.308899998525089 ], [ 28.542199998924076, -13.30499999945844 ], [ 28.541099999282252, -13.301100001042139 ], [ 28.540100000996183, -13.297300000039412 ], [ 28.539099999116821, -13.293600000352061 ], [ 28.538100000830752, -13.289700001855202 ], [ 28.537000000290629, -13.285599999197858 ], [ 28.535999998411302, -13.281800002140418 ], [ 28.534899998769479, -13.277800001187025 ], [ 28.533799998229327, -13.273899998080335 ], [ 28.532799999943251, -13.269999999305636 ], [ 28.531700000301431, -13.265999998642679 ], [ 28.529700000136028, -13.258200001209511 ], [ 28.528599999595908, -13.254299998104525 ], [ 28.527600001309803, -13.250399999433983 ], [ 28.524399999248534, -13.23869999855383 ], [ 28.523499999623258, -13.234999999037683 ], [ 28.522500001337185, -13.231299999815112 ], [ 28.521499998559531, -13.227600000903461 ], [ 28.520300001155242, -13.223299998832724 ], [ 28.51929999927588, -13.219400000009692 ], [ 28.518300000989811, -13.215799998527746 ], [ 28.513999998388385, -13.199499998359064 ], [ 28.512899998746594, -13.195599999074458 ], [ 28.510899998581163, -13.188099998799583 ], [ 28.509900000295094, -13.184099998622729 ], [ 28.50879999975497, -13.180199999649423 ], [ 28.507800001468897, -13.176399997941171 ], [ 28.506799999589539, -13.172499999682309 ], [ 28.505699999947716, -13.16860000012359 ], [ 28.504599999407596, -13.164400000272588 ], [ 28.503600001121523, -13.160500001261447 ], [ 28.502599999242197, -13.156800002148021 ], [ 28.500399999060217, -13.148600000584569 ], [ 28.499400000774145, -13.144999999344305 ], [ 28.498399998894818, -13.141100000359398 ], [ 28.497299999252995, -13.13720000199854 ], [ 28.496300000966926, -13.133499998241376 ], [ 28.495299999087599, -13.12960000000362 ], [ 28.494300000801527, -13.1257000006889 ], [ 28.493299998023872, -13.121899999416742 ], [ 28.491099998740221, -13.113899998534503 ], [ 28.491099998740221, -13.113899998534503 ], [ 28.489999998200101, -13.10990000183547 ], [ 28.488999999914032, -13.105999998631823 ], [ 28.48800000162796, -13.102099999756785 ], [ 28.486999999748601, -13.098400000804867 ], [ 28.48590000010681, -13.094500001528047 ], [ 28.483899999043082, -13.086699999430074 ], [ 28.482700001638761, -13.082199998262473 ], [ 28.481600001098638, -13.07840000115001 ], [ 28.480599999219312, -13.074600000223921 ], [ 28.479600000933207, -13.070999998619243 ], [ 28.478399999037336, -13.066399999019616 ], [ 28.478399999037336, -13.066300000878433 ], [ 28.477299999395544, -13.062199998622576 ], [ 28.474100000927496, -13.050299998253742 ], [ 28.471999999406346, -13.047400001762997 ], [ 28.469799999224399, -13.044300001465889 ], [ 28.467500001279959, -13.041099999144992 ], [ 28.465300001098015, -13.038100000840338 ], [ 28.463100000916068, -13.035000000532262 ], [ 28.460799999378374, -13.031899999653737 ], [ 28.45820000006163, -13.028299998790676 ], [ 28.455999999879687, -13.025199998390175 ], [ 28.451299999041829, -13.018699999582639 ], [ 28.449099998859854, -13.015700001245708 ], [ 28.446800000915445, -13.012400001651145 ], [ 28.43959999852331, -13.00239999977131 ], [ 28.434700001262161, -12.995700001457852 ], [ 28.432500001080214, -12.992600001445238 ], [ 28.43019999954252, -12.989300001672895 ], [ 28.427799999344028, -12.986099999052671 ], [ 28.425600000060381, -12.982999999271208 ], [ 28.42319999986189, -12.979699998983817 ], [ 28.419100001768598, -12.973999999710605 ], [ 28.416799999332572, -12.970800001121454 ], [ 28.413899999541893, -12.966800000425049 ], [ 28.41169999935995, -12.96370000013691 ], [ 28.409400001415506, -12.960499997789324 ], [ 28.407200001233562, -12.957499999441325 ], [ 28.404899999695868, -12.954300000977412 ] ] ] } },
{ "type": "Feature", "properties": { "OBJECTID_1": 46, "OBJECTID_2": 2360, "OBJECTID": 67667, "BANDWIDTH": 0, "FROM_": null, "Source": null, "TO_": null, "regional": null, "project": null, "AICDstatus": null, "COUNTRY": null, "AICD": 0.000000, "CNTRY_NAME": null, "PNUMBER": null, "VOLTAGE_KV": 0, "FROM_NM": null, "TO_NM": null, "STATUS": null, "SOURCES": null, "PROJECT_NM": null, "id": null, "power": "line", "name": null, "voltage": "330000", "operator": null, "cables": 3, "wires": null, "Shape_Leng": 0.876221, "Shape_Le_1": 100351.179282, "Shape_Le_2": 100351.179282 }, "geometry": { "type": "MultiLineString", "coordinates": [ [ [ 28.514899998911993, -15.470699999127433 ], [ 28.514899998911993, -15.470199998574406 ], [ 28.515500001656555, -15.465599998851614 ], [ 28.515599999419052, -15.457600001052006 ], [ 28.515700001673103, -15.453799999914056 ], [ 28.515799999435565, -15.445700000937055 ], [ 28.515900000791319, -15.441500000259873 ], [ 28.516299999926083, -15.41180000081809 ], [ 28.516899999077388, -15.376899998277542 ], [ 28.517299998212152, -15.350799999734011 ], [ 28.518100000973263, -15.299400001428371 ], [ 28.518700000124571, -15.251200001631897 ], [ 28.519499998394132, -15.202799997841382 ], [ 28.519999999782943, -15.166200000564151 ], [ 28.520700000290006, -15.117899999256391 ], [ 28.520900000306547, -15.10590000085628 ], [ 28.525299999772141, -15.066100000955517 ], [ 28.528900000968175, -15.031700000045099 ], [ 28.531300001166667, -15.007700000308066 ], [ 28.532499998570987, -14.995900001444868 ], [ 28.533700000466862, -14.984000001514808 ], [ 28.53750000167944, -14.946800000746482 ], [ 28.540300000114396, -14.918800000173011 ], [ 28.541900001145031, -14.90249999995415 ], [ 28.545899998780904, -14.862500000586651 ], [ 28.549899999111734, -14.82169999910059 ], [ 28.553800001680067, -14.781500000184751 ], [ 28.558200002043989, -14.737100001785787 ], [ 28.562100001019065, -14.696600000974973 ], [ 28.566500000484655, -14.652399998515053 ], [ 28.571199998627556, -14.604300000019707 ], [ 28.570799998594495, -14.597600001906649 ], [ 28.570900000848546, -14.597100000955963 ] ] ] } },
{ "type": "Feature", "properties": { "OBJECTID_1": 47, "OBJECTID_2": 2361, "OBJECTID": 67668, "BANDWIDTH": 0, "FROM_": null, "Source": null, "TO_": null, "regional": null, "project": null, "AICDstatus": null, "COUNTRY": null, "AICD": 0.000000, "CNTRY_NAME": null, "PNUMBER": null, "VOLTAGE_KV": 0, "FROM_NM": null, "TO_NM": null, "STATUS": null, "SOURCES": null, "PROJECT_NM": null, "id": null, "power": "line", "name": null, "voltage": "330000", "operator": null, "cables": 3, "wires": null, "Shape_Leng": 0.618726, "Shape_Le_1": 70139.623116, "Shape_Le_2": 70139.623116 }, "geometry": { "type": "MultiLineString", "coordinates": [ [ [ 28.405999999337691, -12.954399999054182 ], [ 28.412799999001773, -12.96370000013691 ], [ 28.414999999183717, -12.966800000425049 ], [ 28.417300000721415, -12.969999999144616 ], [ 28.419700000021574, -12.973400000342982 ], [ 28.424100000385497, -12.979499999595932 ], [ 28.42649999968566, -12.982700001078687 ], [ 28.428699999867639, -12.985800002007556 ], [ 28.431000001405302, -12.988999999731965 ], [ 28.433299999349739, -12.992199997991877 ], [ 28.435600001785769, -12.995400000299707 ], [ 28.43789999973021, -12.99859999871609 ], [ 28.440200001267872, -13.001800000277012 ], [ 28.445199999884775, -13.008800000129124 ], [ 28.447700001439017, -13.012200001633968 ], [ 28.45030000075576, -13.015799998964093 ], [ 28.452500000937704, -13.018899999573442 ], [ 28.454999998000361, -13.02230000082846 ], [ 28.457199998182304, -13.025300000153004 ], [ 28.458999999229487, -13.027899999043653 ], [ 28.461499999885397, -13.031399998642659 ], [ 28.463799997829842, -13.034499998816743 ], [ 28.465999998011785, -13.037599999302763 ], [ 28.468199998193764, -13.040700000090542 ], [ 28.470499999731462, -13.043800000289115 ], [ 28.472699999913406, -13.046900000769105 ], [ 28.474900000095349, -13.049899999297963 ], [ 28.476100001092927, -13.05429999931283 ], [ 28.477200001633047, -13.058499999251106 ], [ 28.47819999991912, -13.062300000206697 ], [ 28.479299999560943, -13.066199999173628 ], [ 28.480400000101064, -13.070500001088048 ], [ 28.481400001980422, -13.074299998159114 ], [ 28.482400000266495, -13.078000001619646 ], [ 28.483499999908283, -13.081900000275787 ], [ 28.484600000448438, -13.086300000327254 ], [ 28.485700000090262, -13.090300001395464 ], [ 28.487799998018158, -13.098000001567458 ], [ 28.488800000795781, -13.101900000182187 ], [ 28.489799999081885, -13.10570000094023 ], [ 28.490899998723677, -13.109600000154163 ], [ 28.491900000603035, -13.113499999275517 ], [ 28.491900000603035, -13.113499999275517 ], [ 28.493000001143155, -13.11769999913508 ], [ 28.494100000784979, -13.121700000296531 ], [ 28.496199998712875, -13.129500001436483 ], [ 28.497200000592201, -13.133400000401927 ], [ 28.498199999776602, -13.13720000199854 ], [ 28.498199999776602, -13.13720000199854 ], [ 28.499299999418426, -13.141100000359398 ], [ 28.500300001297752, -13.145100001201675 ], [ 28.501299999583829, -13.148699999194998 ], [ 28.502500001479699, -13.153200000446834 ], [ 28.503499999765772, -13.157099999139474 ], [ 28.504599999407596, -13.160900000441771 ], [ 28.505600001286922, -13.164700001045823 ], [ 28.506700001827078, -13.168900001848993 ], [ 28.507800001468897, -13.172800000969863 ], [ 28.50879999975497, -13.176600002068975 ], [ 28.509799998041043, -13.18039999887141 ], [ 28.510899998581163, -13.184399999591859 ], [ 28.511900000460489, -13.188299998521414 ], [ 28.513999998388385, -13.19610000013598 ], [ 28.515000000267744, -13.199999999259624 ], [ 28.51929999927588, -13.216200001153553 ], [ 28.520300001155242, -13.21979999929785 ], [ 28.521400000797065, -13.223799999642486 ], [ 28.522399999083135, -13.227499998882777 ], [ 28.523499999623258, -13.231699999572376 ], [ 28.524399999248534, -13.23519999944388 ], [ 28.525299999772141, -13.238499999297874 ], [ 28.528400000477664, -13.250199999352494 ], [ 28.529500000119484, -13.254099998629886 ], [ 28.530499998405556, -13.258000001462834 ], [ 28.532600000825038, -13.265799999234998 ], [ 28.533599999111111, -13.269799999712401 ], [ 28.534699998752934, -13.273699999099167 ], [ 28.536800001172413, -13.281599998310824 ], [ 28.537799999458485, -13.285399999419477 ], [ 28.538899999100273, -13.289400000220317 ], [ 28.539900000979635, -13.293299999203215 ], [ 28.540899999265704, -13.296999998247687 ], [ 28.541999999805828, -13.301100001042139 ], [ 28.543099999447652, -13.30499999945844 ], [ 28.544100001326978, -13.308899998525089 ], [ 28.548300001674352, -13.324600000290621 ], [ 28.549299999960425, -13.328400001140452 ], [ 28.550400000500545, -13.332300000162459 ], [ 28.551500000142369, -13.336300000353624 ], [ 28.552499998428438, -13.34019999961631 ], [ 28.553599998070265, -13.344099998465994 ], [ 28.556699998775816, -13.355700000728223 ], [ 28.557700000655142, -13.359600000238787 ], [ 28.558699998941215, -13.363299999577029 ], [ 28.559999998599583, -13.368099998665631 ], [ 28.562100001019065, -13.37589999998924 ], [ 28.563000000644344, -13.379500001846772 ], [ 28.563999998930417, -13.383200000557592 ], [ 28.565099999470537, -13.387299999679787 ], [ 28.566300001366407, -13.391600001748934 ], [ 28.567499998770728, -13.396099999401031 ], [ 28.569699998952672, -13.403999998900694 ], [ 28.570700000831998, -13.407900001432862 ], [ 28.571699999118074, -13.411800000560552 ], [ 28.572799999658223, -13.415699999781088 ], [ 28.573800001537553, -13.419599999074103 ], [ 28.574900001179376, -13.423599999317506 ], [ 28.5760000017195, -13.427599999776985 ], [ 28.578099999647392, -13.435499999267044 ], [ 28.579199999289216, -13.43930000032594 ], [ 28.580200001168542, -13.443100001948189 ], [ 28.581300001708698, -13.447099998420104 ], [ 28.582400001350489, -13.45109999937524 ], [ 28.583599999653106, -13.455200002015827 ], [ 28.584800001549009, -13.459100000578982 ], [ 28.585900001190801, -13.462999999867137 ], [ 28.586899999476874, -13.466800000551325 ], [ 28.58810000137278, -13.470699999362308 ], [ 28.589200001014568, -13.474500000151544 ], [ 28.590300001554724, -13.478399999285124 ], [ 28.591299999840793, -13.482200000101891 ], [ 28.592500000838371, -13.486099999478579 ], [ 28.593699999140956, -13.490299999402289 ], [ 28.594700001020314, -13.494100001068377 ], [ 28.595800001560434, -13.497900001267583 ], [ 28.596900001202261, -13.50169999910212 ], [ 28.598200000860629, -13.506299999017209 ], [ 28.599300000502421, -13.51009999937656 ], [ 28.600400001042576, -13.513900000826805 ], [ 28.6015000006844, -13.517900000949577 ], [ 28.602499998970469, -13.521400000885212 ], [ 28.603599999510593, -13.525300000107022 ], [ 28.605900001048287, -13.533399999214398 ] ] ] } },
{ "type": "Feature", "properties": { "OBJECTID_1": 48, "OBJECTID_2": 2362, "OBJECTID": 67669, "BANDWIDTH": 0, "FROM_": null, "Source": null, "TO_": null, "regional": null, "project": null, "AICDstatus": null, "COUNTRY": null, "AICD": 0.000000, "CNTRY_NAME": null, "PNUMBER": null, "VOLTAGE_KV": 0, "FROM_NM": null, "TO_NM": null, "STATUS": null, "SOURCES": null, "PROJECT_NM": null, "id": null, "power": "line", "name": null, "voltage": "330000", "operator": null, "cables": 3, "wires": null, "Shape_Leng": 0.739829, "Shape_Le_1": 83915.614967, "Shape_Le_2": 83915.614967 }, "geometry": { "type": "MultiLineString", "coordinates": [ [ [ 28.405400000186383, -12.954199999335774 ], [ 28.407699998130788, -12.957400001744071 ], [ 28.410000000566818, -12.960599999511938 ], [ 28.412300002104516, -12.963799997914595 ], [ 28.414600000048956, -12.967000000464846 ], [ 28.416999999349116, -12.970300000521647 ], [ 28.419399998649308, -12.973600000295084 ], [ 28.423799999013198, -12.979699998983817 ], [ 28.426100000550896, -12.982999999271208 ], [ 28.42830000073284, -12.986000001546605 ], [ 28.430700000033035, -12.989300001672895 ], [ 28.432999997977479, -12.992499999541931 ], [ 28.435100000396925, -12.99549999837747 ], [ 28.437499999697117, -12.998799998386104 ], [ 28.440099999013825, -13.002300001866214 ], [ 28.444899998512511, -13.008999999400054 ], [ 28.447200000050206, -13.012299999901266 ], [ 28.449499997994646, -13.015500001282231 ], [ 28.451799999532309, -13.018599998645124 ], [ 28.454399998849052, -13.022199999600765 ], [ 28.456500001268498, -13.025199998390175 ], [ 28.458599999196394, -13.028099998558558 ], [ 28.461199998513138, -13.031599998817502 ], [ 28.463399998695081, -13.034699999097244 ], [ 28.465700000232776, -13.037799998807515 ], [ 28.467900000414719, -13.040899999699628 ], [ 28.47019999835916, -13.044100001118036 ], [ 28.474500000062257, -13.050099998417423 ], [ 28.475400000585864, -13.05350000064718 ], [ 28.477699998530305, -13.061999998853992 ], [ 28.478799999070425, -13.066199999173628 ], [ 28.478799999070425, -13.066199999173628 ], [ 28.480000000068003, -13.070599999267323 ], [ 28.480999998354072, -13.074400000062589 ], [ 28.48200000113173, -13.078099999362319 ], [ 28.483100000773518, -13.08210000044231 ], [ 28.484200000415345, -13.086399998183269 ], [ 28.485300000955498, -13.090399999368957 ], [ 28.48629999924157, -13.09420000021249 ], [ 28.487399998883394, -13.098099999017036 ], [ 28.48840000076272, -13.102000002191346 ], [ 28.489399999048793, -13.105799998744388 ], [ 28.490499999588916, -13.109700001636265 ], [ 28.491500001468275, -13.113600000912982 ], [ 28.492600001110066, -13.117800000803829 ], [ 28.493700001650218, -13.121800002078368 ], [ 28.494699999936291, -13.1257000006889 ], [ 28.495700001815617, -13.129500001436483 ], [ 28.496800001457441, -13.133499998241376 ], [ 28.497799999743513, -13.137300000031482 ], [ 28.498900000283665, -13.141199998544053 ], [ 28.499899998569738, -13.145100001201675 ], [ 28.500900000449064, -13.148699999194998 ], [ 28.502099997853353, -13.153299998918323 ], [ 28.503100000631008, -13.157200001281808 ], [ 28.504099998917081, -13.160999998372898 ], [ 28.505199998558904, -13.164799999166853 ], [ 28.506299998200728, -13.169100001618824 ], [ 28.508299999264455, -13.176699999669564 ], [ 28.509399998906279, -13.18050000106102 ], [ 28.510400000785605, -13.184500001005718 ], [ 28.511500001325725, -13.188400000080636 ], [ 28.51460000113298, -13.200100001251734 ], [ 28.519900002020478, -13.219900000996281 ], [ 28.521999999948338, -13.227800000419828 ], [ 28.523099999590162, -13.231800000727885 ], [ 28.524000000113773, -13.235300000904671 ], [ 28.524900000637349, -13.238600001146693 ], [ 28.528000000444603, -13.250300001614036 ], [ 28.529100000984723, -13.254200000147954 ], [ 28.530099999270792, -13.258099999597084 ], [ 28.532200000791942, -13.265900001159476 ], [ 28.533199999078015, -13.269900001729624 ], [ 28.53429999961817, -13.273800000370397 ], [ 28.535399999259994, -13.277800001187025 ], [ 28.53640000113932, -13.281699999806552 ], [ 28.537399999425389, -13.285500001089243 ], [ 28.538499999965513, -13.289500001980171 ], [ 28.539500001844871, -13.293200000789675 ], [ 28.540500000130944, -13.296900000499596 ], [ 28.541599999772767, -13.301100001042139 ], [ 28.542700000312887, -13.30499999945844 ], [ 28.543699998598957, -13.309000000056196 ], [ 28.547899998946335, -13.324700001411601 ], [ 28.548900000825665, -13.328499998911076 ], [ 28.550000000467488, -13.332400001577895 ], [ 28.550999998753557, -13.336399998333986 ], [ 28.552099999293681, -13.340300001240315 ], [ 28.553199998935504, -13.344200000214448 ], [ 28.556299999641055, -13.355799999370408 ], [ 28.557300001520382, -13.359700001642151 ], [ 28.558299999806451, -13.363400001186212 ], [ 28.559599999464822, -13.368200000018158 ], [ 28.561700000985972, -13.375999998064536 ], [ 28.56260000150958, -13.379599999288386 ], [ 28.563599999795652, -13.38329999908207 ], [ 28.564700000335773, -13.387400000877253 ], [ 28.565799999977596, -13.391499999680109 ], [ 28.567099999635968, -13.396200001292735 ], [ 28.569200002055414, -13.404100000983666 ], [ 28.570300001697237, -13.40800000011404 ], [ 28.57129999998331, -13.411899998477761 ], [ 28.572299998269379, -13.415800001330668 ], [ 28.573399997911203, -13.419700000737979 ], [ 28.574400000688861, -13.423700001052984 ], [ 28.575500000330685, -13.42770000158354 ], [ 28.577599998258581, -13.435600001256201 ], [ 28.578699998798701, -13.439399998951853 ], [ 28.579799998440524, -13.443300001223152 ], [ 28.580899998980644, -13.447299997831804 ], [ 28.581999998622468, -13.451200000928559 ], [ 28.583200000518342, -13.455299999197985 ], [ 28.584300000160166, -13.459199998749426 ], [ 28.585399999801989, -13.463100000783658 ], [ 28.586500000342109, -13.466899998101407 ], [ 28.587599999983933, -13.470800001415752 ], [ 28.588700000524089, -13.474700000118773 ], [ 28.58980000016588, -13.478599999465171 ], [ 28.590899999807704, -13.482399999699361 ], [ 28.592000000347859, -13.486299999286807 ], [ 28.593199997752144, -13.490400001063454 ], [ 28.594300001885554, -13.494199998480807 ], [ 28.595400001527345, -13.497999999705371 ], [ 28.59639999981345, -13.50169999910212 ], [ 28.597699999471786, -13.506299999017209 ], [ 28.598800000011938, -13.51009999937656 ], [ 28.599800001891268, -13.513799998590365 ], [ 28.601000000193881, -13.517900000949577 ], [ 28.602000002073211, -13.521299999198575 ], [ 28.603199999477532, -13.525400001851224 ], [ 28.605500001015194, -13.533500001029541 ], [ 28.608800001737293, -13.545299999061825 ], [ 28.609299998634555, -13.548999999001357 ], [ 28.609800000023363, -13.553199998724436 ], [ 28.610199999158127, -13.557199999733793 ], [ 28.610699999648642, -13.56120000022444 ], [ 28.611099999681734, -13.565299998991458 ], [ 28.611600000172253, -13.569099999771597 ], [ 28.611999999307013, -13.573100000280705 ], [ 28.612500000695825, -13.577100001062346 ], [ 28.612899999830585, -13.580600000867898 ], [ 28.613400001219432, -13.584600001881544 ], [ 28.613899998116661, -13.589200001347155 ], [ 28.614300001743004, -13.592999998434784 ], [ 28.614799998640269, -13.597199998757716 ], [ 28.615300000029077, -13.601300000899251 ], [ 28.615699999163873, -13.605300002186373 ], [ 28.616199999654352, -13.6092000007 ], [ 28.616700001043199, -13.61329999975216 ], [ 28.617100000177963, -13.617300000380016 ], [ 28.617600001566775, -13.621300001036905 ], [ 28.618000000701571, -13.625300001700765 ], [ 28.618500002090382, -13.629299997956657 ], [ 28.618900001225146, -13.633299998568445 ], [ 28.619399998122404, -13.637200001217161 ], [ 28.619800001748754, -13.641199998132802 ], [ 28.620299998645979, -13.645900000157043 ], [ 28.620800000034823, -13.649799998480562 ], [ 28.62110000140709, -13.653099998850633 ] ] ] } },
{ "type": "Feature", "properties": { "OBJECTID_1": 49, "OBJECTID_2": 2363, "OBJECTID": 67670, "BANDWIDTH": 0, "FROM_": null, "Source": null, "TO_": null, "regional": null, "project": null, "AICDstatus": null, "COUNTRY": null, "AICD": 0.000000, "CNTRY_NAME": null, "PNUMBER": null, "VOLTAGE_KV": 0, "FROM_NM": null, "TO_NM": null, "STATUS": null, "SOURCES": null, "PROJECT_NM": null, "id": null, "power": "line", "name": null, "voltage": "330000", "operator": null, "cables": 3, "wires": null, "Shape_Leng": 0.876224, "Shape_Le_1": 100351.427229, "Shape_Le_2": 100351.427229 }, "geometry": { "type": "MultiLineString", "coordinates": [ [ [ 28.571199998627556, -14.597100000955963 ], [ 28.57129999998331, -14.597600001906649 ], [ 28.571499999999858, -14.601000000074494 ], [ 28.571699999118074, -14.604300000019707 ], [ 28.56689999961942, -14.652500000061478 ], [ 28.56260000150958, -14.696899999203445 ], [ 28.558600001178753, -14.73719999905504 ], [ 28.554299999475624, -14.781599998636853 ], [ 28.550400000500545, -14.821800000630132 ], [ 28.546399999271419, -14.862599998738292 ], [ 28.542399998940592, -14.902600001161783 ], [ 28.540800001503207, -14.918800000173011 ], [ 28.537900000814204, -14.94750000190033 ], [ 28.534200001855673, -14.984099999220319 ], [ 28.532900002197302, -14.996100001264862 ], [ 28.531700000301431, -15.008099999235078 ], [ 28.529300000102939, -15.031899999980434 ], [ 28.525699998906905, -15.065999999365125 ], [ 28.521400000797065, -15.10590000085628 ], [ 28.521200001678814, -15.117899999256391 ], [ 28.520500000273458, -15.166400000541458 ], [ 28.519900002020478, -15.202899999493171 ], [ 28.519200000615086, -15.251200001631897 ], [ 28.518500000108059, -15.299300000048964 ], [ 28.517799999600996, -15.350699998834651 ], [ 28.517299998212152, -15.377200000147102 ], [ 28.516800001314927, -15.411600000752887 ], [ 28.516299999926083, -15.441500000259873 ], [ 28.516299999926083, -15.445700000937055 ], [ 28.516100000807864, -15.453999999760946 ], [ 28.516100000807864, -15.458000000965232 ], [ 28.515900000791319, -15.465599998851614 ], [ 28.515299998046757, -15.470199998574406 ], [ 28.515299998046757, -15.470699999127433 ] ] ] } },
{ "type": "Feature", "properties": { "OBJECTID_1": 50, "OBJECTID_2": 2364, "OBJECTID": 67671, "BANDWIDTH": 0, "FROM_": null, "Source": null, "TO_": null, "regional": null, "project": null, "AICDstatus": null, "COUNTRY": null, "AICD": 0.000000, "CNTRY_NAME": null, "PNUMBER": null, "VOLTAGE_KV": 0, "FROM_NM": null, "TO_NM": null, "STATUS": null, "SOURCES": null, "PROJECT_NM": null, "id": null, "power": "line", "name": null, "voltage": "330000", "operator": null, "cables": 3, "wires": null, "Shape_Leng": 0.420340, "Shape_Le_1": 48138.625332, "Shape_Le_2": 48138.625332 }, "geometry": { "type": "MultiLineString", "coordinates": [ [ [ 28.516899999077388, -15.471299998177139 ], [ 28.516899999077388, -15.472100001140598 ], [ 28.516800001314927, -15.474899999927626 ], [ 28.516699999959172, -15.478900000109137 ], [ 28.516600001298379, -15.482400000072023 ], [ 28.516600001298379, -15.485899999313343 ], [ 28.516499999942628, -15.489399999560202 ], [ 28.516399998586877, -15.493299998711239 ], [ 28.516299999926083, -15.498100001394414 ], [ 28.516199998570364, -15.501899998587499 ], [ 28.515500001656555, -15.547299999426391 ], [ 28.515500001656555, -15.551199998370754 ], [ 28.515299998046757, -15.56450000060412 ], [ 28.515099998928541, -15.573500000124431 ], [ 28.515099998928541, -15.577500000268449 ], [ 28.515000000267744, -15.581200000083658 ], [ 28.512299999595285, -15.582100000123578 ], [ 28.510299999429854, -15.582699999383951 ], [ 28.510200001667389, -15.585600000257744 ], [ 28.510200001667389, -15.58819999888672 ], [ 28.508699998399219, -15.631499998042582 ], [ 28.507399998740848, -15.669300001234156 ], [ 28.506299998200728, -15.704599998769314 ], [ 28.466400001638135, -15.752399999469075 ], [ 28.489599999065337, -15.845699999366829 ], [ 28.486099999225026, -15.852499999177985 ], [ 28.483199998536019, -15.857700001517081 ], [ 28.480000000068003, -15.863200001809659 ], [ 28.475999999737173, -15.8614000007725 ], [ 28.475699998364874, -15.860699999792297 ] ] ] } },
{ "type": "Feature", "properties": { "OBJECTID_1": 51, "OBJECTID_2": 2365, "OBJECTID": 67672, "BANDWIDTH": 0, "FROM_": null, "Source": null, "TO_": null, "regional": null, "project": null, "AICDstatus": null, "COUNTRY": null, "AICD": 0.000000, "CNTRY_NAME": null, "PNUMBER": null, "VOLTAGE_KV": 0, "FROM_NM": null, "TO_NM": null, "STATUS": null, "SOURCES": null, "PROJECT_NM": null, "id": null, "power": "line", "name": null, "voltage": "330000", "operator": "Zesco", "cables": 3, "wires": null, "Shape_Leng": 0.415970, "Shape_Le_1": 47651.918108, "Shape_Le_2": 47651.918108 }, "geometry": { "type": "MultiLineString", "coordinates": [ [ [ 28.47630000110944, -15.860399998867567 ], [ 28.47630000110944, -15.861000001134659 ], [ 28.479800000949751, -15.862599998344274 ], [ 28.482700001638761, -15.857400000422205 ], [ 28.48590000010681, -15.851700000754363 ], [ 28.48910000216808, -15.845600001437063 ], [ 28.46590000024932, -15.752199999852852 ], [ 28.505800001303466, -15.704399999434697 ], [ 28.506999999606084, -15.668900001917995 ], [ 28.508299999264455, -15.630899999654252 ], [ 28.509700000278546, -15.588599998464131 ], [ 28.509799998041043, -15.585799999660869 ], [ 28.509900000295094, -15.582699999383951 ], [ 28.510699998564615, -15.579199999734108 ], [ 28.511500001325725, -15.575699999812009 ], [ 28.512400000951004, -15.571699999036422 ], [ 28.513300001474612, -15.56760000100363 ], [ 28.51390000062592, -15.565099999625954 ], [ 28.514100000642468, -15.55099999885973 ], [ 28.514199998404933, -15.547200002132215 ], [ 28.514899998911993, -15.500399999369417 ], [ 28.514899998911993, -15.497400000955937 ], [ 28.515000000267744, -15.493200000177307 ], [ 28.515099998928541, -15.489399999560202 ], [ 28.515200000284292, -15.485800001511272 ], [ 28.515299998046757, -15.482400000072023 ], [ 28.515400000300804, -15.479400001160812 ], [ 28.515200000284292, -15.475200001349897 ], [ 28.515099998928541, -15.472100001140598 ], [ 28.515099998928541, -15.471299998177139 ] ] ] } },
{ "type": "Feature", "properties": { "OBJECTID_1": 52, "OBJECTID_2": 2366, "OBJECTID": 67673, "BANDWIDTH": 0, "FROM_": null, "Source": null, "TO_": null, "regional": null, "project": null, "AICDstatus": null, "COUNTRY": null, "AICD": 0.000000, "CNTRY_NAME": null, "PNUMBER": null, "VOLTAGE_KV": 0, "FROM_NM": null, "TO_NM": null, "STATUS": null, "SOURCES": null, "PROJECT_NM": null, "id": null, "power": "line", "name": null, "voltage": "330000", "operator": null, "cables": 3, "wires": null, "Shape_Leng": 0.483624, "Shape_Le_1": 54455.468773, "Shape_Le_2": 54455.468773 }, "geometry": { "type": "MultiLineString", "coordinates": [ [ [ 28.514800001149496, -15.471299998177139 ], [ 28.514699998895445, -15.472100001140598 ], [ 28.51460000113298, -15.474300000989238 ], [ 28.510600000802153, -15.475900002085059 ], [ 28.506599999572995, -15.477600001232267 ], [ 28.491400000112524, -15.483699999771449 ], [ 28.478799999070425, -15.489599999430133 ], [ 28.442400000551523, -15.506600000388923 ], [ 28.387800000527385, -15.532099999147329 ], [ 28.364100001711368, -15.54320000125947 ], [ 28.356199998812208, -15.546900000375299 ], [ 28.326699998618178, -15.560699999326186 ], [ 28.314899999438897, -15.574000000642588 ], [ 28.297800001168749, -15.593299999927666 ], [ 28.296000000121566, -15.594700001148963 ], [ 28.289799999608793, -15.605200000323665 ], [ 28.255199998543812, -15.625700000302066 ], [ 28.249999999910365, -15.639199998087582 ], [ 28.246900000103146, -15.647100001466301 ], [ 28.240600000929575, -15.663499999686845 ], [ 28.237500001122317, -15.663699999574002 ], [ 28.216200001606495, -15.67579999905923 ], [ 28.194899998497387, -15.709399998008715 ], [ 28.155000001036495, -15.717399999539126 ], [ 28.139800000677695, -15.738899998694638 ], [ 28.139499999305396, -15.739399999606713 ] ] ] } },
{ "type": "Feature", "properties": { "OBJECTID_1": 53, "OBJECTID_2": 2367, "OBJECTID": 67674, "BANDWIDTH": 0, "FROM_": null, "Source": null, "TO_": null, "regional": null, "project": null, "AICDstatus": null, "COUNTRY": null, "AICD": 0.000000, "CNTRY_NAME": null, "PNUMBER": null, "VOLTAGE_KV": 0, "FROM_NM": null, "TO_NM": null, "STATUS": null, "SOURCES": null, "PROJECT_NM": null, "id": null, "power": "line", "name": null, "voltage": "132000", "operator": null, "cables": 3, "wires": null, "Shape_Leng": 0.060899, "Shape_Le_1": 6866.083990, "Shape_Le_2": 6866.083990 }, "geometry": { "type": "MultiLineString", "coordinates": [ [ [ 28.273299999591618, -15.4134000021681 ], [ 28.27309999957507, -15.414799999327688 ], [ 28.273499999608166, -15.41640000082081 ], [ 28.27389999874293, -15.418799999713505 ], [ 28.274999998384754, -15.42590000129398 ], [ 28.276799999431933, -15.427600000023913 ], [ 28.278599999580784, -15.429299998602859 ], [ 28.280400000627967, -15.431000001385899 ], [ 28.282499998555863, -15.432799999014522 ], [ 28.288100000815657, -15.437100001012691 ], [ 28.302000001516092, -15.443599998728839 ], [ 28.306699998760724, -15.445700000937055 ], [ 28.315900001318223, -15.449999999678159 ], [ 28.316199999097268, -15.450100001046524 ] ] ] } },
{ "type": "Feature", "properties": { "OBJECTID_1": 54, "OBJECTID_2": 2368, "OBJECTID": 67675, "BANDWIDTH": 0, "FROM_": null, "Source": null, "TO_": null, "regional": null, "project": null, "AICDstatus": null, "COUNTRY": null, "AICD": 0.000000, "CNTRY_NAME": null, "PNUMBER": null, "VOLTAGE_KV": 0, "FROM_NM": null, "TO_NM": null, "STATUS": null, "SOURCES": null, "PROJECT_NM": null, "id": null, "power": "line", "name": null, "voltage": "330000", "operator": null, "cables": 3, "wires": null, "Shape_Leng": 0.012090, "Shape_Le_1": 1373.852496, "Shape_Le_2": 1373.852496 }, "geometry": { "type": "MultiLineString", "coordinates": [ [ [ 28.757599997874188, -16.517400000138469 ], [ 28.757199998739427, -16.517400000138469 ], [ 28.756200000453354, -16.518100000588095 ], [ 28.757599997874188, -16.519900001467931 ], [ 28.762600000982676, -16.526099998157964 ], [ 28.762699998745138, -16.526299998218636 ] ] ] } },
{ "type": "Feature", "properties": { "OBJECTID_1": 55, "OBJECTID_2": 2369, "OBJECTID": 67676, "BANDWIDTH": 0, "FROM_": null, "Source": null, "TO_": null, "regional": null, "project": null, "AICDstatus": null, "COUNTRY": null, "AICD": 0.000000, "CNTRY_NAME": null, "PNUMBER": null, "VOLTAGE_KV": 0, "FROM_NM": null, "TO_NM": null, "STATUS": null, "SOURCES": null, "PROJECT_NM": null, "id": null, "power": "line", "name": null, "voltage": "330000", "operator": null, "cables": 3, "wires": null, "Shape_Leng": 0.011453, "Shape_Le_1": 1303.131326, "Shape_Le_2": 1303.131326 }, "geometry": { "type": "MultiLineString", "coordinates": [ [ [ 28.758499998397799, -16.517099998540875 ], [ 28.758900002024113, -16.517299998502889 ], [ 28.758600000651846, -16.518199999204782 ], [ 28.757800001483993, -16.519099999128866 ], [ 28.757800001483993, -16.519499998117873 ], [ 28.763000000117437, -16.52569999914061 ], [ 28.763300001489704, -16.525899998754124 ] ] ] } },
{ "type": "Feature", "properties": { "OBJECTID_1": 56, "OBJECTID_2": 2370, "OBJECTID": 67677, "BANDWIDTH": 0, "FROM_": null, "Source": null, "TO_": null, "regional": null, "project": null, "AICDstatus": null, "COUNTRY": null, "AICD": 0.000000, "CNTRY_NAME": null, "PNUMBER": null, "VOLTAGE_KV": 0, "FROM_NM": null, "TO_NM": null, "STATUS": null, "SOURCES": null, "PROJECT_NM": null, "id": null, "power": "line", "name": null, "voltage": "132000", "operator": null, "cables": 3, "wires": null, "Shape_Leng": 0.199721, "Shape_Le_1": 22252.436240, "Shape_Le_2": 22252.436240 }, "geometry": { "type": "MultiLineString", "coordinates": [ [ [ 28.31670000048608, -15.45039999875967 ], [ 28.317200000976595, -15.450599998443041 ], [ 28.342000000332732, -15.462099998773541 ], [ 28.35170000068582, -15.462799999920634 ], [ 28.38760000051084, -15.465100001511228 ], [ 28.448100000573781, -15.469099998281262 ], [ 28.500599999076766, -15.472500000577275 ], [ 28.50290000061446, -15.472500000577275 ], [ 28.504999998542356, -15.472399998831328 ], [ 28.507100000961838, -15.472399998831328 ], [ 28.509300001143782, -15.472300000521168 ], [ 28.511399999071678, -15.472300000521168 ], [ 28.513300001474612, -15.472300000521168 ], [ 28.513500001491156, -15.472300000521168 ] ] ] } },
{ "type": "Feature", "properties": { "OBJECTID_1": 57, "OBJECTID_2": 2403, "OBJECTID": 67828, "BANDWIDTH": 0, "FROM_": null, "Source": null, "TO_": null, "regional": null, "project": null, "AICDstatus": null, "COUNTRY": null, "AICD": 0.000000, "CNTRY_NAME": null, "PNUMBER": null, "VOLTAGE_KV": 0, "FROM_NM": null, "TO_NM": null, "STATUS": null, "SOURCES": null, "PROJECT_NM": null, "id": null, "power": "line", "name": null, "voltage": "220000", "operator": null, "cables": 3, "wires": null, "Shape_Leng": 2.091008, "Shape_Le_1": 235082.933937, "Shape_Le_2": 235082.933937 }, "geometry": { "type": "MultiLineString", "coordinates": [ [ [ 25.86219999915739, -17.934199999746799 ], [ 25.862599998292151, -17.934599999458566 ], [ 25.864700000711633, -17.93560000118492 ], [ 25.866599999521281, -17.936500001289453 ], [ 25.868999998821472, -17.934900000576842 ], [ 25.871399999019964, -17.933299999845271 ], [ 25.873799998320123, -17.931699999096349 ], [ 25.876200002111904, -17.929999999571432 ], [ 25.878600001412067, -17.928399998737689 ], [ 25.878100000023252, -17.927700001994928 ], [ 25.878699999174561, -17.925200000473271 ], [ 25.879399999681592, -17.922400001395555 ], [ 25.88010000108698, -17.919500000922525 ], [ 25.880800001594011, -17.916499998392823 ], [ 25.881499998507817, -17.91380000152984 ], [ 25.882100001252379, -17.911200001835262 ], [ 25.882800001759442, -17.908199999874419 ], [ 25.883600000028967, -17.904800001765569 ], [ 25.88439999919682, -17.901099998698065 ], [ 25.885000001941386, -17.898699998777936 ], [ 25.885699998855159, -17.895700000399351 ], [ 25.886300001599754, -17.892999999505957 ], [ 25.886799998496983, -17.890700001118702 ], [ 25.887400001241545, -17.888300001602989 ], [ 25.888000000392854, -17.885600000306646 ], [ 25.889499999169441, -17.883299998629361 ], [ 25.890700001065312, -17.881299998651695 ], [ 25.892200000740232, -17.8790000008145 ], [ 25.893699999516819, -17.876499999453742 ], [ 25.895399999208248, -17.87379999807024 ], [ 25.897599998491895, -17.870299998631037 ], [ 25.89919999952253, -17.867699999053425 ], [ 25.901000000569713, -17.864799998642049 ], [ 25.903099998497606, -17.861600000608846 ], [ 25.904800001782323, -17.858700000132458 ], [ 25.903399999869908, -17.855999998634367 ], [ 25.901999998855782, -17.853399999020496 ], [ 25.900499999180898, -17.850499999140411 ], [ 25.898800000387769, -17.847500000239226 ], [ 25.897100001594634, -17.84430000205538 ], [ 25.895899999698763, -17.841899998109241 ], [ 25.894400000922175, -17.839200000980579 ], [ 25.8951999991917, -17.835999998897183 ], [ 25.896099999715307, -17.832400001834415 ], [ 25.897000000238918, -17.829000000078675 ], [ 25.897899999864194, -17.825499999940945 ], [ 25.898800000387769, -17.822000000772828 ], [ 25.899599999555623, -17.818700000648143 ], [ 25.900499999180898, -17.815000001107162 ], [ 25.901399999704477, -17.811700001483974 ], [ 25.898899998150267, -17.810699999303402 ], [ 25.895700000580547, -17.809400000030909 ], [ 25.892499998519241, -17.808200001721744 ], [ 25.889899999202534, -17.807199999470292 ], [ 25.88650000071797, -17.805799998660714 ], [ 25.883999999163731, -17.804900002102372 ], [ 25.88140000074532, -17.803800001693581 ], [ 25.879000000546828, -17.802900001807728 ], [ 25.876299999874369, -17.801800001826535 ], [ 25.873899999675878, -17.800900001195959 ], [ 25.87130000035917, -17.799800000783481 ], [ 25.868200000551916, -17.798599999078043 ], [ 25.864700000711633, -17.797300000062414 ], [ 25.861400000887834, -17.795899998083495 ], [ 25.857999998810016, -17.794599998957029 ], [ 25.854899999002793, -17.793400000592342 ], [ 25.85200000190704, -17.792300000728396 ], [ 25.849199998980534, -17.791099998764583 ], [ 25.846400000545575, -17.789999999188169 ], [ 25.843199998484305, -17.788800001372767 ], [ 25.839499998627446, -17.78730000166232 ], [ 25.836899999310738, -17.786299999647774 ], [ 25.834199998638248, -17.785700001226708 ], [ 25.830600001035467, -17.785000000346962 ], [ 25.827199998957649, -17.784200001842919 ], [ 25.823600001354837, -17.783500001037673 ], [ 25.820300001531066, -17.782800000037867 ], [ 25.817299999486309, -17.782200000905476 ], [ 25.814300001034841, -17.781500000774187 ], [ 25.811700001718133, -17.780999999103745 ], [ 25.80799999826802, -17.780200000542262 ], [ 25.685499999365518, -17.75439999987902 ], [ 25.649300001761485, -17.755800001276647 ], [ 25.646099999700215, -17.755899999292225 ], [ 25.642999998994664, -17.7560000006942 ], [ 25.639800000526616, -17.75609999859665 ], [ 25.63630000158463, -17.756299998535575 ], [ 25.632800001744318, -17.756400000572071 ], [ 25.629099998294201, -17.756499998248231 ], [ 25.62539999933567, -17.756700002038336 ], [ 25.621599998123088, -17.756799999544821 ], [ 25.618000000520276, -17.756900001298412 ], [ 25.614700000696509, -17.757100001193013 ], [ 25.611400000872738, -17.757199999333903 ], [ 25.607900001032426, -17.757300000861267 ], [ 25.604099999819844, -17.757399998889046 ], [ 25.600799999996077, -17.757599998217874 ], [ 25.597700000188823, -17.7577000003797 ], [ 25.594799999499816, -17.757800001624148 ], [ 25.591499998777753, -17.757899999369073 ], [ 25.588199998953986, -17.758000001361143 ], [ 25.585099999146763, -17.758099998992943 ], [ 25.581999998441212, -17.758299999251243 ], [ 25.578999999989705, -17.758400001017002 ], [ 25.576200000656453, -17.758499998422497 ], [ 25.573399998628243, -17.758600000075099 ], [ 25.570799999311536, -17.758699998228167 ], [ 25.566799998082409, -17.758799999767618 ], [ 25.563299998242094, -17.758999999233861 ], [ 25.559599999283563, -17.759100001464322 ], [ 25.556200001697295, -17.759199999334509 ], [ 25.552499998247182, -17.759399999208838 ], [ 25.548999998406867, -17.759500000352226 ], [ 25.545800000837147, -17.759599998856856 ], [ 25.542800001487347, -17.75969999988709 ], [ 25.539700001680128, -17.75979999827857 ], [ 25.53669999873707, -17.760000001777613 ], [ 25.533700000285567, -17.760099999999341 ], [ 25.53079999959656, -17.760200001607405 ], [ 25.527800001145092, -17.760299998855221 ], [ 25.524999998218583, -17.760400001210844 ], [ 25.52210000202113, -17.760499999206257 ], [ 25.51889999995986, -17.760600000587992 ], [ 25.515500001475296, -17.760699998470226 ], [ 25.51190000027923, -17.76089999836859 ], [ 25.508600000455459, -17.760999999523971 ], [ 25.505199998377645, -17.761100001483513 ], [ 25.501600000774832, -17.761300000929197 ], [ 25.497900001816301, -17.761399999276044 ], [ 25.494300000620235, -17.761500001009257 ], [ 25.490699999424201, -17.761700000862994 ], [ 25.486999999567338, -17.761799998983527 ], [ 25.483399998371272, -17.761999998497746 ], [ 25.479800000768495, -17.762099999891401 ], [ 25.476199999572426, -17.762200001228482 ], [ 25.472699999732114, -17.762400001150688 ], [ 25.469300002145882, -17.762499998875104 ], [ 25.465700000949813, -17.762600000846525 ], [ 25.462099998855447, -17.762800000316037 ], [ 25.45879999903168, -17.762899998674808 ], [ 25.455600000563663, -17.763000000419879 ], [ 25.452199999384145, -17.763099997804765 ], [ 25.449000000916094, -17.763300001872683 ], [ 25.445700001092327, -17.763399999948511 ], [ 25.44240000126856, -17.763500001410627 ], [ 25.439100001444793, -17.763599999373241 ], [ 25.436000000739238, -17.763799998571628 ], [ 25.432900000033719, -17.764199998010685 ], [ 25.429600000209948, -17.76469999904862 ], [ 25.426500000402694, -17.765099998171618 ], [ 25.423300001934678, -17.765599999244767 ], [ 25.420200001229126, -17.766100000624281 ], [ 25.417199999184405, -17.766500000020514 ], [ 25.414000000716353, -17.767000000574342 ], [ 25.410900000909134, -17.767400000514918 ], [ 25.407800000203579, -17.76790000110357 ], [ 25.40469999949806, -17.768300000727656 ], [ 25.401700001046557, -17.768800001350986 ], [ 25.398499998985287, -17.769200000658532 ], [ 25.395300000517238, -17.769699997873644 ], [ 25.392200000710016, -17.770199998837548 ], [ 25.388900000886249, -17.770599998417428 ], [ 25.385299999690179, -17.771200000822493 ], [ 25.381799999849868, -17.77169999840072 ], [ 25.378600001381852, -17.772199999727516 ], [ 25.375300001558085, -17.772599999081205 ], [ 25.372099999496811, -17.773099999581305 ], [ 25.368399999639948, -17.773600001247743 ], [ 25.365200002070232, -17.774099998055835 ], [ 25.362300001381225, -17.774500000851887 ], [ 25.359000000659126, -17.774999998554311 ], [ 25.355700000835359, -17.775499999144234 ], [ 25.352499998774089, -17.776000000900286 ], [ 25.349300001204369, -17.776400000252895 ], [ 25.346099999143096, -17.776900001181623 ], [ 25.342799998421, -17.777399998112418 ], [ 25.339600000851281, -17.777800001178452 ], [ 25.336399998790007, -17.778299998142373 ], [ 25.332899998949692, -17.778799999714717 ], [ 25.329799998244141, -17.77930000073156 ], [ 25.326499998420374, -17.779800001192896 ], [ 25.323499999968902, -17.780200000542262 ], [ 25.320700000635615, -17.778200000756282 ], [ 25.317699998590893, -17.77609999867175 ], [ 25.31480000149514, -17.773899998469659 ], [ 25.311799999450383, -17.771800000328533 ], [ 25.308800000998914, -17.769699997873644 ], [ 25.30570000029336, -17.76749999799161 ], [ 25.302799999604357, -17.76529999825426 ], [ 25.299800001152885, -17.763200000297392 ], [ 25.296900000463879, -17.761100001483513 ], [ 25.293900002012379, -17.75890000125051 ], [ 25.291000001323372, -17.756900001298412 ], [ 25.288100000634365, -17.754799999073288 ], [ 25.285100002182897, -17.752599999622294 ], [ 25.282299999256356, -17.750599998982434 ], [ 25.279300000804884, -17.748399998923166 ], [ 25.27629999786183, -17.746300000765704 ], [ 25.273299999410327, -17.744100000590407 ], [ 25.270300000958859, -17.741999998729696 ], [ 25.267799999404613, -17.740099999671415 ], [ 25.267200000253304, -17.737100001621204 ], [ 25.266499999746244, -17.733600002035075 ], [ 25.265900000594936, -17.730000000707577 ], [ 25.265200000087905, -17.726500001076573 ], [ 25.2646000009366, -17.723000001144385 ], [ 25.263900000429537, -17.719399999560281 ], [ 25.263300001278228, -17.715900000541801 ], [ 25.262600000771169, -17.712400000409406 ], [ 25.261999998026603, -17.708900000900829 ], [ 25.261399998875294, -17.705499999243905 ], [ 25.260699998368231, -17.702100001272555 ], [ 25.260099999216958, -17.698600001650355 ], [ 25.259399998709895, -17.695000000500524 ], [ 25.258799999558587, -17.691500000294962 ], [ 25.258099999051524, -17.688000000808216 ], [ 25.257499999900215, -17.684399999897092 ], [ 25.256799999393156, -17.680899999924598 ], [ 25.256099998886128, -17.677299998867245 ], [ 25.255499999734816, -17.6737999993355 ], [ 25.254900000583511, -17.670400001228405 ], [ 25.254299997838945, -17.667100000828601 ], [ 25.25360000092514, -17.663699999404695 ], [ 25.252999998180577, -17.660199999844671 ], [ 25.252300001266768, -17.656800001670824 ], [ 25.251699999420534, -17.653299998065577 ], [ 25.251100000269226, -17.649799998797668 ], [ 25.250399999762166, -17.646299999576843 ], [ 25.249800000610858, -17.64279999955766 ], [ 25.249100000103795, -17.639199997869486 ], [ 25.248500000952522, -17.635899998260967 ], [ 25.247900001801209, -17.63280000174904 ], [ 25.247299999056612, -17.62929999818364 ], [ 25.246699999905303, -17.626300000072629 ], [ 25.246199999414824, -17.623500000304869 ], [ 25.24570000161923, -17.620799999684596 ], [ 25.245200001128719, -17.618099998646755 ], [ 25.244699999739904, -17.615400001505702 ], [ 25.244199998351096, -17.612599998481642 ], [ 25.242899998692724, -17.609700002100308 ], [ 25.241700001288436, -17.606800000774239 ], [ 25.240400001630064, -17.603900000542602 ], [ 25.239199999734193, -17.600999999691496 ], [ 25.238000001431573, -17.598099999091435 ], [ 25.236800000433998, -17.595199998751458 ], [ 25.235500000775662, -17.592300001265247 ], [ 25.234200001117291, -17.589299999302714 ], [ 25.23299999922142, -17.586500000243952 ], [ 25.231899998681264, -17.583799998778044 ], [ 25.230700001276976, -17.581000000516305 ], [ 25.229499999381105, -17.578200001450494 ], [ 25.228300001078484, -17.575399999003793 ], [ 25.22710000008091, -17.572599999215626 ], [ 25.22599999954079, -17.570000000635083 ], [ 25.224800002136504, -17.567299998871906 ], [ 25.223700001596349, -17.564599998558673 ], [ 25.222499999700474, -17.56179999937714 ], [ 25.2212999987029, -17.55889999836203 ], [ 25.21999999904456, -17.556099999573274 ], [ 25.218899998504408, -17.553300000914291 ], [ 25.217599998846069, -17.550400000004611 ], [ 25.216400001441748, -17.547600000926831 ], [ 25.213899999887541, -17.545699998800266 ], [ 25.211399998333295, -17.543799999777786 ], [ 25.208799999016556, -17.541800000116698 ], [ 25.206999998867705, -17.540399998697545 ], [ 25.204799998685761, -17.538800001403136 ], [ 25.202599998503782, -17.53709999809687 ], [ 25.200199999203619, -17.535200000048235 ], [ 25.197900001259178, -17.533500000498254 ], [ 25.195199999688391, -17.531500000452255 ], [ 25.192800000388228, -17.529700000112783 ], [ 25.190200001071524, -17.527600001141774 ], [ 25.187600001754781, -17.525699998887884 ], [ 25.185100000200539, -17.523800000626942 ], [ 25.182700000900379, -17.521999999666729 ], [ 25.179999999329588, -17.51990000185063 ], [ 25.177200000894668, -17.517799999264433 ], [ 25.174499999323874, -17.515700001392485 ], [ 25.171799998651419, -17.513700000999883 ], [ 25.169100001572211, -17.511599999084822 ], [ 25.166499998662218, -17.509599998664882 ], [ 25.16389999934551, -17.507599998362249 ], [ 25.161200002266305, -17.505600001627744 ], [ 25.15850000069555, -17.503600001568667 ], [ 25.155800000023088, -17.501499999545722 ], [ 25.153299998468849, -17.499600000970034 ], [ 25.150800000507861, -17.497600000436393 ], [ 25.148099999835399, -17.495600000037836 ], [ 25.14539999916294, -17.493599999777263 ], [ 25.142700001185407, -17.491500001480787 ], [ 25.140000000512945, -17.489500001253788 ], [ 25.137400001196237, -17.487500001173846 ], [ 25.134700000523782, -17.485399998809555 ], [ 25.132100001207071, -17.483399998781582 ], [ 25.129500001890335, -17.481500000121546 ], [ 25.12689999898037, -17.479499999797145 ], [ 25.124200001002837, -17.477400001370036 ], [ 25.121500000330375, -17.475400001121933 ], [ 25.118299998269105, -17.474700000477572 ], [ 25.114900000682841, -17.474100001574232 ], [ 25.111499998605023, -17.473400000179552 ], [ 25.108199998781252, -17.472800001249091 ], [ 25.104800001194988, -17.47219999859243 ], [ 25.101599999133683, -17.471500001871526 ], [ 25.098400000665666, -17.470899999188251 ], [ 25.094999998587852, -17.470199998269585 ], [ 25.091699998764085, -17.469599999870784 ], [ 25.088500000296033, -17.469000000332542 ], [ 25.085200000472266, -17.468299999778612 ], [ 25.08179999929278, -17.467700001076871 ], [ 25.078699998587226, -17.467099997787432 ], [ 25.075500000119177, -17.466499999393935 ], [ 25.07220000029541, -17.465799998595266 ], [ 25.051800001303192, -17.463199998756991 ], [ 25.024500001291109, -17.457400001624467 ], [ 24.999100000088703, -17.451600000385064 ], [ 24.995799999366604, -17.450899999402914 ], [ 24.992300000424621, -17.451000001187957 ], [ 24.988800000584305, -17.45120000114245 ], [ 24.985500000760538, -17.451299999311967 ], [ 24.982400000054987, -17.451400000874841 ], [ 24.978900000214672, -17.451499998933279 ], [ 24.975699998153399, -17.451600000385064 ], [ 24.972300000567135, -17.451699998332462 ], [ 24.968899998489317, -17.451799999673156 ], [ 24.965700000919597, -17.451900001820576 ], [ 24.962699997976543, -17.451999999601316 ], [ 24.960200000913886, -17.452799997954585 ], [ 24.957499999343096, -17.453699998212027 ], [ 24.954399999535873, -17.454799998548072 ], [ 24.951299998830319, -17.455800000859302 ], [ 24.948699999513615, -17.456599999570816 ], [ 24.945700001062111, -17.457600001366757 ], [ 24.942899998135601, -17.458500001767987 ], [ 24.940299998818894, -17.459399998531019 ], [ 24.937199999011639, -17.460400000289507 ], [ 24.934199999661839, -17.461399998215644 ], [ 24.930799998482353, -17.462499998913835 ], [ 24.927900001386604, -17.463399998951044 ], [ 24.925200000714142, -17.464299998797344 ], [ 24.92240000138089, -17.465199999314663 ], [ 24.919700000708428, -17.466099999640566 ], [ 24.916700001358631, -17.467099997787432 ], [ 24.914000000686137, -17.467999998091475 ], [ 24.910999998641412, -17.469000000332542 ], [ 24.907900001529114, -17.469999998738345 ], [ 24.904800001721892, -17.471000001067665 ], [ 24.901799998778838, -17.471999999560996 ], [ 24.898800000327338, -17.472899999485602 ], [ 24.895500000503567, -17.473999999694449 ], [ 24.892099999324049, -17.475099999208954 ], [ 24.88899999861853, -17.476199999752865 ], [ 24.885800000150478, -17.477200001225675 ], [ 24.882700000343259, -17.478199999722452 ], [ 24.879700000993456, -17.47920000213961 ], [ 24.876600001186237, -17.480199999855788 ], [ 24.873500000480682, -17.481199998043266 ], [ 24.870099999301161, -17.48229999833039 ], [ 24.867299999967909, -17.483199998416644 ], [ 24.864399999278906, -17.48420000060181 ], [ 24.861299999471679, -17.485199998946353 ], [ 24.858199998766128, -17.486200001208566 ], [ 24.855099998060577, -17.487199999629482 ], [ 24.852099999609109, -17.488200001105156 ], [ 24.848900001141093, -17.489300001644281 ], [ 24.845899999096336, -17.490300000051292 ], [ 24.842700000628319, -17.491300001511902 ], [ 24.839699998583558, -17.492299999991481 ], [ 24.836700000132055, -17.493299998075791 ], [ 24.834600001305866, -17.493199999983322 ], [ 24.832499999784716, -17.493099998387102 ], [ 24.829799998213925, -17.491500001480787 ], [ 24.827199998897218, -17.489900000666864 ], [ 24.824499998224756, -17.488299999394908 ], [ 24.821800001145554, -17.486600000210334 ], [ 24.818999998219013, -17.484900001320433 ], [ 24.81630000113984, -17.483300000351097 ], [ 24.813400000450837, -17.481500000121546 ], [ 24.810499999761831, -17.479800000402385 ], [ 24.807599999072824, -17.478000000468125 ], [ 24.804699998383821, -17.476300001271188 ], [ 24.802099999067078, -17.474700000477572 ], [ 24.799400001987909, -17.473099999240318 ], [ 24.796500001298902, -17.471299998613119 ], [ 24.793600000609896, -17.469599999870784 ], [ 24.790800001276644, -17.467900000579114 ], [ 24.787999998350099, -17.466200001602104 ], [ 24.785199999915147, -17.464499998630824 ], [ 24.782400000581891, -17.462800000288578 ], [ 24.779599998553678, -17.461199999247423 ], [ 24.776799999220426, -17.459499999905312 ], [ 24.774099998547968, -17.457800000886838 ], [ 24.771200001452218, -17.456099997882813 ], [ 24.76849999988146, -17.45439999951704 ], [ 24.765599999192453, -17.452700000618133 ], [ 24.762800000757498, -17.451000001187957 ], [ 24.759900000068491, -17.449200000223595 ], [ 24.757100000735239, -17.44750000137892 ], [ 24.754200000046232, -17.445799998559441 ], [ 24.751299999357226, -17.443999998222246 ], [ 24.748500000922306, -17.442299999448714 ], [ 24.745600000233296, -17.440600000154909 ], [ 24.742600001781796, -17.438799999600608 ], [ 24.739599998838742, -17.436999999174333 ], [ 24.736900001759533, -17.435299999893235 ], [ 24.734299998849576, -17.433800000399998 ], [ 24.731199998144021, -17.431899998069699 ], [ 24.728199999692517, -17.430100001172171 ], [ 24.725400001257597, -17.428399998907739 ], [ 24.72260000192431, -17.426699999587075 ], [ 24.7197999989978, -17.425099998674217 ], [ 24.717000000562845, -17.423300002023627 ], [ 24.714000001213044, -17.421599999472615 ], [ 24.711300000540582, -17.419899999872751 ], [ 24.706599998804396, -17.417100001121458 ], [ 24.703200001218164, -17.416200000918835 ], [ 24.699700001377849, -17.415199998782839 ], [ 24.696100000181783, -17.414299998590483 ], [ 24.692600000341468, -17.413400001671466 ], [ 24.689100001399485, -17.412500001126844 ], [ 24.686099998456427, -17.411699998983305 ], [ 24.682899999988379, -17.410799998586047 ], [ 24.679600000164609, -17.409899998876003 ], [ 24.67660000171314, -17.409099999870552 ], [ 24.673399999651835, -17.408300000769625 ], [ 24.66989999981152, -17.407400000670037 ], [ 24.666599999987753, -17.40650000039626 ], [ 24.663400001519737, -17.40650000039626 ], [ 24.660500000830734, -17.40650000039626 ], [ 24.657499998785976, -17.40650000039626 ], [ 24.654500000334505, -17.40650000039626 ], [ 24.65139999962895, -17.40650000039626 ], [ 24.648400001177482, -17.40650000039626 ], [ 24.645300000471931, -17.40650000039626 ], [ 24.641899999292409, -17.40650000039626 ], [ 24.638700000824393, -17.40650000039626 ], [ 24.635600001017174, -17.40650000039626 ], [ 24.632399998955869, -17.40659999834838 ], [ 24.629399999606068, -17.40659999834838 ], [ 24.626200002036349, -17.40659999834838 ], [ 24.622999999975079, -17.40659999834838 ], [ 24.619899999269524, -17.40659999834838 ], [ 24.616700000801508, -17.40659999834838 ], [ 24.613499998740203, -17.40659999834838 ], [ 24.610399998932984, -17.40659999834838 ], [ 24.607200000464967, -17.40659999834838 ], [ 24.604099999759416, -17.40659999834838 ], [ 24.601100001307913, -17.40659999834838 ], [ 24.59800000150069, -17.40659999834838 ], [ 24.594900000795139, -17.40659999834838 ], [ 24.591699998733866, -17.40659999834838 ], [ 24.588300001147601, -17.40659999834838 ], [ 24.584800001307286, -17.40659999834838 ], [ 24.581700000601771, -17.407099999352397 ], [ 24.578899998573554, -17.407600000696604 ], [ 24.576099999240302, -17.40810000151853 ], [ 24.573199998551299, -17.408599999230862 ], [ 24.570300001455546, -17.409099999870552 ], [ 24.56740000076654, -17.409600000850247 ], [ 24.564500000077537, -17.410100002169902 ], [ 24.561500001626065, -17.410599999517387 ], [ 24.558600000937059, -17.411099999792015 ], [ 24.555700000248056, -17.411699998983305 ], [ 24.552900001813097, -17.412099998773471 ], [ 24.549899998870043, -17.412700001539861 ], [ 24.546500001283775, -17.413299999724469 ], [ 24.543099999205957, -17.413800001143702 ], [ 24.539900000737944, -17.414399999983353 ], [ 24.537000000048938, -17.414900000942243 ], [ 24.534000001597434, -17.41539999879096 ], [ 24.530799999536164, -17.416000000934989 ], [ 24.52769999972891, -17.416499998323072 ], [ 24.524500001260893, -17.417100001121458 ], [ 24.521499999216132, -17.417599998048679 ], [ 24.518399998510617, -17.418099999627039 ], [ 24.515400000059113, -17.418600000682176 ], [ 24.511999997981295, -17.419199999084434 ], [ 24.508699998157528, -17.419799998078481 ], [ 24.505600001943559, -17.420299999596541 ], [ 24.502500001238008, -17.420899998381664 ], [ 24.499499999193251, -17.421399999438083 ], [ 24.4963999984877, -17.421900000833347 ], [ 24.493400000036228, -17.422499999470933 ], [ 24.490200001568212, -17.423000000404226 ], [ 24.486999999506907, -17.423599999694623 ], [ 24.483899999699688, -17.424100000165694 ], [ 24.480599999875917, -17.424699999246279 ], [ 24.477200001391356, -17.425400000250043 ], [ 24.473700001551041, -17.426100001123853 ], [ 24.470300000371523, -17.426899999780993 ], [ 24.466800000531205, -17.427600000006411 ], [ 24.463300000690889, -17.428399998907739 ], [ 24.459600001732362, -17.429099999346498 ], [ 24.456099998298793, -17.429900001940617 ], [ 24.452399999340258, -17.430700000122737 ], [ 24.449000000855698, -17.431400001117417 ], [ 24.445599999676176, -17.432399999671418 ], [ 24.442000002073364, -17.433400001301312 ], [ 24.438399999979001, -17.434399999970601 ], [ 24.434900001037015, -17.435400001715045 ], [ 24.431400001196703, -17.436399999635903 ], [ 24.427900001356388, -17.437399998044285 ], [ 24.424400001516073, -17.438400000388974 ], [ 24.420699998964285, -17.439399998908957 ], [ 24.417399999140518, -17.440400000502247 ], [ 24.414099998418422, -17.441300000640101 ], [ 24.410399999459887, -17.442299999448714 ], [ 24.406800001857075, -17.443399999573927 ], [ 24.403200000661045, -17.444400001384459 ], [ 24.399700000820729, -17.445399999368291 ], [ 24.39609999962466, -17.446400001285273 ], [ 24.392499998428629, -17.44740000023705 ], [ 24.388900000825817, -17.44839999794781 ], [ 24.385200000968954, -17.449499997897465 ], [ 24.381900001145187, -17.45039999826712 ], [ 24.378499999965697, -17.451400000874841 ], [ 24.374899997871303, -17.452399998791154 ], [ 24.371300000268523, -17.453400000637934 ], [ 24.367699999072457, -17.454500001082536 ], [ 24.36410000146968, -17.455499999024781 ], [ 24.360500000273611, -17.456500000896252 ], [ 24.357000000433295, -17.457499999799008 ], [ 24.353399999237265, -17.458500001767987 ], [ 24.34989999939695, -17.459499999905312 ], [ 24.346599999573179, -17.460400000289507 ], [ 24.343199998393658, -17.460400000289507 ], [ 24.339799999909097, -17.460400000289507 ], [ 24.336199998713031, -17.460400000289507 ], [ 24.3324999997545, -17.460400000289507 ], [ 24.328699998541886, -17.460299998553101 ], [ 24.325199998701606, -17.460299998553101 ], [ 24.321600001098794, -17.460299998553101 ], [ 24.317899998547006, -17.460299998553101 ], [ 24.314300000944197, -17.460299998553101 ], [ 24.311000001120426, -17.460299998553101 ], [ 24.307300001263563, -17.460200000209888 ], [ 24.303900000084077, -17.460200000209888 ], [ 24.299899998854919, -17.460200000209888 ], [ 24.296399999014604, -17.460200000209888 ], [ 24.292900000072621, -17.460200000209888 ], [ 24.289500001588056, -17.460200000209888 ], [ 24.285700000375442, -17.460099999224564 ], [ 24.282000001416915, -17.460099999224564 ], [ 24.278299998865126, -17.460099999224564 ], [ 24.274799999024811, -17.460099999224564 ], [ 24.271600000556795, -17.460099999224564 ], [ 24.26810000071648, -17.460099999224564 ], [ 24.264600000876168, -17.460099999224564 ], [ 24.261999997966171, -17.457899998839149 ], [ 24.259100000870454, -17.455400001463602 ], [ 24.256400000197996, -17.453200001402692 ], [ 24.253800000881256, -17.451000001187957 ], [ 24.250999997954743, -17.448699999541027 ], [ 24.248100001757326, -17.446299999532698 ], [ 24.245400000186535, -17.443999998222246 ], [ 24.24260000175158, -17.441599998537352 ], [ 24.239999997943286, -17.439399998908957 ], [ 24.236900001729317, -17.436900000827102 ], [ 24.234600000191623, -17.434999998406283 ], [ 24.229499999320673, -17.433400001301312 ], [ 24.227699999171822, -17.4329999987281 ], [ 24.224199999331507, -17.431899998069699 ], [ 24.221200000880003, -17.431100000038441 ], [ 24.217700001039688, -17.429999999859493 ], [ 24.21539999950199, -17.428199998652797 ], [ 24.213300000675801, -17.426500000033702 ], [ 24.210600000003343, -17.425900000905052 ], [ 24.208000000686599, -17.425299998055511 ], [ 24.206000000521204, -17.425099998674217 ], [ 24.204000000355805, -17.424800000911134 ], [ 24.203499998966958, -17.425999999317526 ], [ 24.203400001204496, -17.426699999587075 ], [ 24.203899998101722, -17.426800001005301 ], [ 24.204199999474021, -17.426899999780993 ] ] ] } },
{ "type": "Feature", "properties": { "OBJECTID_1": 58, "OBJECTID_2": 2404, "OBJECTID": 67829, "BANDWIDTH": 0, "FROM_": null, "Source": null, "TO_": null, "regional": null, "project": null, "AICDstatus": null, "COUNTRY": null, "AICD": 0.000000, "CNTRY_NAME": null, "PNUMBER": null, "VOLTAGE_KV": 0, "FROM_NM": null, "TO_NM": null, "STATUS": null, "SOURCES": null, "PROJECT_NM": null, "id": null, "power": "line", "name": null, "voltage": "220000", "operator": null, "cables": 3, "wires": null, "Shape_Leng": 0.091563, "Shape_Le_1": 10482.338119, "Shape_Le_2": 7317.288068 }, "geometry": { "type": "MultiLineString", "coordinates": [ [ [ 24.204100001711524, -17.42720000094948 ], [ 24.203600000322712, -17.42720000094948 ], [ 24.20329999895041, -17.427499998169523 ], [ 24.204899999981084, -17.43039999874124 ], [ 24.206900000146479, -17.4329999987281 ], [ 24.20879999895616, -17.435500000032214 ], [ 24.210799999121555, -17.438099998888564 ], [ 24.212699997931239, -17.440600000154909 ], [ 24.214600000334137, -17.443000000227119 ], [ 24.216800000516116, -17.445799998559441 ], [ 24.218800000681512, -17.448500000258903 ], [ 24.220699999491192, -17.450899999402914 ], [ 24.222500000538375, -17.453200001402692 ], [ 24.224199999331507, -17.455499999024781 ], [ 24.226599998631666, -17.458500001767987 ], [ 24.228399999678849, -17.460900001240446 ], [ 24.230300002081783, -17.463399998951044 ], [ 24.232299998653929, -17.465899999861435 ], [ 24.234099998802812, -17.468299999778612 ], [ 24.236200001222258, -17.471000001067665 ], [ 24.238299999150154, -17.473700001480427 ], [ 24.240200001553088, -17.476199999752865 ], [ 24.240299999315585, -17.477100000207962 ], [ 24.239773399709513, -17.478002746243707 ] ] ] } },
{ "type": "Feature", "properties": { "OBJECTID_1": 59, "OBJECTID_2": 2411, "OBJECTID": 67869, "BANDWIDTH": 0, "FROM_": null, "Source": null, "TO_": null, "regional": null, "project": null, "AICDstatus": null, "COUNTRY": null, "AICD": 0.000000, "CNTRY_NAME": null, "PNUMBER": null, "VOLTAGE_KV": 0, "FROM_NM": null, "TO_NM": null, "STATUS": null, "SOURCES": null, "PROJECT_NM": null, "id": null, "power": "line", "name": null, "voltage": "330000", "operator": null, "cables": 3, "wires": null, "Shape_Leng": 1.572819, "Shape_Le_1": 177573.284755, "Shape_Le_2": 442.095758 }, "geometry": { "type": "MultiLineString", "coordinates": [ [ [ 28.763900000641009, -16.525899998754124 ], [ 28.764299999775776, -16.526399999470151 ], [ 28.767590128012902, -16.526804051548112 ] ] ] } },
{ "type": "Feature", "properties": { "OBJECTID_1": 60, "OBJECTID_2": 2412, "OBJECTID": 67870, "BANDWIDTH": 0, "FROM_": null, "Source": null, "TO_": null, "regional": null, "project": null, "AICDstatus": null, "COUNTRY": null, "AICD": 0.000000, "CNTRY_NAME": null, "PNUMBER": null, "VOLTAGE_KV": 0, "FROM_NM": null, "TO_NM": null, "STATUS": null, "SOURCES": null, "PROJECT_NM": null, "id": null, "power": "line", "name": null, "voltage": "330000", "operator": null, "cables": 3, "wires": null, "Shape_Leng": 1.572933, "Shape_Le_1": 177584.486248, "Shape_Le_2": 446.539739 }, "geometry": { "type": "MultiLineString", "coordinates": [ [ [ 28.766517558428284, -16.527834962219632 ], [ 28.766199998585453, -16.527800001088174 ], [ 28.763099997879905, -16.527500000244803 ], [ 28.762699998745138, -16.527100000697086 ] ] ] } },
{ "type": "Feature", "properties": { "OBJECTID_1": 61, "OBJECTID_2": 2413, "OBJECTID": 67871, "BANDWIDTH": 0, "FROM_": null, "Source": null, "TO_": null, "regional": null, "project": null, "AICDstatus": null, "COUNTRY": null, "AICD": 0.000000, "CNTRY_NAME": null, "PNUMBER": null, "VOLTAGE_KV": 0, "FROM_NM": null, "TO_NM": null, "STATUS": null, "SOURCES": null, "PROJECT_NM": null, "id": null, "power": "line", "name": null, "voltage": "330000", "operator": null, "cables": 3, "wires": null, "Shape_Leng": 1.573124, "Shape_Le_1": 177605.645945, "Shape_Le_2": 448.444394 }, "geometry": { "type": "MultiLineString", "coordinates": [ [ [ 28.766901234276023, -16.527466188943073 ], [ 28.766299999941204, -16.527399997836895 ], [ 28.763399999252201, -16.527100000697086 ], [ 28.763000000117437, -16.526799998752747 ] ] ] } },
{ "type": "Feature", "properties": { "OBJECTID_1": 62, "OBJECTID_2": 2701, "OBJECTID": 77529, "BANDWIDTH": 0, "FROM_": null, "Source": null, "TO_": null, "regional": null, "project": null, "AICDstatus": null, "COUNTRY": null, "AICD": 0.000000, "CNTRY_NAME": null, "PNUMBER": null, "VOLTAGE_KV": 0, "FROM_NM": null, "TO_NM": null, "STATUS": null, "SOURCES": null, "PROJECT_NM": null, "id": null, "power": "line", "name": null, "voltage": "330000", "operator": null, "cables": 3, "wires": null, "Shape_Leng": 0.734617, "Shape_Le_1": 83814.348193, "Shape_Le_2": 83814.348193 }, "geometry": { "type": "MultiLineString", "coordinates": [ [ [ 28.645599998492663, -13.865600001164461 ], [ 28.645199999357871, -13.869600001820599 ], [ 28.644800000223107, -13.873599998480231 ], [ 28.644400000190046, -13.877700000903205 ], [ 28.64400000105525, -13.881499997972604 ], [ 28.643500000564771, -13.885899997910997 ], [ 28.643100000531678, -13.889800001140177 ], [ 28.642799999159379, -13.893399998720906 ], [ 28.642400000024615, -13.897399999009396 ], [ 28.6418999995341, -13.901799999425178 ], [ 28.64149999950104, -13.905800000187661 ], [ 28.641100000366279, -13.909800000264022 ], [ 28.639400001573147, -13.925799999407889 ], [ 28.638999998845094, -13.929800000108925 ], [ 28.638599998812037, -13.933800000868391 ], [ 28.638199999677273, -13.937800001664156 ], [ 28.632500000553311, -13.99430000054871 ], [ 28.625999998668238, -14.0588000010997 ], [ 28.619600001732206, -14.121899999685628 ], [ 28.613499998981897, -14.182300001530095 ], [ 28.609499998651103, -14.222300000360756 ], [ 28.609099999516303, -14.226300001382466 ], [ 28.607099998452611, -14.246599997939784 ], [ 28.60579999879424, -14.258999999666875 ], [ 28.604600001389915, -14.271099999666209 ], [ 28.602099999835705, -14.295699998643528 ], [ 28.601300001566148, -14.303800001329371 ], [ 28.600099999670274, -14.31580000023196 ], [ 28.596000000678654, -14.357299998296529 ], [ 28.591600001213095, -14.401500001117352 ], [ 28.58729999861167, -14.44460000118977 ], [ 28.583500001890641, -14.48349999972366 ], [ 28.579500000661515, -14.524500000972125 ], [ 28.57559999809315, -14.564300001088936 ], [ 28.574400000688861, -14.576699998591829 ], [ 28.573199998792987, -14.588799998391373 ], [ 28.571099999966762, -14.596000000413275 ], [ 28.571099999966762, -14.596299998091498 ] ] ] } },
{ "type": "Feature", "properties": { "OBJECTID_1": 63, "OBJECTID_2": 2702, "OBJECTID": 77530, "BANDWIDTH": 0, "FROM_": null, "Source": null, "TO_": null, "regional": null, "project": null, "AICDstatus": null, "COUNTRY": null, "AICD": 0.000000, "CNTRY_NAME": null, "PNUMBER": null, "VOLTAGE_KV": 0, "FROM_NM": null, "TO_NM": null, "STATUS": null, "SOURCES": null, "PROJECT_NM": null, "id": null, "power": "line", "name": null, "voltage": "330000", "operator": null, "cables": 3, "wires": null, "Shape_Leng": 0.357846, "Shape_Le_1": 40861.352264, "Shape_Le_2": 40861.352264 }, "geometry": { "type": "MultiLineString", "coordinates": [ [ [ 28.572799999658223, -14.596400000141545 ], [ 28.572900001013942, -14.596099999102149 ], [ 28.574200000672313, -14.592000000254258 ], [ 28.575800001702952, -14.57559999808471 ], [ 28.57710000136132, -14.562699999645838 ], [ 28.580800000319851, -14.525199998332985 ], [ 28.584800001549009, -14.484299998825326 ], [ 28.588700000524089, -14.444699999165488 ], [ 28.592900000871431, -14.401599999421189 ], [ 28.597199998981271, -14.358699999479697 ], [ 28.601199999312101, -14.318599999254833 ], [ 28.603700000866343, -14.294399999124668 ], [ 28.607299998469124, -14.257899999627794 ], [ 28.608600001720745, -14.245299998863889 ], [ 28.609099999516303, -14.240499999008007 ] ] ] } },
{ "type": "Feature", "properties": { "OBJECTID_1": 64, "OBJECTID_2": 2703, "OBJECTID": 77531, "BANDWIDTH": 0, "FROM_": null, "Source": null, "TO_": null, "regional": null, "project": null, "AICDstatus": null, "COUNTRY": null, "AICD": 0.000000, "CNTRY_NAME": null, "PNUMBER": null, "VOLTAGE_KV": 0, "FROM_NM": null, "TO_NM": null, "STATUS": null, "SOURCES": null, "PROJECT_NM": null, "id": null, "power": "line", "name": null, "voltage": "330000", "operator": null, "cables": 3, "wires": null, "Shape_Leng": 0.690209, "Shape_Le_1": 78755.198654, "Shape_Le_2": 78755.198654 }, "geometry": { "type": "MultiLineString", "coordinates": [ [ [ 28.640500001214971, -13.909800000264022 ], [ 28.640099998486917, -13.913800001387116 ], [ 28.639699999352157, -13.917900000124071 ], [ 28.639300000217393, -13.921900000644488 ], [ 28.6389000001843, -13.925700001014603 ], [ 28.63850000104954, -13.929699998204114 ], [ 28.638099998321522, -13.933699998962412 ], [ 28.637699999186758, -13.937800001664156 ], [ 28.637299999153665, -13.941899999949866 ], [ 28.636900000018901, -13.945900000751266 ], [ 28.636500000884141, -13.949900001521968 ], [ 28.636100001749377, -13.953800000380188 ], [ 28.635699999021327, -13.957800001025106 ], [ 28.63529999898827, -13.961899999918709 ], [ 28.634899999853506, -13.96579999849358 ], [ 28.634399999362991, -13.969900000629515 ], [ 28.634100001583946, -13.97399999904054 ], [ 28.633699997957596, -13.977800000601862 ], [ 28.633299998822839, -13.981800001211601 ], [ 28.632899999688075, -13.985899999909396 ], [ 28.632500000553311, -13.99020000171803 ], [ 28.631700001385454, -13.997900002060158 ], [ 28.631299998657436, -14.002500001498417 ], [ 28.630899999522676, -14.006200000895918 ], [ 28.630500000387912, -14.010200001149308 ], [ 28.629999998999068, -14.014299999976513 ], [ 28.629599999864304, -14.018199998718465 ], [ 28.62920000072954, -14.021999999733 ], [ 28.628400001561687, -14.030000000834074 ], [ 28.627900001071172, -14.034600000512782 ], [ 28.627199999665812, -14.042599998403228 ], [ 28.626800000531052, -14.046300001506047 ], [ 28.626300000040537, -14.050700001466094 ], [ 28.625900000007444, -14.054600000141178 ], [ 28.62550000087268, -14.058600001237327 ], [ 28.625199999500417, -14.061599999876575 ], [ 28.624899998128114, -14.065499998966022 ], [ 28.624400001230857, -14.06969999895721 ], [ 28.624000002096093, -14.073600001959019 ], [ 28.623700000723829, -14.077700000489912 ], [ 28.623199999334986, -14.081799999053857 ], [ 28.622800000200222, -14.085799999639182 ], [ 28.622400001065461, -14.089800000294952 ], [ 28.622000001032365, -14.093800000998822 ], [ 28.621599998304347, -14.097499999796929 ], [ 28.621199999169587, -14.101799998078366 ], [ 28.620900001390542, -14.105900001057366 ], [ 28.62040000000173, -14.109900001708542 ], [ 28.619899999511215, -14.114199999912756 ], [ 28.619699999494671, -14.117899999291453 ], [ 28.619199999004156, -14.121899999685628 ], [ 28.613099999847133, -14.182199999981711 ], [ 28.609099999516303, -14.222300000360756 ], [ 28.608699999483242, -14.226300001382466 ], [ 28.606699999317811, -14.246399998912523 ], [ 28.605399999659475, -14.258900001799473 ], [ 28.604200002255155, -14.271000001978789 ], [ 28.601700000700948, -14.295400000979871 ], [ 28.600900001533091, -14.303599998549577 ], [ 28.599700000535517, -14.315400000363109 ], [ 28.595500000188171, -14.357399999988738 ], [ 28.591200001179999, -14.401500001117352 ], [ 28.586899999476874, -14.444499999666842 ], [ 28.583099998264291, -14.483600001849888 ], [ 28.579000000171, -14.52439999916581 ], [ 28.575100001195921, -14.564199999155743 ], [ 28.573899999300046, -14.576699998591829 ], [ 28.572700000997433, -14.588699999843321 ], [ 28.571600001355609, -14.592700001244166 ], [ 28.570599999476251, -14.596000000413275 ], [ 28.570700000831998, -14.596299998091498 ] ] ] } },
{ "type": "Feature", "properties": { "OBJECTID_1": 65, "OBJECTID_2": 2704, "OBJECTID": 77532, "BANDWIDTH": 0, "FROM_": null, "Source": null, "TO_": null, "regional": null, "project": null, "AICDstatus": null, "COUNTRY": null, "AICD": 0.000000, "CNTRY_NAME": null, "PNUMBER": null, "VOLTAGE_KV": 0, "FROM_NM": null, "TO_NM": null, "STATUS": null, "SOURCES": null, "PROJECT_NM": null, "id": null, "power": "line", "name": null, "voltage": "330000", "operator": null, "cables": 3, "wires": null, "Shape_Leng": 0.476931, "Shape_Le_1": 54445.159507, "Shape_Le_2": 54445.159507 }, "geometry": { "type": "MultiLineString", "coordinates": [ [ [ 28.62000000086697, -14.122000000931948 ], [ 28.614000000370741, -14.182300001530095 ], [ 28.609900001379117, -14.222399998871939 ], [ 28.609600000006818, -14.226399998978007 ], [ 28.607500002078922, -14.246800002044726 ], [ 28.606199998827332, -14.259100000993955 ], [ 28.605000000524715, -14.271200000813105 ], [ 28.60260000122452, -14.295800000110679 ], [ 28.601399999328645, -14.307900000194744 ], [ 28.600499998805038, -14.315900001400344 ], [ 28.59639999981345, -14.357599999734385 ], [ 28.592000000347859, -14.401599999421189 ], [ 28.587800000000481, -14.44460000118977 ], [ 28.583900001025402, -14.483600001849888 ], [ 28.579899999796279, -14.524599999232324 ], [ 28.5760000017195, -14.564300001088936 ], [ 28.574799999823625, -14.576499998197413 ], [ 28.573699999283505, -14.588100001465016 ], [ 28.573300000148741, -14.591899998804012 ], [ 28.57200000049037, -14.596099999102149 ], [ 28.571899999134615, -14.596400000141545 ] ] ] } },
{ "type": "Feature", "properties": { "OBJECTID_1": 66, "OBJECTID_2": 2705, "OBJECTID": 77533, "BANDWIDTH": 0, "FROM_": null, "Source": null, "TO_": null, "regional": null, "project": null, "AICDstatus": null, "COUNTRY": null, "AICD": 0.000000, "CNTRY_NAME": null, "PNUMBER": null, "VOLTAGE_KV": 0, "FROM_NM": null, "TO_NM": null, "STATUS": null, "SOURCES": null, "PROJECT_NM": null, "id": null, "power": "line", "name": null, "voltage": "330000", "operator": null, "cables": 3, "wires": null, "Shape_Leng": 0.876298, "Shape_Le_1": 100360.148622, "Shape_Le_2": 100360.148622 }, "geometry": { "type": "MultiLineString", "coordinates": [ [ [ 28.572200000506918, -14.597100000955963 ], [ 28.572299998269379, -14.597699999859175 ], [ 28.572500001879181, -14.600499999075668 ], [ 28.572099998252835, -14.604400001886146 ], [ 28.56729999965248, -14.652600001561684 ], [ 28.563000000644344, -14.696899999203445 ], [ 28.559000000313514, -14.737300000648997 ], [ 28.554699998610417, -14.781700000538507 ], [ 28.550799999635341, -14.821899998617337 ], [ 28.546799998406183, -14.862300000647844 ], [ 28.542800001668638, -14.902600001161783 ], [ 28.541200000637971, -14.918800000173011 ], [ 28.538299999948965, -14.94750000190033 ], [ 28.534600000990434, -14.984099999220319 ], [ 28.533399999094563, -14.996100001264862 ], [ 28.532099999436191, -15.008099999235078 ], [ 28.529700000136028, -15.031800002219086 ], [ 28.526200000295717, -15.066100000955517 ], [ 28.521799999931829, -15.10590000085628 ], [ 28.521600000813578, -15.117899999256391 ], [ 28.520900000306547, -15.166400000541458 ], [ 28.520300001155242, -15.203000001969247 ], [ 28.519699998410676, -15.251200001631897 ], [ 28.51900000149687, -15.299300000048964 ], [ 28.51819999873576, -15.350699998834651 ], [ 28.517799999600996, -15.377000000401976 ], [ 28.517200000449691, -15.411600000752887 ], [ 28.516800001314927, -15.441500000259873 ], [ 28.516699999959172, -15.445700000937055 ], [ 28.516600001298379, -15.453999999760946 ], [ 28.516499999942628, -15.458000000965232 ], [ 28.516399998586877, -15.466200001539113 ], [ 28.516299999926083, -15.470199998574406 ], [ 28.516299999926083, -15.470800000833725 ] ] ] } },
{ "type": "Feature", "properties": { "OBJECTID_1": 67, "OBJECTID_2": 2706, "OBJECTID": 77534, "BANDWIDTH": 0, "FROM_": null, "Source": null, "TO_": null, "regional": null, "project": null, "AICDstatus": null, "COUNTRY": null, "AICD": 0.000000, "CNTRY_NAME": null, "PNUMBER": null, "VOLTAGE_KV": 0, "FROM_NM": null, "TO_NM": null, "STATUS": null, "SOURCES": null, "PROJECT_NM": null, "id": null, "power": "line", "name": null, "voltage": "330000", "operator": null, "cables": 3, "wires": null, "Shape_Leng": 0.671188, "Shape_Le_1": 75806.757111, "Shape_Le_2": 75806.757111 }, "geometry": { "type": "MultiLineString", "coordinates": [ [ [ 28.24289999887398, -12.819600000919804 ], [ 28.243599999381047, -12.819899998930548 ], [ 28.247799999728421, -12.825899999475284 ], [ 28.250399999045126, -12.829599998945772 ], [ 28.252500001464607, -12.832499999175859 ], [ 28.260999999921793, -12.834600001731429 ], [ 28.264800001134404, -12.835499998523748 ], [ 28.269000001481778, -12.83659999810652 ], [ 28.272900000456858, -12.837499998227123 ], [ 28.276900000787652, -12.838500000411068 ], [ 28.280900001118482, -12.839499998566687 ], [ 28.284699998737807, -12.840500000626934 ], [ 28.288499999950421, -12.841400001592673 ], [ 28.292300001163003, -12.842399999523542 ], [ 28.296399999256327, -12.843400001357969 ], [ 28.300099999113154, -12.84430000150263 ], [ 28.303800001664975, -12.845199998382871 ], [ 28.308299999791362, -12.846400000309828 ], [ 28.311900000987396, -12.847300000149474 ], [ 28.315499998590205, -12.848200001131142 ], [ 28.319200002040322, -12.849100001491648 ], [ 28.323800001522461, -12.850200000729266 ], [ 28.328000001869803, -12.851300001258128 ], [ 28.331799998590832, -12.852200001827736 ], [ 28.333700000993765, -12.854800001087074 ], [ 28.33639999807297, -12.858499999837079 ], [ 28.338899999627181, -12.86210000134686 ], [ 28.341200001164875, -12.865299999322279 ], [ 28.343899999142412, -12.868999999047491 ], [ 28.37709999829497, -12.91499999924501 ], [ 28.379399999832668, -12.918099999445227 ], [ 28.381800000031159, -12.921500001285478 ], [ 28.384199999331319, -12.924699999536816 ], [ 28.386500000869017, -12.927999999417541 ], [ 28.388799998813457, -12.931200001404045 ], [ 28.391100000351152, -12.934399999722265 ], [ 28.393399998295596, -12.937500000031649 ], [ 28.395699999833294, -12.940800000288469 ], [ 28.397999997777735, -12.943999998108586 ], [ 28.400499999331945, -12.947400000268294 ], [ 28.403099998648685, -12.95100000110876 ], [ 28.405400000186383, -12.954199999335774 ], [ 28.407699998130788, -12.957400001744071 ], [ 28.410000000566818, -12.960599999511938 ], [ 28.414600000048956, -12.967000000464846 ], [ 28.416999999349116, -12.970300000521647 ], [ 28.419399998649308, -12.973600000295084 ], [ 28.423799999013198, -12.979699998983817 ], [ 28.426100000550896, -12.982999999271208 ], [ 28.42830000073284, -12.986000001546605 ], [ 28.430700000033035, -12.989300001672895 ], [ 28.432999997977479, -12.992499999541931 ], [ 28.435100000396925, -12.99549999837747 ], [ 28.437499999697117, -12.998799998386104 ], [ 28.440099999013825, -13.002300001866214 ], [ 28.444899998512511, -13.008999999400054 ], [ 28.447200000050206, -13.012299999901266 ], [ 28.449499997994646, -13.015500001282231 ], [ 28.451799999532309, -13.018599998645124 ], [ 28.454399998849052, -13.022199999600765 ], [ 28.456500001268498, -13.025199998390175 ], [ 28.461199998513138, -13.031599998817502 ], [ 28.463399998695081, -13.034699999097244 ], [ 28.465700000232776, -13.037799998807515 ], [ 28.467900000414719, -13.040899999699628 ], [ 28.47019999835916, -13.044100001118036 ], [ 28.472399998541107, -13.04720000219289 ], [ 28.474500000062257, -13.050099998417423 ], [ 28.475400000585864, -13.05350000064718 ], [ 28.477699998530305, -13.061999998853992 ], [ 28.478799999070425, -13.066199999173628 ], [ 28.480000000068003, -13.070599999267323 ], [ 28.480999998354072, -13.074400000062589 ], [ 28.48200000113173, -13.078099999362319 ], [ 28.483100000773518, -13.08210000044231 ], [ 28.484200000415345, -13.086399998183269 ], [ 28.485300000955498, -13.090399999368957 ], [ 28.48629999924157, -13.09420000021249 ], [ 28.487399998883394, -13.098099999017036 ], [ 28.48840000076272, -13.102000002191346 ], [ 28.490499999588916, -13.109700001636265 ], [ 28.494699999936291, -13.1257000006889 ], [ 28.495700001815617, -13.129500001436483 ], [ 28.496800001457441, -13.133499998241376 ], [ 28.497799999743513, -13.137300000031482 ], [ 28.498900000283665, -13.141199998544053 ], [ 28.499899998569738, -13.145100001201675 ], [ 28.500900000449064, -13.148699999194998 ], [ 28.502099997853353, -13.153299998918323 ], [ 28.503100000631008, -13.157200001281808 ], [ 28.504099998917081, -13.160999998372898 ], [ 28.505199998558904, -13.164799999166853 ], [ 28.506299998200728, -13.169100001618824 ], [ 28.507300000978383, -13.172899998382102 ], [ 28.508299999264455, -13.176699999669564 ], [ 28.509399998906279, -13.18050000106102 ], [ 28.510400000785605, -13.184500001005718 ], [ 28.511500001325725, -13.188400000080636 ], [ 28.513500001491156, -13.196199998463582 ], [ 28.51460000113298, -13.200100001251734 ], [ 28.518899999242819, -13.216299999065914 ], [ 28.519900002020478, -13.219900000996281 ], [ 28.521000001662266, -13.223900001439995 ], [ 28.523099999590162, -13.231800000727885 ], [ 28.524000000113773, -13.235300000904671 ], [ 28.524900000637349, -13.238600001146693 ], [ 28.528000000444603, -13.250300001614036 ], [ 28.529100000984723, -13.254200000147954 ], [ 28.532200000791942, -13.265900001159476 ], [ 28.533199999078015, -13.269900001729624 ], [ 28.559599999464822, -13.368200000018158 ] ] ] } },
{ "type": "Feature", "properties": { "OBJECTID_1": 68, "OBJECTID_2": 2707, "OBJECTID": 77535, "BANDWIDTH": 0, "FROM_": null, "Source": null, "TO_": null, "regional": null, "project": null, "AICDstatus": null, "COUNTRY": null, "AICD": 0.000000, "CNTRY_NAME": null, "PNUMBER": null, "VOLTAGE_KV": 0, "FROM_NM": null, "TO_NM": null, "STATUS": null, "SOURCES": null, "PROJECT_NM": null, "id": null, "power": "line", "name": null, "voltage": "330000", "operator": null, "cables": 3, "wires": null, "Shape_Leng": 0.670969, "Shape_Le_1": 75782.025147, "Shape_Le_2": 75782.025147 }, "geometry": { "type": "MultiLineString", "coordinates": [ [ [ 28.242499999739223, -12.819899998930548 ], [ 28.243200000246283, -12.820099997990924 ], [ 28.247499998356123, -12.826200001341968 ], [ 28.249999999910365, -12.8297999981336 ], [ 28.252200000092312, -12.832800001005914 ], [ 28.260699998549526, -12.835000000708517 ], [ 28.26440000199964, -12.835900001339903 ], [ 28.268599997855432, -12.836899999390667 ], [ 28.272500001322062, -12.837900001347011 ], [ 28.276400000297137, -12.838900000156704 ], [ 28.280599999746215, -12.839899998463896 ], [ 28.284200001840581, -12.84079999807944 ], [ 28.287799999443362, -12.8416999988388 ], [ 28.291700002011691, -12.842700000849582 ], [ 28.29630000149383, -12.84380000113971 ], [ 28.300000000452364, -12.844799999095159 ], [ 28.303800001664975, -12.845699999450398 ], [ 28.308099999774814, -12.846799999662258 ], [ 28.311799999631678, -12.847699999813649 ], [ 28.315499998590205, -12.848600000225463 ], [ 28.319099999786275, -12.849500000897461 ], [ 28.323899999284922, -12.850699998769949 ], [ 28.327899999615756, -12.851700000641372 ], [ 28.331500000811786, -12.852600000640669 ], [ 28.332899999130952, -12.854499999411264 ], [ 28.335700001159164, -12.858399998167235 ], [ 28.343400001346854, -12.868999999047491 ], [ 28.376600001397712, -12.915100000939676 ], [ 28.378899999342153, -12.918299999399581 ], [ 28.381399999998063, -12.921700001126172 ], [ 28.383800000196555, -12.925000000630485 ], [ 28.386000000378502, -12.928100001127408 ], [ 28.388300001916196, -12.931299999171946 ], [ 28.390700001216391, -12.934500001478149 ], [ 28.392999999160836, -12.937800001401772 ], [ 28.39530000069853, -12.940999999443346 ], [ 28.397700000897022, -12.944299999488695 ], [ 28.400100000197181, -12.947700001028425 ], [ 28.402699999513924, -12.95120000078577 ], [ 28.404899999695868, -12.954300000977412 ], [ 28.409400001415506, -12.960499997789324 ], [ 28.41169999935995, -12.96370000013691 ], [ 28.415600001928283, -12.969099998101271 ], [ 28.419100001768598, -12.973999999710605 ], [ 28.42319999986189, -12.979699998983817 ], [ 28.425600000060381, -12.982999999271208 ], [ 28.43019999954252, -12.989300001672895 ], [ 28.432500001080214, -12.992600001445238 ], [ 28.434700001262161, -12.995700001457852 ], [ 28.437100000562356, -12.999000001416551 ], [ 28.43959999852331, -13.00239999977131 ], [ 28.444499999377747, -13.009199999388516 ], [ 28.446800000915445, -13.012400001651145 ], [ 28.449099998859854, -13.015700001245708 ], [ 28.451299999041829, -13.018699999582639 ], [ 28.453899998358537, -13.02230000082846 ], [ 28.460799999378374, -13.031899999653737 ], [ 28.463100000916068, -13.035000000532262 ], [ 28.465300001098015, -13.038100000840338 ], [ 28.467500001279959, -13.041099999144992 ], [ 28.469799999224399, -13.044300001465889 ], [ 28.471999999406346, -13.047400001762997 ], [ 28.474100000927496, -13.050299998253742 ], [ 28.477299999395544, -13.062199998622576 ], [ 28.478399999037336, -13.066300000878433 ], [ 28.479600000933207, -13.070999998619243 ], [ 28.480599999219312, -13.074600000223921 ], [ 28.481600001098638, -13.07840000115001 ], [ 28.482700001638761, -13.082199998262473 ], [ 28.483899999043082, -13.086699999430074 ], [ 28.484900001820705, -13.090700000087306 ], [ 28.48590000010681, -13.094500001528047 ], [ 28.486999999748601, -13.098400000804867 ], [ 28.48800000162796, -13.102099999756785 ], [ 28.489999998200101, -13.10990000183547 ], [ 28.491099998740221, -13.113899998534503 ], [ 28.492199998382045, -13.118000000495929 ], [ 28.494300000801527, -13.1257000006889 ], [ 28.495299999087599, -13.12960000000362 ], [ 28.496300000966926, -13.133499998241376 ], [ 28.498399998894818, -13.141100000359398 ], [ 28.499400000774145, -13.144999999344305 ], [ 28.500399999060217, -13.148600000584569 ], [ 28.501499999600373, -13.152699999546808 ], [ 28.502599999242197, -13.156800002148021 ], [ 28.503600001121523, -13.160500001261447 ], [ 28.504599999407596, -13.164400000272588 ], [ 28.505699999947716, -13.16860000012359 ], [ 28.506799999589539, -13.172499999682309 ], [ 28.507800001468897, -13.176399997941171 ], [ 28.50879999975497, -13.180199999649423 ], [ 28.510899998581163, -13.188099998799583 ], [ 28.512899998746594, -13.195599999074458 ], [ 28.513999998388385, -13.199499998359064 ], [ 28.518300000989811, -13.215799998527746 ], [ 28.51929999927588, -13.219400000009692 ], [ 28.520300001155242, -13.223299998832724 ], [ 28.521499998559531, -13.227600000903461 ], [ 28.523499999623258, -13.234999999037683 ], [ 28.532799999943251, -13.269999999305636 ], [ 28.559099998076011, -13.368299998690022 ] ] ] } },
{ "type": "Feature", "properties": { "OBJECTID_1": 69, "OBJECTID_2": 2708, "OBJECTID": 77536, "BANDWIDTH": 0, "FROM_": null, "Source": null, "TO_": null, "regional": null, "project": null, "AICDstatus": null, "COUNTRY": null, "AICD": 0.000000, "CNTRY_NAME": null, "PNUMBER": null, "VOLTAGE_KV": 0, "FROM_NM": null, "TO_NM": null, "STATUS": null, "SOURCES": null, "PROJECT_NM": null, "id": null, "power": "line", "name": null, "voltage": "330000", "operator": null, "cables": 3, "wires": null, "Shape_Leng": 0.406728, "Shape_Le_1": 45622.085986, "Shape_Le_2": 45622.085986 }, "geometry": { "type": "MultiLineString", "coordinates": [ [ [ 27.982200000219731, -12.604300000041459 ], [ 27.981899998847432, -12.604899998395465 ], [ 27.98209999886398, -12.605799998993355 ], [ 27.983499999878102, -12.606299999902655 ], [ 27.986600000583621, -12.605700001339775 ], [ 27.989900000407388, -12.605200000126898 ], [ 28.01969999838046, -12.616099998146527 ], [ 28.10139999929843, -12.646000001247566 ], [ 28.156599998473876, -12.666099999344462 ], [ 28.172200001560729, -12.671799998509941 ], [ 28.172899998474499, -12.67230000006132 ], [ 28.178699999852512, -12.675900001478713 ], [ 28.182399999709371, -12.678199998711513 ], [ 28.231100000593031, -12.72100000108758 ], [ 28.23739999886827, -12.735100001506309 ], [ 28.258299999249331, -12.782000001740235 ], [ 28.264800001134404, -12.796399999333389 ], [ 28.265299998031665, -12.798399999671018 ], [ 28.269000001481778, -12.810600001622984 ], [ 28.274999998384754, -12.830899998281165 ], [ 28.277199998566697, -12.838199999297348 ] ] ] } },
{ "type": "Feature", "properties": { "OBJECTID_1": 70, "OBJECTID_2": 2845, "OBJECTID": 85782, "BANDWIDTH": 0, "FROM_": null, "Source": null, "TO_": null, "regional": null, "project": null, "AICDstatus": null, "COUNTRY": null, "AICD": 0.000000, "CNTRY_NAME": null, "PNUMBER": null, "VOLTAGE_KV": 0, "FROM_NM": null, "TO_NM": null, "STATUS": null, "SOURCES": null, "PROJECT_NM": null, "id": null, "power": "line", "name": null, "voltage": "220000", "operator": null, "cables": 3, "wires": null, "Shape_Leng": 0.244229, "Shape_Le_1": 27435.758219, "Shape_Le_2": 27435.758219 }, "geometry": { "type": "MultiLineString", "coordinates": [ [ [ 28.399099998317855, -12.97239999813937 ], [ 28.399099998317855, -12.972100001089279 ], [ 28.398899998301307, -12.969000000718484 ], [ 28.383999999314806, -12.950599998623801 ], [ 28.39019999982758, -12.935400001356241 ], [ 28.388500001034448, -12.933200001919355 ], [ 28.386799998648058, -12.930799998471775 ], [ 28.385099999854926, -12.928399998964304 ], [ 28.383400001061794, -12.925999998996009 ], [ 28.38149999865886, -12.923399999390766 ], [ 28.379599999849216, -12.9208000005657 ], [ 28.377799998802033, -12.918200000764445 ], [ 28.376100000008897, -12.915899999819784 ], [ 28.36360000032256, -12.898600000636007 ], [ 28.343099999974555, -12.870099998977453 ], [ 28.337999999103605, -12.863099999535379 ], [ 28.336300000310473, -12.860800001546229 ], [ 28.333000000486706, -12.856199998819022 ], [ 28.331000000321307, -12.853399999856403 ], [ 28.328699998783609, -12.852800000686585 ], [ 28.323199998777863, -12.851500000589692 ], [ 28.319699998937548, -12.850600000123885 ], [ 28.317000001858379, -12.849899999658181 ], [ 28.311099998226283, -12.848400000318193 ], [ 28.298999998573034, -12.845400001751411 ], [ 28.296000000121566, -12.844700001596422 ], [ 28.292800001653514, -12.843899999001094 ], [ 28.290100000981056, -12.843199998140225 ], [ 28.28139999891404, -12.840999997942601 ], [ 28.278599999580784, -12.840300001242369 ], [ 28.275199998401263, -12.839499998566687 ], [ 28.272300001305549, -12.838799998517789 ], [ 28.269299999260792, -12.837999999822596 ], [ 28.266100000792775, -12.837200001193814 ], [ 28.260099999398214, -12.835700001775319 ], [ 28.251699998703497, -12.833700001677274 ], [ 28.249999999910365, -12.831200000280782 ], [ 28.248100001100685, -12.82849999921233 ], [ 28.246399998714299, -12.826000001019292 ], [ 28.243299998008744, -12.82149999925012 ], [ 28.241799999232192, -12.820000000243953 ], [ 28.241300001436603, -12.8192000018337 ] ] ] } },
{ "type": "Feature", "properties": { "OBJECTID_1": 71, "OBJECTID_2": 2846, "OBJECTID": 85783, "BANDWIDTH": 0, "FROM_": null, "Source": null, "TO_": null, "regional": null, "project": null, "AICDstatus": null, "COUNTRY": null, "AICD": 0.000000, "CNTRY_NAME": null, "PNUMBER": null, "VOLTAGE_KV": 0, "FROM_NM": null, "TO_NM": null, "STATUS": null, "SOURCES": null, "PROJECT_NM": null, "id": null, "power": "line", "name": null, "voltage": "330000", "operator": null, "cables": 3, "wires": null, "Shape_Leng": 0.630148, "Shape_Le_1": 71213.487663, "Shape_Le_2": 71213.487663 }, "geometry": { "type": "MultiLineString", "coordinates": [ [ [ 28.277199998566697, -12.838199999297348 ], [ 28.280999999779276, -12.83909999978785 ], [ 28.284800000093561, -12.840100001696626 ], [ 28.288600001306172, -12.840999997942601 ], [ 28.2923999989255, -12.842000000129548 ], [ 28.296500001510378, -12.842999998287127 ], [ 28.300200000468905, -12.843899999001094 ], [ 28.30389999942744, -12.844799999095159 ], [ 28.307900000656598, -12.845800000953313 ], [ 28.31159999961513, -12.846700001206761 ], [ 28.315400000827708, -12.847699999813649 ], [ 28.319200002040322, -12.848600000225463 ], [ 28.323899999284922, -12.849800001570966 ], [ 28.328200000988019, -12.850900002111123 ], [ 28.332099999963098, -12.851799998843889 ], [ 28.334100000128529, -12.854600000891622 ], [ 28.336800001699284, -12.858300000864039 ], [ 28.339400001016024, -12.861900001753652 ], [ 28.34470000100519, -12.869300000794979 ], [ 28.377399999667237, -12.914700001848635 ], [ 28.379700001204935, -12.917899999328752 ], [ 28.382100001403426, -12.921199999457967 ], [ 28.384500000703618, -12.924499999486027 ], [ 28.386799998648058, -12.927799999400733 ], [ 28.389199997948218, -12.93100000134079 ], [ 28.391499999485916, -12.93419999961322 ], [ 28.393800001921946, -12.937399998612637 ], [ 28.396099999866355, -12.940499999048788 ], [ 28.398400001404049, -12.94379999874757 ], [ 28.400899998466738, -12.947299998465173 ], [ 28.403799999155712, -12.95120000078577 ], [ 28.405999999337691, -12.954399999054182 ], [ 28.408300000875386, -12.957600001503165 ], [ 28.410500001057329, -12.960499997789324 ], [ 28.412799999001773, -12.96370000013691 ], [ 28.414999999183717, -12.966800000425049 ], [ 28.417300000721415, -12.969999999144616 ], [ 28.419700000021574, -12.973400000342982 ], [ 28.428699999867639, -12.985800002007556 ], [ 28.431000001405302, -12.988999999731965 ], [ 28.433299999349739, -12.992199997991877 ], [ 28.435600001785769, -12.995400000299707 ], [ 28.43789999973021, -12.99859999871609 ], [ 28.440200001267872, -13.001800000277012 ], [ 28.445199999884775, -13.008800000129124 ], [ 28.447700001439017, -13.012200001633968 ], [ 28.45030000075576, -13.015799998964093 ], [ 28.454999998000361, -13.02230000082846 ], [ 28.457199998182304, -13.025300000153004 ], [ 28.461499999885397, -13.031399998642659 ], [ 28.463799997829842, -13.034499998816743 ], [ 28.465999998011785, -13.037599999302763 ], [ 28.468199998193764, -13.040700000090542 ], [ 28.470499999731462, -13.043800000289115 ], [ 28.472699999913406, -13.046900000769105 ], [ 28.474900000095349, -13.050000000639612 ], [ 28.476100001092927, -13.05429999931283 ], [ 28.477200001633047, -13.058499999251106 ], [ 28.47819999991912, -13.062300000206697 ], [ 28.479299999560943, -13.066300000878433 ], [ 28.480400000101064, -13.070500001088048 ], [ 28.481400001980422, -13.074299998159114 ], [ 28.482400000266495, -13.078000001619646 ], [ 28.483499999908283, -13.081900000275787 ], [ 28.484600000448438, -13.086300000327254 ], [ 28.485700000090262, -13.090300001395464 ], [ 28.486699998376334, -13.094099998517686 ], [ 28.487799998018158, -13.098000001567458 ], [ 28.488800000795781, -13.101900000182187 ], [ 28.490899998723677, -13.109600000154163 ], [ 28.491900000603035, -13.113499999275517 ], [ 28.493000001143155, -13.11769999913508 ], [ 28.495099999071051, -13.125599998753303 ], [ 28.496199998712875, -13.129500001436483 ], [ 28.497200000592201, -13.133400000401927 ], [ 28.498199999776602, -13.13720000199854 ], [ 28.499299999418426, -13.141100000359398 ], [ 28.500300001297752, -13.145100001201675 ], [ 28.501299999583829, -13.148699999194998 ], [ 28.502500001479699, -13.153200000446834 ], [ 28.503499999765772, -13.157099999139474 ], [ 28.504599999407596, -13.160900000441771 ], [ 28.505600001286922, -13.164700001045823 ], [ 28.506700001827078, -13.168900001848993 ], [ 28.507800001468897, -13.172800000969863 ], [ 28.50879999975497, -13.176600002068975 ], [ 28.509799998041043, -13.18039999887141 ], [ 28.510899998581163, -13.184399999591859 ], [ 28.511900000460489, -13.188299998521414 ], [ 28.513999998388385, -13.19610000013598 ], [ 28.515000000267744, -13.199999999259624 ], [ 28.51929999927588, -13.216200001153553 ], [ 28.521400000797065, -13.223799999642486 ], [ 28.522399999083135, -13.227499998882777 ], [ 28.523499999623258, -13.231699999572376 ], [ 28.559999998599583, -13.368099998665631 ] ] ] } },
{ "type": "Feature", "properties": { "OBJECTID_1": 72, "OBJECTID_2": 2847, "OBJECTID": 85796, "BANDWIDTH": 0, "FROM_": null, "Source": null, "TO_": null, "regional": null, "project": null, "AICDstatus": null, "COUNTRY": null, "AICD": 0.000000, "CNTRY_NAME": null, "PNUMBER": null, "VOLTAGE_KV": 0, "FROM_NM": null, "TO_NM": null, "STATUS": null, "SOURCES": null, "PROJECT_NM": null, "id": null, "power": "line", "name": null, "voltage": "220000", "operator": null, "cables": 3, "wires": null, "Shape_Leng": 0.368909, "Shape_Le_1": 41387.874434, "Shape_Le_2": 41387.874434 }, "geometry": { "type": "MultiLineString", "coordinates": [ [ [ 27.981400001950206, -12.604099999979818 ], [ 27.981199998340404, -12.604699998808121 ], [ 27.981899998847432, -12.606100000539806 ], [ 27.983499999878102, -12.606699999036262 ], [ 27.986699998346118, -12.606100000539806 ], [ 27.989799999051669, -12.605599999235228 ], [ 28.019600000617967, -12.616500001187461 ], [ 28.101300001535968, -12.646400001022984 ], [ 28.111000000990725, -12.649999998672056 ], [ 28.156399998457328, -12.666499998081163 ], [ 28.172200001560729, -12.67230000006132 ], [ 28.173099998491047, -12.676100001075943 ], [ 28.179600000376119, -12.703200001529 ], [ 28.188600000222145, -12.74040000139863 ], [ 28.237500001122317, -12.811700001217501 ], [ 28.239999998184977, -12.815299999061171 ], [ 28.241999998350408, -12.81639999902883 ], [ 28.242499999739223, -12.816799998211431 ], [ 28.242800001111519, -12.817299999149967 ] ] ] } },
{ "type": "Feature", "properties": { "OBJECTID_1": 73, "OBJECTID_2": 3213, "OBJECTID": 88213, "BANDWIDTH": 0, "FROM_": null, "Source": null, "TO_": null, "regional": null, "project": null, "AICDstatus": null, "COUNTRY": null, "AICD": 0.000000, "CNTRY_NAME": null, "PNUMBER": null, "VOLTAGE_KV": 0, "FROM_NM": null, "TO_NM": null, "STATUS": null, "SOURCES": null, "PROJECT_NM": null, "id": null, "power": "line", "name": null, "voltage": "330000", "operator": null, "cables": 3, "wires": null, "Shape_Leng": 2.376984, "Shape_Le_1": 266640.196713, "Shape_Le_2": 266640.196713 }, "geometry": { "type": "MultiLineString", "coordinates": [ [ [ 30.444600000854326, -13.028700001406495 ], [ 30.441100001014011, -13.030900001893562 ], [ 30.440099999134688, -13.032200001002563 ], [ 30.439599998644173, -13.033399999192584 ], [ 30.437100000683181, -13.036299999852579 ], [ 30.384699999942697, -13.104800000360342 ], [ 30.384799998603491, -13.112399998796985 ], [ 30.384899999959242, -13.132100000965483 ], [ 30.375300000961904, -13.145399998602681 ], [ 30.360599998398662, -13.166000001563999 ], [ 30.336500000447884, -13.199499998359064 ], [ 30.306299999746795, -13.241300001905309 ], [ 30.292500000402079, -13.260600001014707 ], [ 30.271499998665263, -13.26740000038836 ], [ 30.223200000509657, -13.282999999616672 ], [ 30.138700001156732, -13.310300000319991 ], [ 30.087699997837046, -13.326600000680818 ], [ 30.027399997790649, -13.345800001376448 ], [ 29.993799999503331, -13.370700001708597 ], [ 29.914700001495319, -13.428500000447341 ], [ 29.787799999534005, -13.520199998936334 ], [ 29.722499999972381, -13.566799998099849 ], [ 29.690499998224141, -13.589899997792484 ], [ 29.673999999105266, -13.601700000153187 ], [ 29.650300000289249, -13.624600000557628 ], [ 29.564199999007361, -13.707100000603372 ], [ 29.505100000856839, -13.763599998829971 ], [ 29.459300000662186, -13.779499999764006 ], [ 29.432199999768347, -13.857299997989228 ], [ 29.407900001801021, -13.927200000391052 ], [ 29.4065999985494, -13.930899999742561 ], [ 29.394099998863055, -13.938000000958711 ], [ 29.373300000736045, -13.938200000955215 ], [ 29.331000000381703, -13.938799999892012 ], [ 29.301800001559975, -13.939199999183337 ], [ 29.204799998927452, -13.940499998832689 ], [ 29.144900001609074, -13.941399998971242 ], [ 29.133999999360114, -13.941700000567414 ], [ 29.125799998681941, -13.944600001195029 ], [ 29.079000000201216, -13.961100000520295 ], [ 29.019299999306099, -13.982799999135956 ], [ 28.936900000576024, -14.012299999221035 ], [ 28.861600000187345, -14.03889999880581 ], [ 28.782099999451315, -14.067299999508363 ], [ 28.763300001489704, -14.073600001959019 ], [ 28.727400000766387, -14.086199999215333 ], [ 28.698899998858433, -14.096200000838802 ], [ 28.671500001083881, -14.105700000869037 ], [ 28.647799998674611, -14.113899998789392 ], [ 28.620900001390542, -14.123100001186568 ], [ 28.613099999847133, -14.199999999429391 ], [ 28.611499998816498, -14.21620000123097 ], [ 28.610699999648642, -14.224399999121989 ], [ 28.609900001379117, -14.232500001530909 ], [ 28.609099999516303, -14.240499999008007 ] ] ] } },
{ "type": "Feature", "properties": { "OBJECTID_1": 74, "OBJECTID_2": 3933, "OBJECTID": 102228, "BANDWIDTH": 0, "FROM_": null, "Source": null, "TO_": null, "regional": null, "project": null, "AICDstatus": null, "COUNTRY": null, "AICD": 0.000000, "CNTRY_NAME": null, "PNUMBER": null, "VOLTAGE_KV": 0, "FROM_NM": null, "TO_NM": null, "STATUS": null, "SOURCES": null, "PROJECT_NM": null, "id": null, "power": "line", "name": null, "voltage": "330000", "operator": null, "cables": 3, "wires": null, "Shape_Leng": 0.378944, "Shape_Le_1": 43134.575000, "Shape_Le_2": 43134.575000 }, "geometry": { "type": "MultiLineString", "coordinates": [ [ [ 28.640500001214971, -13.909800000264022 ], [ 28.640999999010525, -13.905800000187661 ], [ 28.641399998145289, -13.901799999425178 ], [ 28.641800000873307, -13.897399999009396 ], [ 28.642299998668861, -13.893399998720906 ], [ 28.642700001396914, -13.889699999277452 ], [ 28.643100000531678, -13.885800000487194 ], [ 28.643500000564771, -13.881499997972604 ], [ 28.643899999699531, -13.877599999020202 ], [ 28.644299998834292, -13.873700000354315 ], [ 28.644800000223107, -13.869600001820599 ], [ 28.645199999357871, -13.865600001164461 ], [ 28.644699997969056, -13.861699998377823 ], [ 28.644200001071798, -13.857599999360815 ], [ 28.643699999682987, -13.853500000781374 ], [ 28.643199999192468, -13.849500000170769 ], [ 28.642799999159379, -13.845600001902872 ], [ 28.642299998668861, -13.841699998823204 ], [ 28.641800000873307, -13.837699998004718 ], [ 28.641300000382792, -13.833799999465391 ], [ 28.64079999899398, -13.829700000728273 ], [ 28.640299998503465, -13.825599998201827 ], [ 28.639899998470373, -13.821499999810243 ], [ 28.639400001573147, -13.817600000311344 ], [ 28.638999998845094, -13.813599999740839 ], [ 28.638599998812037, -13.809700000650109 ], [ 28.638099998321522, -13.805700000608836 ], [ 28.637600000525964, -13.801899999152713 ], [ 28.637200001391168, -13.797600001185325 ], [ 28.636700000900685, -13.793699998022364 ], [ 28.636300000867596, -13.789299998111986 ], [ 28.635800000377078, -13.785399999381482 ], [ 28.63529999898827, -13.781399998941685 ], [ 28.634799998497751, -13.777399998503697 ], [ 28.634399999362991, -13.773200001868426 ], [ 28.633900001567401, -13.769200000669011 ], [ 28.63349999883938, -13.765299998501614 ], [ 28.633000001043825, -13.761300000950397 ], [ 28.632599998315808, -13.757300000877802 ], [ 28.63210000141855, -13.753100000487226 ], [ 28.631600000029703, -13.74909999988078 ], [ 28.631200000894943, -13.7452000009669 ], [ 28.630699999506128, -13.741199999837521 ], [ 28.630199999015613, -13.737199999810167 ], [ 28.62979999898252, -13.733199999150518 ], [ 28.629299998492041, -13.729099999993501 ], [ 28.628899999357245, -13.725000001142403 ], [ 28.628400001561687, -13.720600001594583 ], [ 28.627999998833669, -13.717199999413172 ], [ 28.627500001038111, -13.713199999436375 ], [ 28.627099998310062, -13.709199998959772 ], [ 28.626600001412836, -13.705299999177269 ], [ 28.626600001412836, -13.705200001518589 ], [ 28.626100000023989, -13.700899999946156 ], [ 28.625700000889228, -13.697200000021663 ], [ 28.625199999500417, -13.693300001473343 ], [ 28.624800000365653, -13.689199998635154 ], [ 28.624800000365653, -13.689100001068111 ], [ 28.624299998976809, -13.685100000726136 ], [ 28.623899999842045, -13.68120000104933 ], [ 28.623899999842045, -13.681100000039388 ], [ 28.62339999935153, -13.677000000648258 ], [ 28.622900001555973, -13.673099998598147 ], [ 28.622499998827958, -13.668900002107884 ], [ 28.622099999693162, -13.665100000434608 ], [ 28.621599998304347, -13.660999998366391 ], [ 28.62110000140709, -13.656899999634437 ], [ 28.620700001374029, -13.65280000162719 ], [ 28.620299998645979, -13.649599999298458 ], [ 28.619399998122404, -13.641399998373585 ], [ 28.618999998987643, -13.637200001217161 ], [ 28.618500002090382, -13.633499998555928 ], [ 28.618099998464036, -13.629599999941924 ], [ 28.617600001566775, -13.62570000028186 ], [ 28.617199997940457, -13.621599998367964 ], [ 28.616700001043199, -13.617600001092477 ], [ 28.616300001908439, -13.613600000329878 ], [ 28.615800000519592, -13.60960000049538 ], [ 28.615300000029077, -13.605500001552681 ], [ 28.61489999999602, -13.601599998426806 ], [ 28.614399999505505, -13.597600001508965 ], [ 28.614000000370741, -13.593499999539549 ], [ 28.613499998981897, -13.589699998268523 ], [ 28.613000002084668, -13.585099998961532 ], [ 28.612500000695825, -13.581099998579544 ], [ 28.61210000156106, -13.577399998851508 ], [ 28.611600000172253, -13.573299999920248 ], [ 28.611200001037489, -13.569200001319256 ], [ 28.610699999648642, -13.565299998991458 ], [ 28.610199999158127, -13.561299998110519 ], [ 28.609800000023363, -13.55730000108254 ], [ 28.609299998634555, -13.553300000898881 ], [ 28.608899999499791, -13.549300000217984 ], [ 28.608399998110947, -13.545400001085664 ], [ 28.60509999828718, -13.533700000137587 ] ] ] } },
{ "type": "Feature", "properties": { "OBJECTID_1": 75, "OBJECTID_2": 3934, "OBJECTID": 102229, "BANDWIDTH": 0, "FROM_": null, "Source": null, "TO_": null, "regional": null, "project": null, "AICDstatus": null, "COUNTRY": null, "AICD": 0.000000, "CNTRY_NAME": null, "PNUMBER": null, "VOLTAGE_KV": 0, "FROM_NM": null, "TO_NM": null, "STATUS": null, "SOURCES": null, "PROJECT_NM": null, "id": null, "power": "line", "name": null, "voltage": "330000", "operator": null, "cables": 3, "wires": null, "Shape_Leng": 0.159875, "Shape_Le_1": 18156.087191, "Shape_Le_2": 18156.087191 }, "geometry": { "type": "MultiLineString", "coordinates": [ [ [ 28.60509999828718, -13.533700000137587 ], [ 28.602800000342736, -13.525800000492179 ], [ 28.601599998446861, -13.521499999013406 ], [ 28.600600000160792, -13.517900000949577 ], [ 28.59939999916325, -13.513700000706539 ], [ 28.598299998623094, -13.510000001679344 ], [ 28.597300000337022, -13.506299999017209 ], [ 28.596000000678654, -13.501800000322781 ], [ 28.594900001036862, -13.497999999705371 ], [ 28.593899999157504, -13.494300000246245 ], [ 28.59279999861738, -13.490600000742196 ], [ 28.591600001213095, -13.486200001162098 ], [ 28.590399999317185, -13.482099998481358 ], [ 28.589299998777065, -13.478300001329405 ], [ 28.588199999135242, -13.474300000894061 ], [ 28.587099999493418, -13.470499999524286 ], [ 28.585999998953298, -13.466800000551325 ], [ 28.584899999311475, -13.462999999867137 ], [ 28.583900001025402, -13.459300000394384 ], [ 28.582800000485282, -13.455499999589984 ], [ 28.581700000843458, -13.451400000391379 ], [ 28.580499998947584, -13.447299997831804 ], [ 28.57939999930576, -13.443300001223152 ], [ 28.578299999663937, -13.439500000173377 ], [ 28.577199999123817, -13.435699999685964 ], [ 28.575100001195921, -13.427900001552654 ], [ 28.574099999316562, -13.423900000880041 ], [ 28.572999998776442, -13.420000001959188 ], [ 28.57200000049037, -13.416200000951804 ], [ 28.570900000848546, -13.412300002036563 ], [ 28.56989999896922, -13.408399998814533 ], [ 28.568799998429064, -13.404399998185569 ], [ 28.566599998247121, -13.396299999624587 ], [ 28.565499998605297, -13.391899998908345 ], [ 28.564399998963474, -13.387699998940477 ], [ 28.563200000660888, -13.38349999864332 ], [ 28.562199998781526, -13.379700001085528 ] ] ] } },
{ "type": "Feature", "properties": { "OBJECTID_1": 76, "OBJECTID_2": 3935, "OBJECTID": 102239, "BANDWIDTH": 0, "FROM_": null, "Source": null, "TO_": null, "regional": null, "project": null, "AICDstatus": null, "COUNTRY": null, "AICD": 0.000000, "CNTRY_NAME": null, "PNUMBER": null, "VOLTAGE_KV": 0, "FROM_NM": null, "TO_NM": null, "STATUS": null, "SOURCES": null, "PROJECT_NM": null, "id": null, "power": "line", "name": null, "voltage": "330000", "operator": null, "cables": 3, "wires": null, "Shape_Leng": 0.521172, "Shape_Le_1": 59343.903365, "Shape_Le_2": 59343.903365 }, "geometry": { "type": "MultiLineString", "coordinates": [ [ [ 28.627199999665812, -14.050999998963306 ], [ 28.638599998812037, -13.937899999139853 ], [ 28.638999998845094, -13.933899998343428 ], [ 28.639400001573147, -13.929800000108925 ], [ 28.639800000707911, -13.925799999407889 ], [ 28.641600001755091, -13.910000000404082 ], [ 28.642000000889855, -13.905900001152617 ], [ 28.642400000024615, -13.901900001262598 ], [ 28.642799999159379, -13.897500001016187 ], [ 28.643199999192468, -13.893499999843922 ], [ 28.643599998327232, -13.889800001140177 ], [ 28.64400000105525, -13.885899997910997 ], [ 28.644400000190046, -13.881599999907642 ], [ 28.644800000223107, -13.877700000903205 ], [ 28.645199999357871, -13.873700000354315 ], [ 28.645599998492663, -13.869699999296856 ], [ 28.646099999881478, -13.865600001164461 ], [ 28.645599998492663, -13.861699998377823 ], [ 28.645100001595406, -13.857599999360815 ], [ 28.644600000206559, -13.853599999135234 ], [ 28.644200001071798, -13.849500000170769 ], [ 28.643699999682987, -13.845699999310149 ], [ 28.643199999192468, -13.841600000551555 ], [ 28.642799999159379, -13.837600000624793 ], [ 28.642299998668861, -13.833599999511355 ], [ 28.641800000873307, -13.829700000728273 ], [ 28.641300000382792, -13.825800001605913 ], [ 28.64079999899398, -13.821600001561407 ], [ 28.640399999859216, -13.817699998490898 ], [ 28.639899998470373, -13.813700001414601 ], [ 28.639499999335609, -13.809900000320159 ], [ 28.638999998845094, -13.80579999869142 ], [ 28.638599998812037, -13.801899999152713 ], [ 28.638099998321522, -13.797800000828811 ], [ 28.637699999186758, -13.79380000043624 ], [ 28.637200001391168, -13.789399999800912 ], [ 28.636700000900685, -13.785399999381482 ], [ 28.636300000867596, -13.781500000544431 ], [ 28.635800000377078, -13.777500000084165 ], [ 28.63529999898827, -13.773400001601656 ], [ 28.634899999853506, -13.769299998777804 ], [ 28.634399999362991, -13.765400000055379 ], [ 28.633999999329898, -13.761500001331417 ], [ 28.63349999883938, -13.757500000330685 ], [ 28.633000001043825, -13.753300000061975 ], [ 28.632599998315808, -13.749600000996818 ], [ 28.63210000141855, -13.745499998219527 ], [ 28.631700001385454, -13.741500001399102 ], [ 28.631200000894943, -13.737500000410149 ], [ 28.630699999506128, -13.733499999665453 ], [ 28.630300000371363, -13.729400001429436 ], [ 28.62979999898252, -13.725400000390842 ], [ 28.629299998492041, -13.721000000535055 ], [ 28.628899999357245, -13.71700000026309 ], [ 28.628400001561687, -13.713199999436375 ], [ 28.627999998833669, -13.709199998959772 ], [ 28.627500001038111, -13.705400001184303 ], [ 28.627000000547596, -13.701099998926473 ], [ 28.626600001412836, -13.697200000021663 ], [ 28.626300000040537, -13.694999999930932 ], [ 28.626100000023989, -13.69310000192157 ], [ 28.625700000889228, -13.688999999066244 ], [ 28.625199999500417, -13.684999998759267 ], [ 28.624800000365653, -13.681100000039388 ], [ 28.624299998976809, -13.677000000648258 ], [ 28.623799998486291, -13.673099998598147 ], [ 28.62339999935153, -13.668900002107884 ], [ 28.622900001555973, -13.664999999529433 ], [ 28.622499998827958, -13.660900000091994 ], [ 28.622000001032365, -13.656899999634437 ], [ 28.621599998304347, -13.653000000697567 ], [ 28.620800000034823, -13.645799998035281 ], [ 28.620299998645979, -13.641199998132802 ], [ 28.619800001748754, -13.637099999756256 ], [ 28.619399998122404, -13.633299998568445 ], [ 28.618900001225146, -13.629200000137804 ], [ 28.618399999836331, -13.625300001700765 ], [ 28.618000000701571, -13.621199998912179 ], [ 28.617499999312724, -13.617300000380016 ], [ 28.616999998822212, -13.61329999975216 ], [ 28.616599999687448, -13.6092000007 ], [ 28.616099998298633, -13.605300002186373 ], [ 28.615699999163873, -13.601199999880544 ], [ 28.615200001368283, -13.597199998757716 ], [ 28.614700000877768, -13.59310000032289 ], [ 28.614300001743004, -13.589200001347155 ], [ 28.613800000354196, -13.584600001881544 ], [ 28.613299998965381, -13.580299999268012 ], [ 28.612899999830585, -13.577100001062346 ], [ 28.612500000695825, -13.572999998639347 ], [ 28.611999999307013, -13.569099999771597 ], [ 28.611600000172253, -13.565200001053245 ], [ 28.611099999681734, -13.561099998780417 ], [ 28.610599998292891, -13.557100001857805 ], [ 28.610199999158127, -13.553100000901702 ], [ 28.609700001362569, -13.548999999001357 ], [ 28.609299998634555, -13.545200001389851 ], [ 28.605900001048287, -13.533399999214398 ] ] ] } },
{ "type": "Feature", "properties": { "OBJECTID_1": 77, "OBJECTID_2": 3936, "OBJECTID": 102240, "BANDWIDTH": 0, "FROM_": null, "Source": null, "TO_": null, "regional": null, "project": null, "AICDstatus": null, "COUNTRY": null, "AICD": 0.000000, "CNTRY_NAME": null, "PNUMBER": null, "VOLTAGE_KV": 0, "FROM_NM": null, "TO_NM": null, "STATUS": null, "SOURCES": null, "PROJECT_NM": null, "id": null, "power": "line", "name": null, "voltage": "330000", "operator": null, "cables": 3, "wires": null, "Shape_Leng": 0.213925, "Shape_Le_1": 24355.456280, "Shape_Le_2": 24355.456280 }, "geometry": { "type": "MultiLineString", "coordinates": [ [ [ 28.62110000140709, -13.653099998850633 ], [ 28.621599998304347, -13.657000001383807 ], [ 28.622000001032365, -13.660999998366391 ], [ 28.622499998827958, -13.665100000434608 ], [ 28.622900001555973, -13.668900002107884 ], [ 28.62339999935153, -13.673099998598147 ], [ 28.623899999842045, -13.67709999902989 ], [ 28.624299998976809, -13.681100000039388 ], [ 28.624800000365653, -13.685100000726136 ], [ 28.625199999500417, -13.689100001068111 ], [ 28.625700000889228, -13.693199999523141 ], [ 28.626200001379743, -13.697200000021663 ], [ 28.626600001412836, -13.701099998926473 ], [ 28.627099998310062, -13.705400001184303 ], [ 28.627500001038111, -13.709199998959772 ], [ 28.627999998833669, -13.713300000672122 ], [ 28.628400001561687, -13.71700000026309 ], [ 28.628899999357245, -13.720899999108205 ], [ 28.62939999984776, -13.725400000390842 ], [ 28.62979999898252, -13.729499999187146 ], [ 28.630300000371363, -13.733499999665453 ], [ 28.630800001760178, -13.737500000410149 ], [ 28.631200000894943, -13.741500001399102 ], [ 28.631700001385454, -13.745600000437101 ], [ 28.632199999181012, -13.749499998752617 ], [ 28.632599998315808, -13.753300000061975 ], [ 28.633000001043825, -13.757500000330685 ], [ 28.63349999883938, -13.761500001331417 ], [ 28.633999999329898, -13.765400000055379 ], [ 28.634399999362991, -13.769400000355475 ], [ 28.634899999853506, -13.773400001601656 ], [ 28.63529999898827, -13.777500000084165 ], [ 28.635800000377078, -13.781599998591789 ], [ 28.636300000867596, -13.785599999074956 ], [ 28.636700000900685, -13.789399999800912 ], [ 28.637200001391168, -13.793900001928812 ], [ 28.637699999186758, -13.797800000828811 ], [ 28.638099998321522, -13.8020000006412 ], [ 28.638599998812037, -13.805900000242222 ], [ 28.638999998845094, -13.809900000320159 ], [ 28.639499999335609, -13.813799999533419 ], [ 28.639899998470373, -13.817699998490898 ], [ 28.640399999859216, -13.821699998879819 ], [ 28.64079999899398, -13.8256999999256 ], [ 28.641399998145289, -13.829700000728273 ], [ 28.6418999995341, -13.833599999511355 ], [ 28.642400000024615, -13.837600000624793 ], [ 28.642799999159379, -13.841699998823204 ], [ 28.643300000548223, -13.845800001062724 ], [ 28.643699999682987, -13.849599998512277 ], [ 28.644200001071798, -13.853599999135234 ], [ 28.644699997969056, -13.857700001193667 ], [ 28.645100001595406, -13.861699998377823 ], [ 28.645599998492663, -13.865600001164461 ] ] ] } },
{ "type": "Feature", "properties": { "OBJECTID_1": 78, "OBJECTID_2": 3976, "OBJECTID": 105626, "BANDWIDTH": 0, "FROM_": null, "Source": null, "TO_": null, "regional": null, "project": null, "AICDstatus": null, "COUNTRY": null, "AICD": 0.000000, "CNTRY_NAME": null, "PNUMBER": null, "VOLTAGE_KV": 0, "FROM_NM": null, "TO_NM": null, "STATUS": null, "SOURCES": null, "PROJECT_NM": null, "id": null, "power": "line", "name": null, "voltage": "220000", "operator": null, "cables": 3, "wires": null, "Shape_Leng": 0.712699, "Shape_Le_1": 80440.556761, "Shape_Le_2": 80440.556761 }, "geometry": { "type": "MultiLineString", "coordinates": [ [ [ 26.345100000917423, -17.464299998797344 ], [ 26.34800000160643, -17.462200000487584 ], [ 26.351599999209242, -17.459699999900632 ], [ 26.35500000038876, -17.457299999945569 ], [ 26.358500000229039, -17.454799998548072 ], [ 26.362199999187606, -17.452199999307307 ], [ 26.366099998162682, -17.449400000452837 ], [ 26.369899999375264, -17.44680000084244 ], [ 26.373599998333791, -17.444100000389451 ], [ 26.37689999905589, -17.441799998582518 ], [ 26.380300000235412, -17.439399998908957 ], [ 26.383900001431446, -17.436799998975268 ], [ 26.387499999034258, -17.434300001905473 ], [ 26.391199998891121, -17.431699998247922 ], [ 26.395199999221916, -17.428899999868005 ], [ 26.398400001283218, -17.426600001562811 ], [ 26.402199998902546, -17.423900001178406 ], [ 26.405499998726313, -17.421599999472615 ], [ 26.408700000787618, -17.419300001211287 ], [ 26.412199999729605, -17.416799999540466 ], [ 26.415699999569917, -17.414299998590483 ], [ 26.418600000258923, -17.412300002216984 ], [ 26.422699999250547, -17.409400001314491 ], [ 26.425900001311817, -17.407200001284394 ], [ 26.428699999746772, -17.405099999102969 ], [ 26.432300000942842, -17.402600001707004 ], [ 26.435400001648357, -17.400400001624604 ], [ 26.439100000606892, -17.397700000849895 ], [ 26.449600000127834, -17.390299997892352 ], [ 26.452899999951605, -17.387899998924517 ], [ 26.456199999775372, -17.385600000955446 ], [ 26.460099998750447, -17.382899999867082 ], [ 26.463399998574214, -17.380500000129988 ], [ 26.466800000652068, -17.378100000456811 ], [ 26.494199998426616, -17.358600001827281 ], [ 26.5538999993217, -17.316199999047619 ], [ 26.611499998695635, -17.274999998653616 ], [ 26.666600000108616, -17.23569999970589 ], [ 26.722199998418823, -17.195999998989087 ], [ 26.777299999831801, -17.156800001894741 ], [ 26.802499998322702, -17.138799998968665 ], [ 26.869899999405479, -17.090599999043455 ], [ 26.925500002207269, -17.050700001016928 ] ] ] } },
{ "type": "Feature", "properties": { "OBJECTID_1": 79, "OBJECTID_2": 4012, "OBJECTID": 106998, "BANDWIDTH": 0, "FROM_": null, "Source": null, "TO_": null, "regional": null, "project": null, "AICDstatus": null, "COUNTRY": null, "AICD": 0.000000, "CNTRY_NAME": null, "PNUMBER": null, "VOLTAGE_KV": 0, "FROM_NM": null, "TO_NM": null, "STATUS": null, "SOURCES": null, "PROJECT_NM": null, "id": null, "power": "line", "name": null, "voltage": "220000", "operator": null, "cables": 3, "wires": null, "Shape_Leng": 0.315243, "Shape_Le_1": 35679.639098, "Shape_Le_2": 35679.639098 }, "geometry": { "type": "MultiLineString", "coordinates": [ [ [ 27.859099999470999, -16.08790000147739 ], [ 27.862000000160002, -16.085000000817228 ], [ 27.868099998418728, -16.078999999754149 ], [ 27.870999999107735, -16.076200001012438 ], [ 27.915699999660564, -16.031800001944923 ], [ 28.012299999565069, -15.936599999648401 ], [ 28.02140000076685, -15.927700001989313 ], [ 28.030400000612879, -15.918900001525563 ], [ 28.03629999975335, -15.913199998822504 ], [ 28.04500000182037, -15.904599997997483 ], [ 28.050200000453817, -15.899500001226025 ], [ 28.077899999600632, -15.872600000046685 ], [ 28.083900000995186, -15.866900000623897 ] ] ] } },
{ "type": "Feature", "properties": { "OBJECTID_1": 80, "OBJECTID_2": 4013, "OBJECTID": 106999, "BANDWIDTH": 0, "FROM_": null, "Source": null, "TO_": null, "regional": null, "project": null, "AICDstatus": null, "COUNTRY": null, "AICD": 0.000000, "CNTRY_NAME": null, "PNUMBER": null, "VOLTAGE_KV": 0, "FROM_NM": null, "TO_NM": null, "STATUS": null, "SOURCES": null, "PROJECT_NM": null, "id": null, "power": "line", "name": null, "voltage": "220000", "operator": null, "cables": 3, "wires": null, "Shape_Leng": 0.122852, "Shape_Le_1": 13860.595689, "Shape_Le_2": 13860.595689 }, "geometry": { "type": "MultiLineString", "coordinates": [ [ [ 27.025400001935544, -16.979200001864459 ], [ 27.021899998501972, -16.981699999174396 ], [ 27.018700000033959, -16.983899999549902 ], [ 27.015400000210189, -16.986299999407272 ], [ 27.0056999998571, -16.993200000005196 ], [ 26.977699998439657, -17.01330000185801 ], [ 26.97439999861589, -17.015700000916691 ], [ 26.971000001029626, -17.018100000811529 ], [ 26.967700001205856, -17.020500000673184 ], [ 26.964200001365544, -17.022999997760547 ], [ 26.950399998427574, -17.032800000416142 ], [ 26.947099998603807, -17.0351999995321 ], [ 26.943700001017575, -17.037700000851064 ], [ 26.939899999804961, -17.040399998524784 ], [ 26.925500002207269, -17.050700001016928 ] ] ] } },
{ "type": "Feature", "properties": { "OBJECTID_1": 81, "OBJECTID_2": 4014, "OBJECTID": 107000, "BANDWIDTH": 0, "FROM_": null, "Source": null, "TO_": null, "regional": null, "project": null, "AICDstatus": null, "COUNTRY": null, "AICD": 0.000000, "CNTRY_NAME": null, "PNUMBER": null, "VOLTAGE_KV": 0, "FROM_NM": null, "TO_NM": null, "STATUS": null, "SOURCES": null, "PROJECT_NM": null, "id": null, "power": "line", "name": null, "voltage": "220000", "operator": null, "cables": 3, "wires": null, "Shape_Leng": 0.004244, "Shape_Le_1": 478.414027, "Shape_Le_2": 478.414027 }, "geometry": { "type": "MultiLineString", "coordinates": [ [ [ 27.026500001577368, -16.978100002117937 ], [ 27.030000001417683, -16.975699998091876 ] ] ] } },
{ "type": "Feature", "properties": { "OBJECTID_1": 82, "OBJECTID_2": 4015, "OBJECTID": 107001, "BANDWIDTH": 0, "FROM_": null, "Source": null, "TO_": null, "regional": null, "project": null, "AICDstatus": null, "COUNTRY": null, "AICD": 0.000000, "CNTRY_NAME": null, "PNUMBER": null, "VOLTAGE_KV": 0, "FROM_NM": null, "TO_NM": null, "STATUS": null, "SOURCES": null, "PROJECT_NM": null, "id": null, "power": "line", "name": null, "voltage": "220000", "operator": null, "cables": 3, "wires": null, "Shape_Leng": 1.222552, "Shape_Le_1": 138778.148377, "Shape_Le_2": 138778.148377 }, "geometry": { "type": "MultiLineString", "coordinates": [ [ [ 27.030000001417683, -16.975699998091876 ], [ 27.063499998349254, -16.951900001961913 ], [ 27.14680000029789, -16.892200000594485 ], [ 27.191500000850723, -16.860100000760099 ], [ 27.254400000213856, -16.814899999321877 ], [ 27.256999999530564, -16.813000001352705 ], [ 27.290700000071933, -16.769499998356284 ], [ 27.307900000596167, -16.748199999097814 ], [ 27.35300000028376, -16.689800001503503 ], [ 27.389899999293181, -16.642099998650711 ], [ 27.420000002231774, -16.603799999123932 ], [ 27.481400001919994, -16.524000000025616 ], [ 27.550799999574913, -16.444200001654536 ], [ 27.574200000611885, -16.417700000330331 ], [ 27.597600001648889, -16.390099998726416 ], [ 27.625000000321769, -16.356199998452013 ], [ 27.668499998978692, -16.303899999819148 ], [ 27.747400000563442, -16.205299999686041 ], [ 27.752599999196857, -16.199000001090408 ], [ 27.756400000409471, -16.194299999303652 ], [ 27.76460000108764, -16.184199999855707 ], [ 27.790100000950844, -16.156300000781322 ], [ 27.793099999402344, -16.153400000600779 ], [ 27.802599999738884, -16.144000000984079 ], [ 27.85009999962497, -16.096799999067574 ], [ 27.859099999470999, -16.08790000147739 ] ] ] } },
{ "type": "Feature", "properties": { "OBJECTID_1": 83, "OBJECTID_2": 4016, "OBJECTID": 107002, "BANDWIDTH": 0, "FROM_": null, "Source": null, "TO_": null, "regional": null, "project": null, "AICDstatus": null, "COUNTRY": null, "AICD": 0.000000, "CNTRY_NAME": null, "PNUMBER": null, "VOLTAGE_KV": 0, "FROM_NM": null, "TO_NM": null, "STATUS": null, "SOURCES": null, "PROJECT_NM": null, "id": null, "power": "line", "name": null, "voltage": "220000", "operator": null, "cables": 3, "wires": null, "Shape_Leng": 0.000871, "Shape_Le_1": 98.342204, "Shape_Le_2": 98.342204 }, "geometry": { "type": "MultiLineString", "coordinates": [ [ [ 27.02609999884935, -16.978700000431207 ], [ 27.025699998816258, -16.978900000301849 ], [ 27.025400001935544, -16.979200001864459 ] ] ] } },
{ "type": "Feature", "properties": { "OBJECTID_1": 84, "OBJECTID_2": 4017, "OBJECTID": 107003, "BANDWIDTH": 0, "FROM_": null, "Source": null, "TO_": null, "regional": null, "project": null, "AICDstatus": null, "COUNTRY": null, "AICD": 0.000000, "CNTRY_NAME": null, "PNUMBER": null, "VOLTAGE_KV": 0, "FROM_NM": null, "TO_NM": null, "STATUS": null, "SOURCES": null, "PROJECT_NM": null, "id": null, "power": "line", "name": null, "voltage": "330000", "operator": null, "cables": 3, "wires": null, "Shape_Leng": 0.363337, "Shape_Le_1": 40707.356137, "Shape_Le_2": 40707.356137 }, "geometry": { "type": "MultiLineString", "coordinates": [ [ [ 28.161499999328278, -15.753899999370569 ], [ 28.160100001907445, -15.773299999931179 ], [ 28.161600001582361, -15.773400000984237 ], [ 28.169500000888267, -15.774000000165287 ], [ 28.171700001070214, -15.776299998501576 ], [ 28.176300000552352, -15.781100000878594 ], [ 28.178100000701203, -15.78300000011879 ], [ 28.180199999527428, -15.783500000676334 ], [ 28.18210000193033, -15.785000000076128 ], [ 28.188400000205601, -15.789900001550961 ], [ 28.191100001776391, -15.791400000830759 ], [ 28.194299999346075, -15.79309999917928 ], [ 28.197700001423925, -15.795000001934932 ], [ 28.200800001231148, -15.79670000100797 ], [ 28.204199999715712, -15.798599999145571 ], [ 28.206700001269954, -15.800000001147923 ], [ 28.221799999374706, -15.814399998605049 ], [ 28.233600002147242, -15.825499999902981 ], [ 28.249000001624296, -15.826699997851993 ], [ 28.253699998868896, -15.826099999344214 ], [ 28.296599999272875, -15.82680000003692 ], [ 28.341400001181423, -15.827399999049861 ], [ 28.359700001347477, -15.82770000005427 ], [ 28.383999999314806, -15.838100001621626 ], [ 28.416299998842089, -15.851900000009174 ], [ 28.432799998859227, -15.858500000199387 ], [ 28.445599999019535, -15.863299999603017 ], [ 28.452399998683621, -15.864799998735428 ], [ 28.457400001792106, -15.867499999828192 ], [ 28.472499999896858, -15.863600000507214 ], [ 28.475200001467648, -15.861299999416731 ], [ 28.475200001467648, -15.860800001449277 ] ] ] } },
{ "type": "Feature", "properties": { "OBJECTID_1": 85, "OBJECTID_2": 4018, "OBJECTID": 107004, "BANDWIDTH": 0, "FROM_": null, "Source": null, "TO_": null, "regional": null, "project": null, "AICDstatus": null, "COUNTRY": null, "AICD": 0.000000, "CNTRY_NAME": null, "PNUMBER": null, "VOLTAGE_KV": 0, "FROM_NM": null, "TO_NM": null, "STATUS": null, "SOURCES": null, "PROJECT_NM": null, "id": null, "power": "line", "name": null, "voltage": "220000", "operator": null, "cables": 3, "wires": null, "Shape_Leng": 0.145373, "Shape_Le_1": 16515.195479, "Shape_Le_2": 16515.195479 }, "geometry": { "type": "MultiLineString", "coordinates": [ [ [ 28.162399999851889, -15.75400000053118 ], [ 28.162199999835341, -15.757300000425136 ], [ 28.161499999328278, -15.767600000074488 ], [ 28.160599998804702, -15.779199998398402 ], [ 28.159800000535178, -15.791200000996529 ], [ 28.159499999162879, -15.794799998740725 ], [ 28.104600001359735, -15.847300000292119 ], [ 28.083900000995186, -15.866900000623897 ] ] ] } }
]
}