{
"type": "FeatureCollection",
"name": "BiomassPotential_KW",
"crs": { "type": "name", "properties": { "name": "urn:ogc:def:crs:OGC:1.3:CRS84" } },
"features": [
{ "type": "Feature", "properties": { "NAME": "Nyengo", "SOUTH": 22.11, "EAST": -14.86, "DISTRICT": null, "PROVINCE": "Western", "Energy_s_5": 92.8929406, "capaci KW": 11612 }, "geometry": { "type": "Point", "coordinates": [ 22.113381106883718, -14.857155542547662 ] } },
{ "type": "Feature", "properties": { "NAME": "Sikongo", "SOUTH": 22.23, "EAST": -15.05, "DISTRICT": null, "PROVINCE": "Western", "Energy_s_5": 92.8929406, "capaci KW": 11612 }, "geometry": { "type": "Point", "coordinates": [ 22.233797628033159, -15.050351279776436 ] } },
{ "type": "Feature", "properties": { "NAME": "Mapungu", "SOUTH": 22.85, "EAST": -15.05, "DISTRICT": null, "PROVINCE": "Western", "Energy_s_5": 92.8929406, "capaci KW": 11612 }, "geometry": { "type": "Point", "coordinates": [ 22.857052369367082, -15.056967572147284 ] } },
{ "type": "Feature", "properties": { "NAME": "Sihole", "SOUTH": 22.62, "EAST": -15.37, "DISTRICT": null, "PROVINCE": "Western", "Energy_s_5": 92.8929406, "capaci KW": 11612 }, "geometry": { "type": "Point", "coordinates": [ 22.617542585542367, -15.371903088999671 ] } },
{ "type": "Feature", "properties": { "NAME": "Nguvu", "SOUTH": 22.09, "EAST": -13.33, "DISTRICT": null, "PROVINCE": "North-Western", "Energy_s_5": 4.344838094, "capaci KW": 543 }, "geometry": { "type": "Point", "coordinates": [ 22.097616904627039, -13.336323662738268 ] } },
{ "type": "Feature", "properties": { "NAME": "Sefu", "SOUTH": 22.49, "EAST": -13.17, "DISTRICT": null, "PROVINCE": "North-Western", "Energy_s_5": 4.344838094, "capaci KW": 543 }, "geometry": { "type": "Point", "coordinates": [ 22.491415562555048, -13.166915938195652 ] } },
{ "type": "Feature", "properties": { "NAME": "Sajongo", "SOUTH": 22.69, "EAST": -13.11, "DISTRICT": null, "PROVINCE": "North-Western", "Energy_s_5": 4.344838094, "capaci KW": 543 }, "geometry": { "type": "Point", "coordinates": [ 22.689057907854767, -13.10896066401002 ] } },
{ "type": "Feature", "properties": { "NAME": "Cheke", "SOUTH": 22.77, "EAST": -13.04, "DISTRICT": null, "PROVINCE": "North-Western", "Energy_s_5": 4.344838094, "capaci KW": 543 }, "geometry": { "type": "Point", "coordinates": [ 22.770789704783223, -13.046547291810109 ] } },
{ "type": "Feature", "properties": { "NAME": "Chitebe", "SOUTH": 22.76, "EAST": -13.17, "DISTRICT": null, "PROVINCE": "North-Western", "Energy_s_5": 4.344838094, "capaci KW": 543 }, "geometry": { "type": "Point", "coordinates": [ 22.760387476083238, -13.171374036209931 ] } },
{ "type": "Feature", "properties": { "NAME": "Lukolwe", "SOUTH": 22.73, "EAST": -13.23, "DISTRICT": null, "PROVINCE": "North-Western", "Energy_s_5": 4.344838094, "capaci KW": 543 }, "geometry": { "type": "Point", "coordinates": [ 22.730666822654708, -13.229329310395563 ] } },
{ "type": "Feature", "properties": { "NAME": "Kalombo", "SOUTH": 22.1, "EAST": -13.1, "DISTRICT": null, "PROVINCE": "North-Western", "Energy_s_5": 4.344838094, "capaci KW": 543 }, "geometry": { "type": "Point", "coordinates": [ 22.837661174997415, -13.100044467981462 ] } },
{ "type": "Feature", "properties": { "NAME": "Muyembe", "SOUTH": 22.78, "EAST": -13.65, "DISTRICT": null, "PROVINCE": "North-Western", "Energy_s_5": 12.7856891, "capaci KW": 1598 }, "geometry": { "type": "Point", "coordinates": [ 22.78416399882606, -13.649876556409248 ] } },
{ "type": "Feature", "properties": { "NAME": "Chiyoya", "SOUTH": 22.5, "EAST": -13.76, "DISTRICT": null, "PROVINCE": "North-Western", "Energy_s_5": 12.7856891, "capaci KW": 1598 }, "geometry": { "type": "Point", "coordinates": [ 22.596923882226324, -13.826714444308998 ] } },
{ "type": "Feature", "properties": { "NAME": "Nyawanda", "SOUTH": 22.67, "EAST": -13.94, "DISTRICT": null, "PROVINCE": "North-Western", "Energy_s_5": 12.7856891, "capaci KW": 1598 }, "geometry": { "type": "Point", "coordinates": [ 22.677169646483353, -13.936680861994555 ] } },
{ "type": "Feature", "properties": { "NAME": "Mulonga", "SOUTH": 22.47, "EAST": -16.37, "DISTRICT": null, "PROVINCE": "Western", "Energy_s_5": 112.7531513, "capaci KW": 14094 }, "geometry": { "type": "Point", "coordinates": [ 22.434946321040847, -16.367830312448231 ] } },
{ "type": "Feature", "properties": { "NAME": "Sesheke", "SOUTH": 24.41, "EAST": -17.45, "DISTRICT": null, "PROVINCE": "Western", "Energy_s_5": 20.39387001, "capaci KW": 2549 }, "geometry": { "type": "Point", "coordinates": [ 24.412855806709455, -17.448176064575261 ] } },
{ "type": "Feature", "properties": { "NAME": "Lusu", "SOUTH": 24.19, "EAST": -17.22, "DISTRICT": null, "PROVINCE": "Western", "Energy_s_5": 20.39387001, "capaci KW": 2549 }, "geometry": { "type": "Point", "coordinates": [ 24.195895036681193, -17.216354967832736 ] } },
{ "type": "Feature", "properties": { "NAME": "Mulele", "SOUTH": 23.19, "EAST": -16.65, "DISTRICT": null, "PROVINCE": "Western", "Energy_s_5": 112.7531513, "capaci KW": 14094 }, "geometry": { "type": "Point", "coordinates": [ 23.194309016139762, -16.647204454676405 ] } },
{ "type": "Feature", "properties": { "NAME": "Nangweshi", "SOUTH": 23.43, "EAST": -16.45, "DISTRICT": null, "PROVINCE": "Western", "Energy_s_5": 21.72452165, "capaci KW": 2716 }, "geometry": { "type": "Point", "coordinates": [ 23.429102178225143, -16.451048142048112 ] } },
{ "type": "Feature", "properties": { "NAME": "Kaanja", "SOUTH": 23.52, "EAST": -16.55, "DISTRICT": null, "PROVINCE": "Western", "Energy_s_5": 21.72452165, "capaci KW": 2716 }, "geometry": { "type": "Point", "coordinates": [ 23.527180334539288, -16.552098363705113 ] } },
{ "type": "Feature", "properties": { "NAME": "Sioma", "SOUTH": 23.62, "EAST": -16.66, "DISTRICT": null, "PROVINCE": "Western", "Energy_s_5": 112.7531513, "capaci KW": 14094 }, "geometry": { "type": "Point", "coordinates": [ 23.625258490853433, -16.662064781390669 ] } },
{ "type": "Feature", "properties": { "NAME": "Siukali", "SOUTH": 24.0, "EAST": -16.48, "DISTRICT": null, "PROVINCE": "Western", "Energy_s_5": 20.39387001, "capaci KW": 2549 }, "geometry": { "type": "Point", "coordinates": [ 24.007168887410032, -16.486712926162348 ] } },
{ "type": "Feature", "properties": { "NAME": "Kaunga Lweti", "SOUTH": 23.11, "EAST": -16.1, "DISTRICT": null, "PROVINCE": "Western", "Energy_s_5": 21.72452165, "capaci KW": 2716 }, "geometry": { "type": "Point", "coordinates": [ 23.108119121197028, -16.101830464262896 ] } },
{ "type": "Feature", "properties": { "NAME": "Senanga", "SOUTH": 23.39, "EAST": -16.1, "DISTRICT": null, "PROVINCE": "Western", "Energy_s_5": 21.72452165, "capaci KW": 2716 }, "geometry": { "type": "Point", "coordinates": [ 23.388979296096625, -16.101830464262896 ] } },
{ "type": "Feature", "properties": { "NAME": "Lui Wanyau", "SOUTH": 23.56, "EAST": -16.11, "DISTRICT": null, "PROVINCE": "Western", "Energy_s_5": 21.72452165, "capaci KW": 2716 }, "geometry": { "type": "Point", "coordinates": [ 23.56433115132495, -16.109260627620031 ] } },
{ "type": "Feature", "properties": { "NAME": "Itufa", "SOUTH": 23.36, "EAST": -15.95, "DISTRICT": null, "PROVINCE": "Western", "Energy_s_5": 21.72452165, "capaci KW": 2716 }, "geometry": { "type": "Point", "coordinates": [ 23.36668880602523, -15.947283066434547 ] } },
{ "type": "Feature", "properties": { "NAME": "Liangasi", "SOUTH": 28.36, "EAST": -15.81, "DISTRICT": null, "PROVINCE": "Western", "Energy_s_5": 21.72452165, "capaci KW": 2716 }, "geometry": { "type": "Point", "coordinates": [ 23.363716740682378, -15.812054093334739 ] } },
{ "type": "Feature", "properties": { "NAME": "Sinungu", "SOUTH": 23.11, "EAST": -15.78, "DISTRICT": null, "PROVINCE": "Western", "Energy_s_5": 21.72452165, "capaci KW": 2716 }, "geometry": { "type": "Point", "coordinates": [ 23.11109118653988, -15.785305505249063 ] } },
{ "type": "Feature", "properties": { "NAME": "Liliachi", "SOUTH": 23.06, "EAST": -15.64, "DISTRICT": null, "PROVINCE": "Western", "Energy_s_5": 21.72452165, "capaci KW": 2716 }, "geometry": { "type": "Point", "coordinates": [ 23.063538141054234, -15.635216205434991 ] } },
{ "type": "Feature", "properties": { "NAME": "Moyo", "SOUTH": 23.58, "EAST": -15.58, "DISTRICT": null, "PROVINCE": "Western", "Energy_s_5": 21.72452165, "capaci KW": 2716 }, "geometry": { "type": "Point", "coordinates": [ 23.296845270468189, -15.578746963920786 ] } },
{ "type": "Feature", "properties": { "NAME": "Litoya", "SOUTH": 23.42, "EAST": -15.67, "DISTRICT": null, "PROVINCE": "Western", "Energy_s_5": 21.72452165, "capaci KW": 2716 }, "geometry": { "type": "Point", "coordinates": [ 23.421672014868012, -15.672367022220653 ] } },
{ "type": "Feature", "properties": { "NAME": "Mukukutu", "SOUTH": 23.24, "EAST": -15.52, "DISTRICT": null, "PROVINCE": "Western", "Energy_s_5": 21.72452165, "capaci KW": 2716 }, "geometry": { "type": "Point", "coordinates": [ 23.246320159639691, -15.519305657063729 ] } },
{ "type": "Feature", "properties": { "NAME": "Kataba", "SOUTH": 23.4, "EAST": -15.43, "DISTRICT": null, "PROVINCE": "Western", "Energy_s_5": 32.63951737, "capaci KW": 4080 }, "geometry": { "type": "Point", "coordinates": [ 23.399381524796613, -15.436087827463847 ] } },
{ "type": "Feature", "properties": { "NAME": "Lukama", "SOUTH": 23.27, "EAST": -14.97, "DISTRICT": null, "PROVINCE": "Western", "Energy_s_5": 32.63951737, "capaci KW": 4080 }, "geometry": { "type": "Point", "coordinates": [ 23.276040813068217, -14.972445633978795 ] } },
{ "type": "Feature", "properties": { "NAME": "Mubanga", "SOUTH": 23.25, "EAST": -14.72, "DISTRICT": null, "PROVINCE": "Western", "Energy_s_5": 11.62027002, "capaci KW": 1453 }, "geometry": { "type": "Point", "coordinates": [ 23.258208421011098, -14.721306112507724 ] } },
{ "type": "Feature", "properties": { "NAME": "Lukau", "SOUTH": 23.39, "EAST": -14.55, "DISTRICT": null, "PROVINCE": "Western", "Energy_s_5": 11.62027002, "capaci KW": 1453 }, "geometry": { "type": "Point", "coordinates": [ 23.393437394110904, -14.553384420636535 ] } },
{ "type": "Feature", "properties": { "NAME": "Kasabi", "SOUTH": 23.81, "EAST": -14.84, "DISTRICT": null, "PROVINCE": "Western", "Energy_s_5": 58.44169398, "capaci KW": 7305 }, "geometry": { "type": "Point", "coordinates": [ 23.809526542110312, -14.840188726221839 ] } },
{ "type": "Feature", "properties": { "NAME": "Kawaya", "SOUTH": 23.29, "EAST": -14.49, "DISTRICT": null, "PROVINCE": "Western", "Energy_s_5": 11.62027002, "capaci KW": 1453 }, "geometry": { "type": "Point", "coordinates": [ 23.287929074439628, -14.493943113779478 ] } },
{ "type": "Feature", "properties": { "NAME": "Lukulu", "SOUTH": 23.3, "EAST": -14.38, "DISTRICT": null, "PROVINCE": "Western", "Energy_s_5": 11.62027002, "capaci KW": 1453 }, "geometry": { "type": "Point", "coordinates": [ 23.30724749916817, -14.378032565408216 ] } },
{ "type": "Feature", "properties": { "NAME": "Kuanchuma", "SOUTH": 23.34, "EAST": -14.35, "DISTRICT": null, "PROVINCE": "Western", "Energy_s_5": 11.62027002, "capaci KW": 1453 }, "geometry": { "type": "Point", "coordinates": [ 23.345884348625258, -14.346825879308259 ] } },
{ "type": "Feature", "properties": { "NAME": "Ngumbu", "SOUTH": 23.37, "EAST": -14.41, "DISTRICT": null, "PROVINCE": "Western", "Energy_s_5": 11.62027002, "capaci KW": 1453 }, "geometry": { "type": "Point", "coordinates": [ 23.375605002053788, -14.412211316851023 ] } },
{ "type": "Feature", "properties": { "NAME": "Lubuzi", "SOUTH": 23.85, "EAST": -14.38, "DISTRICT": null, "PROVINCE": "Western", "Energy_s_5": 11.62027002, "capaci KW": 1453 }, "geometry": { "type": "Point", "coordinates": [ 23.8481633915674, -14.385462728765347 ] } },
{ "type": "Feature", "properties": { "NAME": "Mwito", "SOUTH": 23.9, "EAST": -14.44, "DISTRICT": null, "PROVINCE": "Western", "Energy_s_5": 58.44169398, "capaci KW": 7305 }, "geometry": { "type": "Point", "coordinates": [ 23.900174535067325, -14.4389599049367 ] } },
{ "type": "Feature", "properties": { "NAME": "Kamakumba", "SOUTH": 23.3, "EAST": -14.21, "DISTRICT": null, "PROVINCE": "Western", "Energy_s_5": 11.62027002, "capaci KW": 1453 }, "geometry": { "type": "Point", "coordinates": [ 23.299817335811039, -14.216055004222731 ] } },
{ "type": "Feature", "properties": { "NAME": "Pezo", "SOUTH": 23.41, "EAST": -14.2, "DISTRICT": null, "PROVINCE": "Western", "Energy_s_5": 11.62027002, "capaci KW": 1453 }, "geometry": { "type": "Point", "coordinates": [ 23.417213916853729, -14.205652775522747 ] } },
{ "type": "Feature", "properties": { "NAME": "Kamilende Kuta", "SOUTH": 23.58, "EAST": -14.13, "DISTRICT": null, "PROVINCE": "Western", "Energy_s_5": 11.62027002, "capaci KW": 1453 }, "geometry": { "type": "Point", "coordinates": [ 23.588107674067771, -14.134323207294276 ] } },
{ "type": "Feature", "properties": { "NAME": "Kambwata", "SOUTH": 23.71, "EAST": -14.05, "DISTRICT": null, "PROVINCE": "Western", "Energy_s_5": 11.62027002, "capaci KW": 1453 }, "geometry": { "type": "Point", "coordinates": [ 23.71442045113902, -14.054077443037249 ] } },
{ "type": "Feature", "properties": { "NAME": "Nyilamba", "SOUTH": 23.6, "EAST": -14.03, "DISTRICT": null, "PROVINCE": "North-Western", "Energy_s_5": 11.62027002, "capaci KW": 1453 }, "geometry": { "type": "Point", "coordinates": [ 23.598509902767756, -14.034759018308705 ] } },
{ "type": "Feature", "properties": { "NAME": "Mpidi", "SOUTH": 23.46, "EAST": -14.11, "DISTRICT": null, "PROVINCE": "Western", "Energy_s_5": 11.62027002, "capaci KW": 1453 }, "geometry": { "type": "Point", "coordinates": [ 23.466252995010802, -14.113518749894306 ] } },
{ "type": "Feature", "properties": { "NAME": "Kakolokolo", "SOUTH": 23.29, "EAST": -14.08, "DISTRICT": null, "PROVINCE": "North-Western", "Energy_s_5": 12.7856891, "capaci KW": 1598 }, "geometry": { "type": "Point", "coordinates": [ 23.29535923779676, -14.082312063794351 ] } },
{ "type": "Feature", "properties": { "NAME": "Watopa", "SOUTH": 23.67, "EAST": -14.02, "DISTRICT": null, "PROVINCE": "North-Western", "Energy_s_5": 11.62027002, "capaci KW": 1453 }, "geometry": { "type": "Point", "coordinates": [ 23.677269634353358, -14.018412658923014 ] } },
{ "type": "Feature", "properties": { "NAME": "Likungu", "SOUTH": 23.23, "EAST": -13.99, "DISTRICT": null, "PROVINCE": "North-Western", "Energy_s_5": 12.7856891, "capaci KW": 1598 }, "geometry": { "type": "Point", "coordinates": [ 23.234431898268273, -13.988692005494485 ] } },
{ "type": "Feature", "properties": { "NAME": "Muswiza", "SOUTH": 23.02, "EAST": -13.91, "DISTRICT": null, "PROVINCE": "North-Western", "Energy_s_5": 12.7856891, "capaci KW": 1598 }, "geometry": { "type": "Point", "coordinates": [ 23.020443193582864, -13.911418306580309 ] } },
{ "type": "Feature", "properties": { "NAME": "Manyengu", "SOUTH": 23.28, "EAST": -13.78, "DISTRICT": null, "PROVINCE": "North-Western", "Energy_s_5": 12.7856891, "capaci KW": 1598 }, "geometry": { "type": "Point", "coordinates": [ 23.281984943753919, -13.780647431494781 ] } },
{ "type": "Feature", "properties": { "NAME": "Mumbeji", "SOUTH": 23.71, "EAST": -13.86, "DISTRICT": null, "PROVINCE": "North-Western", "Energy_s_5": 26.23611048, "capaci KW": 3280 }, "geometry": { "type": "Point", "coordinates": [ 23.706990287781885, -13.86089319575181 ] } },
{ "type": "Feature", "properties": { "NAME": "Chilikita", "SOUTH": 23.69, "EAST": -13.92, "DISTRICT": null, "PROVINCE": "North-Western", "Energy_s_5": 26.23611048, "capaci KW": 3280 }, "geometry": { "type": "Point", "coordinates": [ 23.693615993739048, -13.918848469937442 ] } },
{ "type": "Feature", "properties": { "NAME": "Kasesi", "SOUTH": 23.18, "EAST": -13.62, "DISTRICT": null, "PROVINCE": "North-Western", "Energy_s_5": 12.7856891, "capaci KW": 1598 }, "geometry": { "type": "Point", "coordinates": [ 23.180934722096922, -13.617183837637873 ] } },
{ "type": "Feature", "properties": { "NAME": "Kashona", "SOUTH": 23.19, "EAST": -13.71, "DISTRICT": null, "PROVINCE": "North-Western", "Energy_s_5": 12.7856891, "capaci KW": 1598 }, "geometry": { "type": "Point", "coordinates": [ 23.195795048811185, -13.709317863266312 ] } },
{ "type": "Feature", "properties": { "NAME": "Luatembu", "SOUTH": 23.26, "EAST": -13.57, "DISTRICT": null, "PROVINCE": "North-Western", "Energy_s_5": 12.7856891, "capaci KW": 1598 }, "geometry": { "type": "Point", "coordinates": [ 23.26118048635395, -13.574088890166506 ] } },
{ "type": "Feature", "properties": { "NAME": "Zambezi", "SOUTH": 23.17, "EAST": -13.55, "DISTRICT": null, "PROVINCE": "North-Western", "Energy_s_5": 12.7856891, "capaci KW": 1598 }, "geometry": { "type": "Point", "coordinates": [ 23.177962656754069, -13.550312367423683 ] } },
{ "type": "Feature", "properties": { "NAME": "Chilenga", "SOUTH": 23.14, "EAST": -13.5, "DISTRICT": null, "PROVINCE": "North-Western", "Energy_s_5": 12.7856891, "capaci KW": 1598 }, "geometry": { "type": "Point", "coordinates": [ 23.140811839968407, -13.502759321938036 ] } },
{ "type": "Feature", "properties": { "NAME": "Makanga", "SOUTH": 23.02, "EAST": -13.45, "DISTRICT": null, "PROVINCE": "North-Western", "Energy_s_5": 12.7856891, "capaci KW": 1598 }, "geometry": { "type": "Point", "coordinates": [ 23.023415258925716, -13.449262145766683 ] } },
{ "type": "Feature", "properties": { "NAME": "Mukandakunda", "SOUTH": 23.1, "EAST": -13.42, "DISTRICT": null, "PROVINCE": "North-Western", "Energy_s_5": 12.7856891, "capaci KW": 1598 }, "geometry": { "type": "Point", "coordinates": [ 23.099202925168466, -13.422513557681008 ] } },
{ "type": "Feature", "properties": { "NAME": "Chinyingi", "SOUTH": 23.03, "EAST": -13.39, "DISTRICT": null, "PROVINCE": "North-Western", "Energy_s_5": 12.7856891, "capaci KW": 1598 }, "geometry": { "type": "Point", "coordinates": [ 23.032331454954274, -13.386848773566772 ] } },
{ "type": "Feature", "properties": { "NAME": "Chibatu", "SOUTH": 23.19, "EAST": -13.34, "DISTRICT": null, "PROVINCE": "North-Western", "Energy_s_5": 12.7856891, "capaci KW": 1598 }, "geometry": { "type": "Point", "coordinates": [ 23.191336950796906, -13.345239858766831 ] } },
{ "type": "Feature", "properties": { "NAME": "Kakeki", "SOUTH": 23.49, "EAST": -13.29, "DISTRICT": null, "PROVINCE": "North-Western", "Energy_s_5": 12.7856891, "capaci KW": 1598 }, "geometry": { "type": "Point", "coordinates": [ 23.495973648439328, -13.29174268259548 ] } },
{ "type": "Feature", "properties": { "NAME": "Chizezi", "SOUTH": 23.42, "EAST": -13.25, "DISTRICT": null, "PROVINCE": "North-Western", "Energy_s_5": 12.7856891, "capaci KW": 1598 }, "geometry": { "type": "Point", "coordinates": [ 23.418699949525152, -13.250133767795539 ] } },
{ "type": "Feature", "properties": { "NAME": "Lukunyi", "SOUTH": 23.04, "EAST": -13.24, "DISTRICT": null, "PROVINCE": "North-Western", "Energy_s_5": 12.7856891, "capaci KW": 1598 }, "geometry": { "type": "Point", "coordinates": [ 23.044219716325689, -13.24567566978126 ] } },
{ "type": "Feature", "properties": { "NAME": "Chivambo", "SOUTH": 22.97, "EAST": -13.14, "DISTRICT": null, "PROVINCE": "North-Western", "Energy_s_5": 4.344838094, "capaci KW": 543 }, "geometry": { "type": "Point", "coordinates": [ 22.968432050082939, -13.138681317438555 ] } },
{ "type": "Feature", "properties": { "NAME": "Kakeki", "SOUTH": 23.64, "EAST": -13.22, "DISTRICT": null, "PROVINCE": "North-Western", "Energy_s_5": 12.7856891, "capaci KW": 1598 }, "geometry": { "type": "Point", "coordinates": [ 23.643090882910549, -13.218927081695583 ] } },
{ "type": "Feature", "properties": { "NAME": "Chilombu", "SOUTH": 23.72, "EAST": -13.16, "DISTRICT": null, "PROVINCE": "North-Western", "Energy_s_5": 26.23611048, "capaci KW": 3280 }, "geometry": { "type": "Point", "coordinates": [ 23.717392516481869, -13.1579997421671 ] } },
{ "type": "Feature", "properties": { "NAME": "Nyakulenga", "SOUTH": 23.55, "EAST": -13.02, "DISTRICT": null, "PROVINCE": "North-Western", "Energy_s_5": 26.23611048, "capaci KW": 3280 }, "geometry": { "type": "Point", "coordinates": [ 23.546498759267827, -13.022770769067293 ] } },
{ "type": "Feature", "properties": { "NAME": "Mahinda", "SOUTH": 24.09, "EAST": -12.98, "DISTRICT": null, "PROVINCE": "North-Western", "Energy_s_5": 26.23611048, "capaci KW": 3280 }, "geometry": { "type": "Point", "coordinates": [ 24.094844815024185, -12.985619952281631 ] } },
{ "type": "Feature", "properties": { "NAME": "Luasongwa", "SOUTH": 24.24, "EAST": -13.02, "DISTRICT": null, "PROVINCE": "North-Western", "Energy_s_5": 26.23611048, "capaci KW": 3280 }, "geometry": { "type": "Point", "coordinates": [ 24.241962049495406, -13.025742834410146 ] } },
{ "type": "Feature", "properties": { "NAME": "Dyambombola", "SOUTH": 24.19, "EAST": -13.11, "DISTRICT": null, "PROVINCE": "North-Western", "Energy_s_5": 26.23611048, "capaci KW": 3280 }, "geometry": { "type": "Point", "coordinates": [ 24.188464873324051, -13.113418762024306 ] } },
{ "type": "Feature", "properties": { "NAME": "Mbulundu", "SOUTH": 23.98, "EAST": -13.18, "DISTRICT": null, "PROVINCE": "North-Western", "Energy_s_5": 26.23611048, "capaci KW": 3280 }, "geometry": { "type": "Point", "coordinates": [ 23.977448233981494, -13.177318166895644 ] } },
{ "type": "Feature", "properties": { "NAME": "Katuva", "SOUTH": 23.87, "EAST": -13.39, "DISTRICT": null, "PROVINCE": "North-Western", "Energy_s_5": 26.23611048, "capaci KW": 3280 }, "geometry": { "type": "Point", "coordinates": [ 23.873425946981644, -13.3883348062382 ] } },
{ "type": "Feature", "properties": { "NAME": "Chikenge", "SOUTH": 23.83, "EAST": -13.41, "DISTRICT": null, "PROVINCE": "North-Western", "Energy_s_5": 26.23611048, "capaci KW": 3280 }, "geometry": { "type": "Point", "coordinates": [ 23.834789097524556, -13.410625296309597 ] } },
{ "type": "Feature", "properties": { "NAME": "Katendwa", "SOUTH": 24.13, "EAST": -13.44, "DISTRICT": null, "PROVINCE": "North-Western", "Energy_s_5": 26.23611048, "capaci KW": 3280 }, "geometry": { "type": "Point", "coordinates": [ 24.127537533795568, -13.444804047752404 ] } },
{ "type": "Feature", "properties": { "NAME": "Nanga", "SOUTH": 24.26, "EAST": -13.56, "DISTRICT": null, "PROVINCE": "North-Western", "Energy_s_5": 26.23611048, "capaci KW": 3280 }, "geometry": { "type": "Point", "coordinates": [ 24.26871063758108, -13.560714596123669 ] } },
{ "type": "Feature", "properties": { "NAME": "Kamafwafi", "SOUTH": 24.35, "EAST": -13.46, "DISTRICT": null, "PROVINCE": "North-Western", "Energy_s_5": 26.23611048, "capaci KW": 3280 }, "geometry": { "type": "Point", "coordinates": [ 24.354900532523814, -13.456692309123817 ] } },
{ "type": "Feature", "properties": { "NAME": "Manyinga", "SOUTH": 24.27, "EAST": -13.31, "DISTRICT": null, "PROVINCE": "North-Western", "Energy_s_5": 26.23611048, "capaci KW": 3280 }, "geometry": { "type": "Point", "coordinates": [ 24.26871063758108, -13.311061107324024 ] } },
{ "type": "Feature", "properties": { "NAME": "Chitave", "SOUTH": 24.3, "EAST": -13.28, "DISTRICT": null, "PROVINCE": "North-Western", "Energy_s_5": 26.23611048, "capaci KW": 3280 }, "geometry": { "type": "Point", "coordinates": [ 24.29843129100961, -13.276882355881215 ] } },
{ "type": "Feature", "properties": { "NAME": "Kapembe", "SOUTH": 24.4, "EAST": -13.35, "DISTRICT": null, "PROVINCE": "North-Western", "Energy_s_5": 26.23611048, "capaci KW": 3280 }, "geometry": { "type": "Point", "coordinates": [ 24.40245357800946, -13.355642087466817 ] } },
{ "type": "Feature", "properties": { "NAME": "Kawandu", "SOUTH": 24.42, "EAST": -13.27, "DISTRICT": null, "PROVINCE": "North-Western", "Energy_s_5": 26.23611048, "capaci KW": 3280 }, "geometry": { "type": "Point", "coordinates": [ 24.423258035409432, -13.275396323209788 ] } },
{ "type": "Feature", "properties": { "NAME": "Chashima", "SOUTH": 24.62, "EAST": -13.17, "DISTRICT": null, "PROVINCE": "North-Western", "Energy_s_5": 30.20248447, "capaci KW": 3775 }, "geometry": { "type": "Point", "coordinates": [ 24.620900380709148, -13.174346101552791 ] } },
{ "type": "Feature", "properties": { "NAME": "Kamabuta", "SOUTH": 24.9, "EAST": -13.16, "DISTRICT": null, "PROVINCE": "North-Western", "Energy_s_5": 30.20248447, "capaci KW": 3775 }, "geometry": { "type": "Point", "coordinates": [ 24.90176055560875, -13.156513709495673 ] } },
{ "type": "Feature", "properties": { "NAME": "Kashinakaji", "SOUTH": 24.28, "EAST": -12.84, "DISTRICT": null, "PROVINCE": "North-Western", "Energy_s_5": 26.23611048, "capaci KW": 3280 }, "geometry": { "type": "Point", "coordinates": [ 24.282084931623917, -12.844446848496117 ] } },
{ "type": "Feature", "properties": { "NAME": "Kanyilambi", "SOUTH": 24.21, "EAST": -12.54, "DISTRICT": null, "PROVINCE": "North-Western", "Energy_s_5": 18.72923747, "capaci KW": 2341 }, "geometry": { "type": "Point", "coordinates": [ 24.218185526752581, -12.538324118182269 ] } },
{ "type": "Feature", "properties": { "NAME": "Kanzezi", "SOUTH": 24.21, "EAST": -12.44, "DISTRICT": null, "PROVINCE": "North-Western", "Energy_s_5": 18.72923747, "capaci KW": 2341 }, "geometry": { "type": "Point", "coordinates": [ 24.20926933072402, -12.446190092553829 ] } },
{ "type": "Feature", "properties": { "NAME": "Chiwoma", "SOUTH": 24.24, "EAST": -12.34, "DISTRICT": null, "PROVINCE": "North-Western", "Energy_s_5": 18.72923747, "capaci KW": 2341 }, "geometry": { "type": "Point", "coordinates": [ 24.244934114838255, -12.342167805553977 ] } },
{ "type": "Feature", "properties": { "NAME": "Kanongesha", "SOUTH": 24.04, "EAST": -11.71, "DISTRICT": null, "PROVINCE": "North-Western", "Energy_s_5": 18.72923747, "capaci KW": 2341 }, "geometry": { "type": "Point", "coordinates": [ 24.045805736867113, -11.706145822183458 ] } },
{ "type": "Feature", "properties": { "NAME": "Lwawu", "SOUTH": 24.06, "EAST": -11.66, "DISTRICT": null, "PROVINCE": "North-Western", "Energy_s_5": 18.72923747, "capaci KW": 2341 }, "geometry": { "type": "Point", "coordinates": [ 24.059180030909953, -11.664536907383518 ] } },
{ "type": "Feature", "properties": { "NAME": "Kampemba", "SOUTH": 24.34, "EAST": -11.73, "DISTRICT": null, "PROVINCE": "North-Western", "Energy_s_5": 18.72923747, "capaci KW": 2341 }, "geometry": { "type": "Point", "coordinates": [ 24.341526238480977, -11.731408377597708 ] } },
{ "type": "Feature", "properties": { "NAME": "Kawiko", "SOUTH": 24.4, "EAST": -11.61, "DISTRICT": null, "PROVINCE": "North-Western", "Energy_s_5": 18.72923747, "capaci KW": 2341 }, "geometry": { "type": "Point", "coordinates": [ 24.40393961068089, -11.605095600526459 ] } },
{ "type": "Feature", "properties": { "NAME": "Samateba", "SOUTH": 24.67, "EAST": -11.74, "DISTRICT": null, "PROVINCE": "North-Western", "Energy_s_5": 18.72923747, "capaci KW": 2341 }, "geometry": { "type": "Point", "coordinates": [ 24.67588358955193, -11.743296638969118 ] } },
{ "type": "Feature", "properties": { "NAME": "Nyakabombola", "SOUTH": 24.89, "EAST": -11.86, "DISTRICT": null, "PROVINCE": "North-Western", "Energy_s_5": 18.72923747, "capaci KW": 2341 }, "geometry": { "type": "Point", "coordinates": [ 24.897302457594471, -11.859207187340383 ] } },
{ "type": "Feature", "properties": { "NAME": "Kamahinyi", "SOUTH": 24.9, "EAST": -11.56, "DISTRICT": null, "PROVINCE": "North-Western", "Energy_s_5": 18.72923747, "capaci KW": 2341 }, "geometry": { "type": "Point", "coordinates": [ 24.90176055560875, -11.557542555040813 ] } },
{ "type": "Feature", "properties": { "NAME": "Mukangala", "SOUTH": 24.25, "EAST": -11.39, "DISTRICT": null, "PROVINCE": "North-Western", "Energy_s_5": 18.72923747, "capaci KW": 2341 }, "geometry": { "type": "Point", "coordinates": [ 24.250878245523964, -11.386648797826771 ] } },
{ "type": "Feature", "properties": { "NAME": "Kafweko", "SOUTH": 24.1, "EAST": -11.32, "DISTRICT": null, "PROVINCE": "North-Western", "Energy_s_5": 18.72923747, "capaci KW": 2341 }, "geometry": { "type": "Point", "coordinates": [ 24.108219109067026, -11.319777327612579 ] } },
{ "type": "Feature", "properties": { "NAME": "Mwininyilamba", "SOUTH": 24.16, "EAST": -11.26, "DISTRICT": null, "PROVINCE": "North-Western", "Energy_s_5": 18.72923747, "capaci KW": 2341 }, "geometry": { "type": "Point", "coordinates": [ 24.163202317909803, -11.261822053426949 ] } },
{ "type": "Feature", "properties": { "NAME": "Kalene", "SOUTH": 24.15, "EAST": -11.18, "DISTRICT": null, "PROVINCE": "North-Western", "Energy_s_5": 18.72923747, "capaci KW": 2341 }, "geometry": { "type": "Point", "coordinates": [ 24.151314056538393, -11.18157628916992 ] } },
{ "type": "Feature", "properties": { "NAME": "Jimbe", "SOUTH": 24.03, "EAST": -11.1, "DISTRICT": null, "PROVINCE": "North-Western", "Energy_s_5": 18.72923747, "capaci KW": 2341 }, "geometry": { "type": "Point", "coordinates": [ 24.032431442824272, -11.09835845957004 ] } },
{ "type": "Feature", "properties": { "NAME": "Nyakulenga", "SOUTH": 24.14, "EAST": -11.12, "DISTRICT": null, "PROVINCE": "North-Western", "Energy_s_5": 18.72923747, "capaci KW": 2341 }, "geometry": { "type": "Point", "coordinates": [ 24.139425795166979, -11.117676884298584 ] } },
{ "type": "Feature", "properties": { "NAME": "Samahina", "SOUTH": 24.26, "EAST": -11.18, "DISTRICT": null, "PROVINCE": "North-Western", "Energy_s_5": 18.72923747, "capaci KW": 2341 }, "geometry": { "type": "Point", "coordinates": [ 24.265738572238227, -11.177118191155641 ] } },
{ "type": "Feature", "properties": { "NAME": "Kakora", "SOUTH": 25.22, "EAST": -11.29, "DISTRICT": null, "PROVINCE": "North-Western", "Energy_s_5": 18.72923747, "capaci KW": 2341 }, "geometry": { "type": "Point", "coordinates": [ 25.221257579965435, -11.290056674184052 ] } },
{ "type": "Feature", "properties": { "NAME": "Kasampula", "SOUTH": 25.2, "EAST": -11.48, "DISTRICT": null, "PROVINCE": "North-Western", "Energy_s_5": 18.72923747, "capaci KW": 2341 }, "geometry": { "type": "Point", "coordinates": [ 25.203425187908319, -11.483240921469491 ] } },
{ "type": "Feature", "properties": { "NAME": "Lumwana", "SOUTH": 25.14, "EAST": -11.83, "DISTRICT": null, "PROVINCE": "North-Western", "Energy_s_5": 18.72923747, "capaci KW": 2341 }, "geometry": { "type": "Point", "coordinates": [ 25.143983881051259, -11.825028435897574 ] } },
{ "type": "Feature", "properties": { "NAME": "Chitunga", "SOUTH": 25.91, "EAST": -11.91, "DISTRICT": null, "PROVINCE": "North-Western", "Energy_s_5": 56.31726704, "capaci KW": 7040 }, "geometry": { "type": "Point", "coordinates": [ 25.429302153965139, -11.917162461526013 ] } },
{ "type": "Feature", "properties": { "NAME": "Mukumbi", "SOUTH": 25.76, "EAST": -12.06, "DISTRICT": null, "PROVINCE": "North-Western", "Energy_s_5": 56.31726704, "capaci KW": 7040 }, "geometry": { "type": "Point", "coordinates": [ 25.763659505036092, -12.059821597982953 ] } },
{ "type": "Feature", "properties": { "NAME": "Mumbezhi", "SOUTH": 25.59, "EAST": -12.24, "DISTRICT": null, "PROVINCE": "North-Western", "Energy_s_5": 56.31726704, "capaci KW": 7040 }, "geometry": { "type": "Point", "coordinates": [ 25.595737813164902, -12.244089649239831 ] } },
{ "type": "Feature", "properties": { "NAME": "Mutanda", "SOUTH": 26.27, "EAST": -12.35, "DISTRICT": null, "PROVINCE": "North-Western", "Energy_s_5": 56.31726704, "capaci KW": 7040 }, "geometry": { "type": "Point", "coordinates": [ 26.267424580649656, -12.349597968911109 ] } },
{ "type": "Feature", "properties": { "NAME": "Kimiteto", "SOUTH": 26.34, "EAST": -12.17, "DISTRICT": null, "PROVINCE": "North-Western", "Energy_s_5": 56.31726704, "capaci KW": 7040 }, "geometry": { "type": "Point", "coordinates": [ 26.346184312235259, -12.171274048339935 ] } },
{ "type": "Feature", "properties": { "NAME": "Kapijimpanga", "SOUTH": 26.53, "EAST": -12.28, "DISTRICT": null, "PROVINCE": "North-Western", "Energy_s_5": 56.31726704, "capaci KW": 7040 }, "geometry": { "type": "Point", "coordinates": [ 26.536396494177843, -12.281240466025492 ] } },
{ "type": "Feature", "properties": { "NAME": "Mbonge", "SOUTH": 26.57, "EAST": -12.14, "DISTRICT": null, "PROVINCE": "North-Western", "Energy_s_5": 56.31726704, "capaci KW": 7040 }, "geometry": { "type": "Point", "coordinates": [ 26.573547310963505, -12.143039427582833 ] } },
{ "type": "Feature", "properties": { "NAME": "Mulonga", "SOUTH": 26.91, "EAST": -12.12, "DISTRICT": null, "PROVINCE": "Copper-Belt", "Energy_s_5": 56.31726704, "capaci KW": 7040 }, "geometry": { "type": "Point", "coordinates": [ 26.909390694705884, -12.117776872168584 ] } },
{ "type": "Feature", "properties": { "NAME": "Lunga", "SOUTH": 26.91, "EAST": -12.24, "DISTRICT": null, "PROVINCE": "North-Western", "Energy_s_5": 56.31726704, "capaci KW": 7040 }, "geometry": { "type": "Point", "coordinates": [ 26.916820858063016, -12.247061714582685 ] } },
{ "type": "Feature", "properties": { "NAME": "St.Dorothy", "SOUTH": 27.03, "EAST": -12.26, "DISTRICT": null, "PROVINCE": "Copper-Belt", "Energy_s_5": 56.31726704, "capaci KW": 7040 }, "geometry": { "type": "Point", "coordinates": [ 27.03273140643428, -12.261922041296948 ] } },
{ "type": "Feature", "properties": { "NAME": "Kankwandu", "SOUTH": 26.66, "EAST": -12.39, "DISTRICT": null, "PROVINCE": "North-Western", "Energy_s_5": 56.31726704, "capaci KW": 7040 }, "geometry": { "type": "Point", "coordinates": [ 26.658251173234813, -12.392692916382476 ] } },
{ "type": "Feature", "properties": { "NAME": "St. Francis", "SOUTH": 26.51, "EAST": -12.44, "DISTRICT": null, "PROVINCE": "North-Western", "Energy_s_5": 56.31726704, "capaci KW": 7040 }, "geometry": { "type": "Point", "coordinates": [ 26.517078069449301, -12.44173199453955 ] } },
{ "type": "Feature", "properties": { "NAME": "Mujimanzovu", "SOUTH": 26.53, "EAST": -12.65, "DISTRICT": null, "PROVINCE": "North-Western", "Energy_s_5": 56.31726704, "capaci KW": 7040 }, "geometry": { "type": "Point", "coordinates": [ 26.534910461506417, -12.654234666553533 ] } },
{ "type": "Feature", "properties": { "NAME": "Miyashi", "SOUTH": 26.01, "EAST": -12.71, "DISTRICT": null, "PROVINCE": "North-Western", "Energy_s_5": 56.31726704, "capaci KW": 7040 }, "geometry": { "type": "Point", "coordinates": [ 26.014799026507159, -12.707731842724886 ] } },
{ "type": "Feature", "properties": { "NAME": "Kankolokolo", "SOUTH": 26.06, "EAST": -12.92, "DISTRICT": null, "PROVINCE": "North-Western", "Energy_s_5": 25.72431084, "capaci KW": 3216 }, "geometry": { "type": "Point", "coordinates": [ 26.063838104664232, -12.921720547410295 ] } },
{ "type": "Feature", "properties": { "NAME": "Kikonge", "SOUTH": 25.32, "EAST": -13.04, "DISTRICT": null, "PROVINCE": "North-Western", "Energy_s_5": 30.20248447, "capaci KW": 3775 }, "geometry": { "type": "Point", "coordinates": [ 25.320821768951003, -13.043575226467263 ] } },
{ "type": "Feature", "properties": { "NAME": "Kamakuku", "SOUTH": 25.64, "EAST": -12.94, "DISTRICT": null, "PROVINCE": "North-Western", "Energy_s_5": 25.72431084, "capaci KW": 3216 }, "geometry": { "type": "Point", "coordinates": [ 25.643290858650545, -12.939552939467411 ] } },
{ "type": "Feature", "properties": { "NAME": "Kafumfula", "SOUTH": 25.86, "EAST": -13.11, "DISTRICT": null, "PROVINCE": "North-Western", "Energy_s_5": 25.72431084, "capaci KW": 3216 }, "geometry": { "type": "Point", "coordinates": [ 25.857279563335954, -13.116390827367159 ] } },
{ "type": "Feature", "properties": { "NAME": "Dengwe", "SOUTH": 25.86, "EAST": -13.27, "DISTRICT": null, "PROVINCE": "North-Western", "Energy_s_5": 25.72431084, "capaci KW": 3216 }, "geometry": { "type": "Point", "coordinates": [ 25.860251628678807, -13.270938225195511 ] } },
{ "type": "Feature", "properties": { "NAME": "Kalombe", "SOUTH": 25.76, "EAST": -13.35, "DISTRICT": null, "PROVINCE": "North-Western", "Energy_s_5": 25.72431084, "capaci KW": 3216 }, "geometry": { "type": "Point", "coordinates": [ 25.763659505036088, -13.351183989452538 ] } },
{ "type": "Feature", "properties": { "NAME": "Kamatete", "SOUTH": 26.2, "EAST": -13.21, "DISTRICT": null, "PROVINCE": "North-Western", "Energy_s_5": 25.72431084, "capaci KW": 3216 }, "geometry": { "type": "Point", "coordinates": [ 26.215413437149728, -13.223385179709863 ] } },
{ "type": "Feature", "properties": { "NAME": "Chizela", "SOUTH": 25.01, "EAST": -13.11, "DISTRICT": null, "PROVINCE": "North-Western", "Energy_s_5": 30.20248447, "capaci KW": 3775 }, "geometry": { "type": "Point", "coordinates": [ 25.016185071308584, -13.110446696681453 ] } },
{ "type": "Feature", "properties": { "NAME": "Kalengwa", "SOUTH": 25.02, "EAST": -13.46, "DISTRICT": null, "PROVINCE": "North-Western", "Energy_s_5": 30.20248447, "capaci KW": 3775 }, "geometry": { "type": "Point", "coordinates": [ 25.025101267337142, -13.459664374466671 ] } },
{ "type": "Feature", "properties": { "NAME": "Samujimu", "SOUTH": 24.93, "EAST": -13.61, "DISTRICT": null, "PROVINCE": "North-Western", "Energy_s_5": 30.20248447, "capaci KW": 3775 }, "geometry": { "type": "Point", "coordinates": [ 24.931481209037276, -13.609753674280743 ] } },
{ "type": "Feature", "properties": { "NAME": "Nyenga", "SOUTH": 25.68, "EAST": -13.55, "DISTRICT": null, "PROVINCE": "North-Western", "Energy_s_5": 25.72431084, "capaci KW": 3216 }, "geometry": { "type": "Point", "coordinates": [ 25.67895564276478, -13.550312367423684 ] } },
{ "type": "Feature", "properties": { "NAME": "Munyambala", "SOUTH": 24.71, "EAST": -13.43, "DISTRICT": null, "PROVINCE": "North-Western", "Energy_s_5": 30.20248447, "capaci KW": 3775 }, "geometry": { "type": "Point", "coordinates": [ 24.710062340994735, -13.431429753709567 ] } },
{ "type": "Feature", "properties": { "NAME": "Musonweji", "SOUTH": 25.03, "EAST": -13.66, "DISTRICT": null, "PROVINCE": "North-Western", "Energy_s_5": 30.20248447, "capaci KW": 3775 }, "geometry": { "type": "Point", "coordinates": [ 25.026587300008568, -13.664736883123521 ] } },
{ "type": "Feature", "properties": { "NAME": "Muveve", "SOUTH": 23.85, "EAST": -13.71, "DISTRICT": null, "PROVINCE": "North-Western", "Energy_s_5": 26.23611048, "capaci KW": 3280 }, "geometry": { "type": "Point", "coordinates": [ 23.849649424238816, -13.71080389593774 ] } },
{ "type": "Feature", "properties": { "NAME": "Luhila", "SOUTH": 24.86, "EAST": -13.86, "DISTRICT": null, "PROVINCE": "North-Western", "Energy_s_5": 26.23611048, "capaci KW": 3280 }, "geometry": { "type": "Point", "coordinates": [ 24.010140952752874, -13.866837326437517 ] } },
{ "type": "Feature", "properties": { "NAME": "Kabulamema", "SOUTH": 24.05, "EAST": -13.84, "DISTRICT": null, "PROVINCE": "North-Western", "Energy_s_5": 26.23611048, "capaci KW": 3280 }, "geometry": { "type": "Point", "coordinates": [ 24.056207965567094, -13.837116673008989 ] } },
{ "type": "Feature", "properties": { "NAME": "Nkulwashi", "SOUTH": 24.14, "EAST": -13.72, "DISTRICT": null, "PROVINCE": "North-Western", "Energy_s_5": 26.23611048, "capaci KW": 3280 }, "geometry": { "type": "Point", "coordinates": [ 24.140911827838401, -13.719720091966298 ] } },
{ "type": "Feature", "properties": { "NAME": "Samununga", "SOUTH": 24.15, "EAST": -13.6, "DISTRICT": null, "PROVINCE": "North-Western", "Energy_s_5": 26.23611048, "capaci KW": 3280 }, "geometry": { "type": "Point", "coordinates": [ 24.152800089209812, -13.602323510923609 ] } },
{ "type": "Feature", "properties": { "NAME": "Chiwezi", "SOUTH": 24.21, "EAST": -13.62, "DISTRICT": null, "PROVINCE": "North-Western", "Energy_s_5": 26.23611048, "capaci KW": 3280 }, "geometry": { "type": "Point", "coordinates": [ 24.210755363395442, -13.621641935652152 ] } },
{ "type": "Feature", "properties": { "NAME": "Ndungu", "SOUTH": 24.28, "EAST": -13.67, "DISTRICT": null, "PROVINCE": "North-Western", "Energy_s_5": 26.23611048, "capaci KW": 3280 }, "geometry": { "type": "Point", "coordinates": [ 24.279112866281061, -13.676625144494931 ] } },
{ "type": "Feature", "properties": { "NAME": "Chikata", "SOUTH": 24.33, "EAST": -13.61, "DISTRICT": null, "PROVINCE": "North-Western", "Energy_s_5": 26.23611048, "capaci KW": 3280 }, "geometry": { "type": "Point", "coordinates": [ 24.329637977109559, -13.609753674280741 ] } },
{ "type": "Feature", "properties": { "NAME": "Kabanga", "SOUTH": 24.19, "EAST": -13.94, "DISTRICT": null, "PROVINCE": "North-Western", "Energy_s_5": 11.62027002, "capaci KW": 1453 }, "geometry": { "type": "Point", "coordinates": [ 24.189950905995474, -13.941138960008839 ] } },
{ "type": "Feature", "properties": { "NAME": "Luvuzi", "SOUTH": 24.11, "EAST": -13.98, "DISTRICT": null, "PROVINCE": "North-Western", "Energy_s_5": 11.62027002, "capaci KW": 1453 }, "geometry": { "type": "Point", "coordinates": [ 24.11564927242415, -13.984233907480206 ] } },
{ "type": "Feature", "properties": { "NAME": "Nkenga", "SOUTH": 24.27, "EAST": -14.86, "DISTRICT": null, "PROVINCE": "Western", "Energy_s_5": 58.44169398, "capaci KW": 7305 }, "geometry": { "type": "Point", "coordinates": [ 24.273168735595352, -14.860993183621812 ] } },
{ "type": "Feature", "properties": { "NAME": "Mufaya", "SOUTH": 24.31, "EAST": -14.58, "DISTRICT": null, "PROVINCE": "Western", "Energy_s_5": 58.44169398, "capaci KW": 7305 }, "geometry": { "type": "Point", "coordinates": [ 24.314777650395293, -14.581619041393639 ] } },
{ "type": "Feature", "properties": { "NAME": "Mwanambuyu", "SOUTH": 24.06, "EAST": -14.91, "DISTRICT": null, "PROVINCE": "Western", "Energy_s_5": 58.44169398, "capaci KW": 7305 }, "geometry": { "type": "Point", "coordinates": [ 24.065124161595651, -14.905574163764605 ] } },
{ "type": "Feature", "properties": { "NAME": "Mulwa", "SOUTH": 24.25, "EAST": -15.14, "DISTRICT": null, "PROVINCE": "Western", "Energy_s_5": 58.44169398, "capaci KW": 7305 }, "geometry": { "type": "Point", "coordinates": [ 24.247906180181104, -15.135909227835704 ] } },
{ "type": "Feature", "properties": { "NAME": "Luampa", "SOUTH": 24.46, "EAST": -15.05, "DISTRICT": null, "PROVINCE": "Western", "Energy_s_5": 58.44169398, "capaci KW": 7305 }, "geometry": { "type": "Point", "coordinates": [ 24.467839015552219, -15.051205365564396 ] } },
{ "type": "Feature", "properties": { "NAME": "Lalafuta", "SOUTH": 25.02, "EAST": -14.08, "DISTRICT": null, "PROVINCE": "North-Western", "Energy_s_5": 30.20248447, "capaci KW": 3775 }, "geometry": { "type": "Point", "coordinates": [ 25.019157136651433, -14.077853965780074 ] } },
{ "type": "Feature", "properties": { "NAME": "Kalumwenge", "SOUTH": 24.9, "EAST": -14.15, "DISTRICT": null, "PROVINCE": "Western", "Energy_s_5": 30.20248447, "capaci KW": 3775 }, "geometry": { "type": "Point", "coordinates": [ 24.903246588280169, -14.156613697365675 ] } },
{ "type": "Feature", "properties": { "NAME": "Mulalila", "SOUTH": 25.0, "EAST": -14.44, "DISTRICT": null, "PROVINCE": "Western", "Energy_s_5": 58.44169398, "capaci KW": 7305 }, "geometry": { "type": "Point", "coordinates": [ 25.001324744594314, -14.441931970279553 ] } },
{ "type": "Feature", "properties": { "NAME": "Sitwa", "SOUTH": 24.99, "EAST": -14.57, "DISTRICT": null, "PROVINCE": "Western", "Energy_s_5": 30.20248447, "capaci KW": 3775 }, "geometry": { "type": "Point", "coordinates": [ 24.995380613908608, -14.572702845365081 ] } },
{ "type": "Feature", "properties": { "NAME": "Mangango", "SOUTH": 24.57, "EAST": -14.62, "DISTRICT": null, "PROVINCE": "Western", "Energy_s_5": 58.44169398, "capaci KW": 7305 }, "geometry": { "type": "Point", "coordinates": [ 24.570375269880646, -14.624713988865006 ] } },
{ "type": "Feature", "properties": { "NAME": "Mukunkika", "SOUTH": 24.63, "EAST": -14.79, "DISTRICT": null, "PROVINCE": "Western", "Energy_s_5": 58.44169398, "capaci KW": 7305 }, "geometry": { "type": "Point", "coordinates": [ 24.628330544066277, -14.791149648064769 ] } },
{ "type": "Feature", "properties": { "NAME": "Longe", "SOUTH": 24.93, "EAST": -14.83, "DISTRICT": null, "PROVINCE": "Western", "Energy_s_5": 58.44169398, "capaci KW": 7305 }, "geometry": { "type": "Point", "coordinates": [ 24.927023111022994, -14.826814432179003 ] } },
{ "type": "Feature", "properties": { "NAME": "Sishimba", "SOUTH": 25.1, "EAST": -14.79, "DISTRICT": null, "PROVINCE": "Western", "Energy_s_5": 58.44169398, "capaci KW": 7305 }, "geometry": { "type": "Point", "coordinates": [ 25.106833064265594, -14.789663615393343 ] } },
{ "type": "Feature", "properties": { "NAME": "Nyambi", "SOUTH": 24.81, "EAST": -15.54, "DISTRICT": null, "PROVINCE": "Western", "Energy_s_5": 58.44169398, "capaci KW": 7305 }, "geometry": { "type": "Point", "coordinates": [ 24.808140497308873, -15.546054245149406 ] } },
{ "type": "Feature", "properties": { "NAME": "Mwina", "SOUTH": 25.02, "EAST": -16.41, "DISTRICT": null, "PROVINCE": "Western", "Energy_s_5": 20.39387001, "capaci KW": 2549 }, "geometry": { "type": "Point", "coordinates": [ 25.019157136651426, -16.409439227248168 ] } },
{ "type": "Feature", "properties": { "NAME": "Sichili", "SOUTH": 25.01, "EAST": -16.72, "DISTRICT": null, "PROVINCE": "Western", "Energy_s_5": 20.39387001, "capaci KW": 2549 }, "geometry": { "type": "Point", "coordinates": [ 25.014699038637147, -16.725964186262001 ] } },
{ "type": "Feature", "properties": { "NAME": "Lipumpu", "SOUTH": 24.72, "EAST": -17.25, "DISTRICT": null, "PROVINCE": "Western", "Energy_s_5": 20.39387001, "capaci KW": 2549 }, "geometry": { "type": "Point", "coordinates": [ 24.724922667708991, -17.249047686604115 ] } },
{ "type": "Feature", "properties": { "NAME": "Sankakonga", "SOUTH": 25.0, "EAST": -17.31, "DISTRICT": null, "PROVINCE": "Western", "Energy_s_5": 20.39387001, "capaci KW": 2549 }, "geometry": { "type": "Point", "coordinates": [ 24.999838711922884, -17.315919156818303 ] } },
{ "type": "Feature", "properties": { "NAME": "Mwandu", "SOUTH": 24.9, "EAST": -17.52, "DISTRICT": null, "PROVINCE": "Western", "Energy_s_5": 20.39387001, "capaci KW": 2549 }, "geometry": { "type": "Point", "coordinates": [ 24.904732620951592, -17.516533567460876 ] } },
{ "type": "Feature", "properties": { "NAME": "Mambova", "SOUTH": 25.25, "EAST": -17.71, "DISTRICT": null, "PROVINCE": "Southern", "Energy_s_5": 49.82986519, "capaci KW": 6229 }, "geometry": { "type": "Point", "coordinates": [ 25.248006168051102, -17.709717814746313 ] } },
{ "type": "Feature", "properties": { "NAME": "Mukuni", "SOUTH": 26.0, "EAST": -17.9, "DISTRICT": null, "PROVINCE": "Southern", "Energy_s_5": 49.82986519, "capaci KW": 6229 }, "geometry": { "type": "Point", "coordinates": [ 25.998452667121455, -17.898443964017474 ] } },
{ "type": "Feature", "properties": { "NAME": "Katapazi", "SOUTH": 26.1, "EAST": -17.72, "DISTRICT": null, "PROVINCE": "Southern", "Energy_s_5": 49.82986519, "capaci KW": 6229 }, "geometry": { "type": "Point", "coordinates": [ 26.106933052135584, -17.717147978103448 ] } },
{ "type": "Feature", "properties": { "NAME": "Musokotwane", "SOUTH": 25.92, "EAST": -17.6, "DISTRICT": null, "PROVINCE": "Southern", "Energy_s_5": 0.286886593, "capaci KW": 36 }, "geometry": { "type": "Point", "coordinates": [ 25.925637066221558, -17.60272346240361 ] } },
{ "type": "Feature", "properties": { "NAME": "Sibumbwa", "SOUTH": 25.82, "EAST": -17.5, "DISTRICT": null, "PROVINCE": "Southern", "Energy_s_5": 49.82986519, "capaci KW": 6229 }, "geometry": { "type": "Point", "coordinates": [ 25.823100811893134, -17.497215142732333 ] } },
{ "type": "Feature", "properties": { "NAME": "Makunka", "SOUTH": 25.7, "EAST": -17.53, "DISTRICT": null, "PROVINCE": "Southern", "Energy_s_5": 49.82986519, "capaci KW": 6229 }, "geometry": { "type": "Point", "coordinates": [ 25.704218198179017, -17.52693579616086 ] } },
{ "type": "Feature", "properties": { "NAME": "Ngwezi", "SOUTH": 25.56, "EAST": -17.42, "DISTRICT": null, "PROVINCE": "Southern", "Energy_s_5": 49.82986519, "capaci KW": 6229 }, "geometry": { "type": "Point", "coordinates": [ 25.560073029050653, -17.418455411146731 ] } },
{ "type": "Feature", "properties": { "NAME": "Kafwambila", "SOUTH": 26.86, "EAST": -17.87, "DISTRICT": null, "PROVINCE": "Southern", "Energy_s_5": 186.5711051, "capaci KW": 23321 }, "geometry": { "type": "Point", "coordinates": [ 26.860351616548794, -17.87020934326037 ] } },
{ "type": "Feature", "properties": { "NAME": "Siameja", "SOUTH": 27.15, "EAST": -17.63, "DISTRICT": null, "PROVINCE": "Southern", "Energy_s_5": 28.15074054, "capaci KW": 3519 }, "geometry": { "type": "Point", "coordinates": [ 27.156072118162658, -17.63095808316071 ] } },
{ "type": "Feature", "properties": { "NAME": "Kachindu", "SOUTH": 27.32, "EAST": -17.49, "DISTRICT": null, "PROVINCE": "Southern", "Energy_s_5": 28.15074054, "capaci KW": 3519 }, "geometry": { "type": "Point", "coordinates": [ 27.321021744690995, -17.489784979375198 ] } },
{ "type": "Feature", "properties": { "NAME": "Sulwegongwe", "SOUTH": 27.14, "EAST": -17.47, "DISTRICT": null, "PROVINCE": "Southern", "Energy_s_5": 28.15074054, "capaci KW": 3519 }, "geometry": { "type": "Point", "coordinates": [ 27.138239726105542, -17.470466554646656 ] } },
{ "type": "Feature", "properties": { "NAME": "Maamba", "SOUTH": 27.01, "EAST": -17.39, "DISTRICT": null, "PROVINCE": "Southern", "Energy_s_5": 186.5711051, "capaci KW": 23321 }, "geometry": { "type": "Point", "coordinates": [ 27.017871079719999, -17.39319285573248 ] } },
{ "type": "Feature", "properties": { "NAME": "Sinazeze", "SOUTH": 27.15, "EAST": -17.35, "DISTRICT": null, "PROVINCE": "Southern", "Energy_s_5": 28.15074054, "capaci KW": 3519 }, "geometry": { "type": "Point", "coordinates": [ 27.151614020148379, -17.345639810246833 ] } },
{ "type": "Feature", "properties": { "NAME": "Mwezia", "SOUTH": 27.27, "EAST": -17.29, "DISTRICT": null, "PROVINCE": "Southern", "Energy_s_5": 28.15074054, "capaci KW": 3519 }, "geometry": { "type": "Point", "coordinates": [ 27.280898862562481, -17.290656601404056 ] } },
{ "type": "Feature", "properties": { "NAME": "Dibwe", "SOUTH": 27.0, "EAST": -17.25, "DISTRICT": null, "PROVINCE": "Southern", "Energy_s_5": 100.9763479, "capaci KW": 12622 }, "geometry": { "type": "Point", "coordinates": [ 27.000038687662883, -17.247561653932689 ] } },
{ "type": "Feature", "properties": { "NAME": "Chidi", "SOUTH": 26.81, "EAST": -17.41, "DISTRICT": null, "PROVINCE": "Southern", "Energy_s_5": 186.5711051, "capaci KW": 23321 }, "geometry": { "type": "Point", "coordinates": [ 26.81725666907743, -17.408053182446743 ] } },
{ "type": "Feature", "properties": { "NAME": "Chinankoyo", "SOUTH": 26.77, "EAST": -17.49, "DISTRICT": null, "PROVINCE": "Southern", "Energy_s_5": 186.5711051, "capaci KW": 23321 }, "geometry": { "type": "Point", "coordinates": [ 26.772675688934637, -17.495729110060903 ] } },
{ "type": "Feature", "properties": { "NAME": "Siamafumba", "SOUTH": 26.7, "EAST": -17.44, "DISTRICT": null, "PROVINCE": "Southern", "Energy_s_5": 186.5711051, "capaci KW": 23321 }, "geometry": { "type": "Point", "coordinates": [ 26.708776284063298, -17.440745901218126 ] } },
{ "type": "Feature", "properties": { "NAME": "Luyaba", "SOUTH": 26.66, "EAST": -17.37, "DISTRICT": null, "PROVINCE": "Southern", "Energy_s_5": 186.5711051, "capaci KW": 23321 }, "geometry": { "type": "Point", "coordinates": [ 26.667167369263357, -17.372388398332511 ] } },
{ "type": "Feature", "properties": { "NAME": "Sipatunyana", "SOUTH": 26.65, "EAST": -17.28, "DISTRICT": null, "PROVINCE": "Southern", "Energy_s_5": 186.5711051, "capaci KW": 23321 }, "geometry": { "type": "Point", "coordinates": [ 26.650821009877667, -17.289170568732629 ] } },
{ "type": "Feature", "properties": { "NAME": "Kanchele", "SOUTH": 26.81, "EAST": -17.28, "DISTRICT": null, "PROVINCE": "Southern", "Energy_s_5": 186.5711051, "capaci KW": 23321 }, "geometry": { "type": "Point", "coordinates": [ 26.809826505720295, -17.28471247071835 ] } },
{ "type": "Feature", "properties": { "NAME": "Kalomo", "SOUTH": 26.54, "EAST": -17.04, "DISTRICT": null, "PROVINCE": "Southern", "Energy_s_5": 186.5711051, "capaci KW": 23321 }, "geometry": { "type": "Point", "coordinates": [ 26.542340624863538, -17.042489145275841 ] } },
{ "type": "Feature", "properties": { "NAME": "Nantale", "SOUTH": 26.62, "EAST": -16.84, "DISTRICT": null, "PROVINCE": "Southern", "Energy_s_5": 186.5711051, "capaci KW": 23321 }, "geometry": { "type": "Point", "coordinates": [ 26.619614323777714, -16.843360767304695 ] } },
{ "type": "Feature", "properties": { "NAME": "Nankempa", "SOUTH": 26.93, "EAST": -17.03, "DISTRICT": null, "PROVINCE": "Southern", "Energy_s_5": 186.5711051, "capaci KW": 23321 }, "geometry": { "type": "Point", "coordinates": [ 26.940597380805826, -17.03060088390443 ] } },
{ "type": "Feature", "properties": { "NAME": "Nachikungu", "SOUTH": 26.92, "EAST": -17.15, "DISTRICT": null, "PROVINCE": "Southern", "Energy_s_5": 186.5711051, "capaci KW": 23321 }, "geometry": { "type": "Point", "coordinates": [ 26.927223086762989, -17.149483497618544 ] } },
{ "type": "Feature", "properties": { "NAME": "Siasikabole", "SOUTH": 27.04, "EAST": -17.09, "DISTRICT": null, "PROVINCE": "Southern", "Energy_s_5": 100.9763479, "capaci KW": 12622 }, "geometry": { "type": "Point", "coordinates": [ 27.046105700477103, -17.095986321447192 ] } },
{ "type": "Feature", "properties": { "NAME": "Masuku", "SOUTH": 27.1, "EAST": -17.2, "DISTRICT": null, "PROVINCE": "Southern", "Energy_s_5": 100.9763479, "capaci KW": 12622 }, "geometry": { "type": "Point", "coordinates": [ 27.105547007334163, -17.201494641118469 ] } },
{ "type": "Feature", "properties": { "NAME": "Mbole", "SOUTH": 27.24, "EAST": -16.95, "DISTRICT": null, "PROVINCE": "Southern", "Energy_s_5": 100.9763479, "capaci KW": 12622 }, "geometry": { "type": "Point", "coordinates": [ 27.246720111119675, -16.953327184990254 ] } },
{ "type": "Feature", "properties": { "NAME": "Siamuleya", "SOUTH": 27.3, "EAST": -16.91, "DISTRICT": null, "PROVINCE": "Southern", "Energy_s_5": 100.9763479, "capaci KW": 12622 }, "geometry": { "type": "Point", "coordinates": [ 27.2987312546196, -16.911718270190313 ] } },
{ "type": "Feature", "properties": { "NAME": "Gamela", "SOUTH": 27.0, "EAST": -16.9, "DISTRICT": null, "PROVINCE": "Southern", "Energy_s_5": 100.9763479, "capaci KW": 12622 }, "geometry": { "type": "Point", "coordinates": [ 27.003010753005736, -16.899830008818903 ] } },
{ "type": "Feature", "properties": { "NAME": "Siakacheka", "SOUTH": 27.12, "EAST": -16.82, "DISTRICT": null, "PROVINCE": "Southern", "Energy_s_5": 100.9763479, "capaci KW": 12622 }, "geometry": { "type": "Point", "coordinates": [ 27.127837497405558, -16.827014407919005 ] } },
{ "type": "Feature", "properties": { "NAME": "Chilala", "SOUTH": 26.6, "EAST": -16.4, "DISTRICT": null, "PROVINCE": "Southern", "Energy_s_5": 186.5711051, "capaci KW": 23321 }, "geometry": { "type": "Point", "coordinates": [ 26.598809866377742, -16.399036998548187 ] } },
{ "type": "Feature", "properties": { "NAME": "Siabunkululu", "SOUTH": 26.62, "EAST": -16.49, "DISTRICT": null, "PROVINCE": "Southern", "Energy_s_5": 186.5711051, "capaci KW": 23321 }, "geometry": { "type": "Point", "coordinates": [ 26.62407242179199, -16.497115154862332 ] } },
{ "type": "Feature", "properties": { "NAME": "Kabimba", "SOUTH": 26.74, "EAST": -16.46, "DISTRICT": null, "PROVINCE": "Southern", "Energy_s_5": 100.9763479, "capaci KW": 12622 }, "geometry": { "type": "Point", "coordinates": [ 26.74146900283468, -16.464422436090953 ] } },
{ "type": "Feature", "properties": { "NAME": "Siachitema", "SOUTH": 26.72, "EAST": -16.79, "DISTRICT": null, "PROVINCE": "Southern", "Energy_s_5": 186.5711051, "capaci KW": 23321 }, "geometry": { "type": "Point", "coordinates": [ 26.722150578106138, -16.788377558461917 ] } },
{ "type": "Feature", "properties": { "NAME": "Chifunsa", "SOUTH": 26.81, "EAST": -16.62, "DISTRICT": null, "PROVINCE": "Southern", "Energy_s_5": 100.9763479, "capaci KW": 12622 }, "geometry": { "type": "Point", "coordinates": [ 26.809826505720295, -16.621941899262154 ] } },
{ "type": "Feature", "properties": { "NAME": "Mbabala", "SOUTH": 26.9, "EAST": -16.57, "DISTRICT": null, "PROVINCE": "Southern", "Energy_s_5": 100.9763479, "capaci KW": 12622 }, "geometry": { "type": "Point", "coordinates": [ 26.903446564020165, -16.568444723090803 ] } },
{ "type": "Feature", "properties": { "NAME": "Sedumbwe", "SOUTH": 26.96, "EAST": -16.54, "DISTRICT": null, "PROVINCE": "Southern", "Energy_s_5": 100.9763479, "capaci KW": 12622 }, "geometry": { "type": "Point", "coordinates": [ 26.968832001562927, -16.543182167676552 ] } },
{ "type": "Feature", "properties": { "NAME": "Nalube", "SOUTH": 26.88, "EAST": -16.29, "DISTRICT": null, "PROVINCE": "Southern", "Energy_s_5": 100.9763479, "capaci KW": 12622 }, "geometry": { "type": "Point", "coordinates": [ 26.916820858063002, -16.390120802519629 ] } },
{ "type": "Feature", "properties": { "NAME": "Macha", "SOUTH": 26.8, "EAST": -16.39, "DISTRICT": null, "PROVINCE": "Southern", "Energy_s_5": 100.9763479, "capaci KW": 12622 }, "geometry": { "type": "Point", "coordinates": [ 26.80388237503459, -16.390120802519629 ] } },
{ "type": "Feature", "properties": { "NAME": "Makombe", "SOUTH": 27.13, "EAST": -16.41, "DISTRICT": null, "PROVINCE": "Southern", "Energy_s_5": 100.9763479, "capaci KW": 12622 }, "geometry": { "type": "Point", "coordinates": [ 27.132295595419837, -16.413897325262454 ] } },
{ "type": "Feature", "properties": { "NAME": "Kasiya", "SOUTH": 27.1, "EAST": -16.46, "DISTRICT": null, "PROVINCE": "Southern", "Energy_s_5": 100.9763479, "capaci KW": 12622 }, "geometry": { "type": "Point", "coordinates": [ 27.108519072677012, -16.467394501433805 ] } },
{ "type": "Feature", "properties": { "NAME": "Mang'unza", "SOUTH": 27.01, "EAST": -16.35, "DISTRICT": null, "PROVINCE": "Southern", "Energy_s_5": 100.9763479, "capaci KW": 12622 }, "geometry": { "type": "Point", "coordinates": [ 27.017871079719999, -16.349997920391115 ] } },
{ "type": "Feature", "properties": { "NAME": "Siantotola", "SOUTH": 27.26, "EAST": -16.37, "DISTRICT": null, "PROVINCE": "Southern", "Energy_s_5": 82.81713519, "capaci KW": 10352 }, "geometry": { "type": "Point", "coordinates": [ 27.260094405162512, -16.36931634511966 ] } },
{ "type": "Feature", "properties": { "NAME": "Kasiya", "SOUTH": 27.27, "EAST": -16.44, "DISTRICT": null, "PROVINCE": "Southern", "Energy_s_5": 100.9763479, "capaci KW": 12622 }, "geometry": { "type": "Point", "coordinates": [ 27.26901060119107, -16.440645913348128 ] } },
{ "type": "Feature", "properties": { "NAME": "Dundwa", "SOUTH": 26.92, "EAST": -16.3, "DISTRICT": null, "PROVINCE": "Southern", "Energy_s_5": 100.9763479, "capaci KW": 12622 }, "geometry": { "type": "Point", "coordinates": [ 26.918306890734428, -16.303930907576895 ] } },
{ "type": "Feature", "properties": { "NAME": "Muchila", "SOUTH": 26.61, "EAST": -16.23, "DISTRICT": null, "PROVINCE": "Southern", "Energy_s_5": 35.13015841, "capaci KW": 4391 }, "geometry": { "type": "Point", "coordinates": [ 26.619614323777711, -16.22219911064844 ] } },
{ "type": "Feature", "properties": { "NAME": "Muchila Settleme", "SOUTH": 26.59, "EAST": -16.27, "DISTRICT": null, "PROVINCE": "Southern", "Energy_s_5": 35.13015841, "capaci KW": 4391 }, "geometry": { "type": "Point", "coordinates": [ 26.591379703020607, -16.272724221476938 ] } },
{ "type": "Feature", "properties": { "NAME": "Kabwe", "SOUTH": 26.68, "EAST": -16.27, "DISTRICT": null, "PROVINCE": "Southern", "Energy_s_5": 35.13015841, "capaci KW": 4391 }, "geometry": { "type": "Point", "coordinates": [ 26.684999761320473, -16.272724221476938 ] } },
{ "type": "Feature", "properties": { "NAME": "Mobola", "SOUTH": 26.24, "EAST": -16.24, "DISTRICT": null, "PROVINCE": "Southern", "Energy_s_5": 100.9763479, "capaci KW": 12622 }, "geometry": { "type": "Point", "coordinates": [ 26.716206447420429, -16.23408737201985 ] } },
{ "type": "Feature", "properties": { "NAME": "Kabanze", "SOUTH": 26.76, "EAST": -16.29, "DISTRICT": null, "PROVINCE": "Southern", "Energy_s_5": 100.9763479, "capaci KW": 12622 }, "geometry": { "type": "Point", "coordinates": [ 26.763759492906075, -16.289070580862631 ] } },
{ "type": "Feature", "properties": { "NAME": "Simabubi", "SOUTH": 26.85, "EAST": -16.23, "DISTRICT": null, "PROVINCE": "Southern", "Energy_s_5": 100.9763479, "capaci KW": 12622 }, "geometry": { "type": "Point", "coordinates": [ 26.855893518534515, -16.232601339348424 ] } },
{ "type": "Feature", "properties": { "NAME": "Mapanza", "SOUTH": 26.93, "EAST": -16.23, "DISTRICT": null, "PROVINCE": "Southern", "Energy_s_5": 100.9763479, "capaci KW": 12622 }, "geometry": { "type": "Point", "coordinates": [ 26.922764988748703, -16.235573404691277 ] } },
{ "type": "Feature", "properties": { "NAME": "Masompe", "SOUTH": 26.78, "EAST": -16.09, "DISTRICT": null, "PROVINCE": "Southern", "Energy_s_5": 35.13015841, "capaci KW": 4391 }, "geometry": { "type": "Point", "coordinates": [ 26.784563950306044, -16.089942202891486 ] } },
{ "type": "Feature", "properties": { "NAME": "Mbeza", "SOUTH": 26.97, "EAST": -16.1, "DISTRICT": null, "PROVINCE": "Southern", "Energy_s_5": 35.13015841, "capaci KW": 4391 }, "geometry": { "type": "Point", "coordinates": [ 26.970318034234349, -16.103316496934326 ] } },
{ "type": "Feature", "properties": { "NAME": "Chitongo", "SOUTH": 26.94, "EAST": -16.02, "DISTRICT": null, "PROVINCE": "Southern", "Energy_s_5": 35.13015841, "capaci KW": 4391 }, "geometry": { "type": "Point", "coordinates": [ 26.943569446148675, -16.021584700005871 ] } },
{ "type": "Feature", "properties": { "NAME": "Malundu", "SOUTH": 27.19, "EAST": -16.03, "DISTRICT": null, "PROVINCE": "Southern", "Energy_s_5": 82.81713519, "capaci KW": 10352 }, "geometry": { "type": "Point", "coordinates": [ 27.193222934948317, -16.030500896034429 ] } },
{ "type": "Feature", "properties": { "NAME": "Bwengwa", "SOUTH": 27.14, "EAST": -16.07, "DISTRICT": null, "PROVINCE": "Southern", "Energy_s_5": 82.81713519, "capaci KW": 10352 }, "geometry": { "type": "Point", "coordinates": [ 27.147155922134097, -16.07210981083437 ] } },
{ "type": "Feature", "properties": { "NAME": "Siamusangwa", "SOUTH": 27.17, "EAST": -16.15, "DISTRICT": null, "PROVINCE": "Southern", "Energy_s_5": 82.81713519, "capaci KW": 10352 }, "geometry": { "type": "Point", "coordinates": [ 27.175390542891201, -16.14789747707712 ] } },
{ "type": "Feature", "properties": { "NAME": "Sikalinda", "SOUTH": 27.18, "EAST": -16.25, "DISTRICT": null, "PROVINCE": "Southern", "Energy_s_5": 82.81713519, "capaci KW": 10352 }, "geometry": { "type": "Point", "coordinates": [ 27.182820706248332, -16.253405796748396 ] } },
{ "type": "Feature", "properties": { "NAME": "Siamafwa", "SOUTH": 27.26, "EAST": -16.23, "DISTRICT": null, "PROVINCE": "Southern", "Energy_s_5": 82.81713519, "capaci KW": 10352 }, "geometry": { "type": "Point", "coordinates": [ 27.304675385305302, -16.235573404691277 ] } },
{ "type": "Feature", "properties": { "NAME": "Hofwa", "SOUTH": 27.36, "EAST": -16.2, "DISTRICT": null, "PROVINCE": "Southern", "Energy_s_5": 82.81713519, "capaci KW": 10352 }, "geometry": { "type": "Point", "coordinates": [ 27.361144626819506, -16.201394653248471 ] } },
{ "type": "Feature", "properties": { "NAME": "Keembe", "SOUTH": 27.37, "EAST": -16.04, "DISTRICT": null, "PROVINCE": "Southern", "Energy_s_5": 82.81713519, "capaci KW": 10352 }, "geometry": { "type": "Point", "coordinates": [ 27.37303288819092, -16.03793105939156 ] } },
{ "type": "Feature", "properties": { "NAME": "Mabombo", "SOUTH": 26.29, "EAST": -16.31, "DISTRICT": null, "PROVINCE": "Southern", "Energy_s_5": 46.61645535, "capaci KW": 5827 }, "geometry": { "type": "Point", "coordinates": [ 26.297145234078172, -16.308389005591174 ] } },
{ "type": "Feature", "properties": { "NAME": "Luchena", "SOUTH": 26.13, "EAST": -16.02, "DISTRICT": null, "PROVINCE": "Southern", "Energy_s_5": 46.61645535, "capaci KW": 5827 }, "geometry": { "type": "Point", "coordinates": [ 26.133681640221265, -16.021584700005871 ] } },
{ "type": "Feature", "properties": { "NAME": "Basanga", "SOUTH": 26.13, "EAST": -15.88, "DISTRICT": null, "PROVINCE": "Southern", "Energy_s_5": 46.61645535, "capaci KW": 5827 }, "geometry": { "type": "Point", "coordinates": [ 26.133681640221265, -15.877439530877504 ] } },
{ "type": "Feature", "properties": { "NAME": "Lubwe", "SOUTH": 26.31, "EAST": -15.79, "DISTRICT": null, "PROVINCE": "Southern", "Energy_s_5": 46.61645535, "capaci KW": 5827 }, "geometry": { "type": "Point", "coordinates": [ 26.309033495449587, -15.79124963593477 ] } },
{ "type": "Feature", "properties": { "NAME": "Babizhi", "SOUTH": 26.22, "EAST": -15.67, "DISTRICT": null, "PROVINCE": "Southern", "Energy_s_5": 46.61645535, "capaci KW": 5827 }, "geometry": { "type": "Point", "coordinates": [ 26.224329633178279, -15.673853054892081 ] } },
{ "type": "Feature", "properties": { "NAME": "Chambishi", "SOUTH": 26.38, "EAST": -15.67, "DISTRICT": null, "PROVINCE": "Southern", "Energy_s_5": 46.61645535, "capaci KW": 5827 }, "geometry": { "type": "Point", "coordinates": [ 26.389279259706612, -15.667908924206376 ] } },
{ "type": "Feature", "properties": { "NAME": "Namwala", "SOUTH": 26.51, "EAST": -15.72, "DISTRICT": null, "PROVINCE": "Southern", "Energy_s_5": 35.13015841, "capaci KW": 4391 }, "geometry": { "type": "Point", "coordinates": [ 26.509647906092155, -15.718434035034875 ] } },
{ "type": "Feature", "properties": { "NAME": "Banamwaze", "SOUTH": 26.62, "EAST": -15.6, "DISTRICT": null, "PROVINCE": "Southern", "Energy_s_5": 35.13015841, "capaci KW": 4391 }, "geometry": { "type": "Point", "coordinates": [ 26.622586389120567, -15.59955142132076 ] } },
{ "type": "Feature", "properties": { "NAME": "Kaingu", "SOUTH": 26.04, "EAST": -15.48, "DISTRICT": null, "PROVINCE": "Southern", "Energy_s_5": 46.61645535, "capaci KW": 5827 }, "geometry": { "type": "Point", "coordinates": [ 26.046005712607105, -15.483640872949497 ] } },
{ "type": "Feature", "properties": { "NAME": "Jacobs", "SOUTH": 26.78, "EAST": -15.3, "DISTRICT": null, "PROVINCE": "Central", "Energy_s_5": 157.111716, "capaci KW": 19639 }, "geometry": { "type": "Point", "coordinates": [ 26.787536015648904, -15.305316952378323 ] } },
{ "type": "Feature", "properties": { "NAME": "Munga", "SOUTH": 26.98, "EAST": -15.31, "DISTRICT": null, "PROVINCE": "Central", "Energy_s_5": 157.111716, "capaci KW": 19639 }, "geometry": { "type": "Point", "coordinates": [ 26.983692328277193, -15.30680298504975 ] } },
{ "type": "Feature", "properties": { "NAME": "Chibuluma", "SOUTH": 26.9, "EAST": -15.1, "DISTRICT": null, "PROVINCE": "Central", "Energy_s_5": 157.111716, "capaci KW": 19639 }, "geometry": { "type": "Point", "coordinates": [ 26.898988466005886, -15.095786345707193 ] } },
{ "type": "Feature", "properties": { "NAME": "Moono", "SOUTH": 27.01, "EAST": -15.1, "DISTRICT": null, "PROVINCE": "Central", "Energy_s_5": 157.111716, "capaci KW": 19639 }, "geometry": { "type": "Point", "coordinates": [ 27.01489901437715, -15.104702541735753 ] } },
{ "type": "Feature", "properties": { "NAME": "Mukulaikwa", "SOUTH": 27.74, "EAST": -15.26, "DISTRICT": null, "PROVINCE": "Central", "Energy_s_5": 174.4896342, "capaci KW": 21811 }, "geometry": { "type": "Point", "coordinates": [ 27.741568990704682, -15.256277874221249 ] } },
{ "type": "Feature", "properties": { "NAME": "Myooye", "SOUTH": 27.33, "EAST": -15.15, "DISTRICT": null, "PROVINCE": "Central", "Energy_s_5": 157.111716, "capaci KW": 19639 }, "geometry": { "type": "Point", "coordinates": [ 27.334396038733836, -15.150769554549971 ] } },
{ "type": "Feature", "properties": { "NAME": "Kapyanga", "SOUTH": 27.43, "EAST": -15.09, "DISTRICT": null, "PROVINCE": "Central", "Energy_s_5": 157.111716, "capaci KW": 19639 }, "geometry": { "type": "Point", "coordinates": [ 27.435446260390833, -15.094300313035767 ] } },
{ "type": "Feature", "properties": { "NAME": "Matala", "SOUTH": 27.26, "EAST": -15.12, "DISTRICT": null, "PROVINCE": "Central", "Energy_s_5": 157.111716, "capaci KW": 19639 }, "geometry": { "type": "Point", "coordinates": [ 27.267524568519644, -15.11807683577859 ] } },
{ "type": "Feature", "properties": { "NAME": "Nangoma", "SOUTH": 27.34, "EAST": -15.05, "DISTRICT": null, "PROVINCE": "Central", "Energy_s_5": 157.111716, "capaci KW": 19639 }, "geometry": { "type": "Point", "coordinates": [ 27.343312234762394, -15.052691398235826 ] } },
{ "type": "Feature", "properties": { "NAME": "Nambwa", "SOUTH": 27.34, "EAST": -14.92, "DISTRICT": null, "PROVINCE": "Central", "Energy_s_5": 157.111716, "capaci KW": 19639 }, "geometry": { "type": "Point", "coordinates": [ 27.34479826743382, -14.918948457807446 ] } },
{ "type": "Feature", "properties": { "NAME": "Katumpu", "SOUTH": 27.32, "EAST": -14.88, "DISTRICT": null, "PROVINCE": "Central", "Energy_s_5": 157.111716, "capaci KW": 19639 }, "geometry": { "type": "Point", "coordinates": [ 27.322507777362425, -14.877339543007505 ] } },
{ "type": "Feature", "properties": { "NAME": "Mumbwa", "SOUTH": 27.08, "EAST": -14.91, "DISTRICT": null, "PROVINCE": "Central", "Energy_s_5": 157.111716, "capaci KW": 19639 }, "geometry": { "type": "Point", "coordinates": [ 27.077312386577059, -14.91300432712174 ] } },
{ "type": "Feature", "properties": { "NAME": "Chibela", "SOUTH": 27.02, "EAST": -15.03, "DISTRICT": null, "PROVINCE": "Central", "Energy_s_5": 157.111716, "capaci KW": 19639 }, "geometry": { "type": "Point", "coordinates": [ 27.022329177734282, -15.030400908164429 ] } },
{ "type": "Feature", "properties": { "NAME": "Mulendema", "SOUTH": 26.88, "EAST": -15.02, "DISTRICT": null, "PROVINCE": "Central", "Energy_s_5": 157.111716, "capaci KW": 19639 }, "geometry": { "type": "Point", "coordinates": [ 26.882642106620196, -15.02594281015015 ] } },
{ "type": "Feature", "properties": { "NAME": "Kabulebulwe", "SOUTH": 26.79, "EAST": -14.93, "DISTRICT": null, "PROVINCE": "Central", "Energy_s_5": 157.111716, "capaci KW": 19639 }, "geometry": { "type": "Point", "coordinates": [ 26.794966179006035, -14.936780849864563 ] } },
{ "type": "Feature", "properties": { "NAME": "Karenda", "SOUTH": 26.9, "EAST": -14.68, "DISTRICT": null, "PROVINCE": "Central", "Energy_s_5": 157.111716, "capaci KW": 19639 }, "geometry": { "type": "Point", "coordinates": [ 26.898988466005886, -14.678211165036361 ] } },
{ "type": "Feature", "properties": { "NAME": "Chitanda", "SOUTH": 27.6, "EAST": -14.6, "DISTRICT": null, "PROVINCE": "Central", "Energy_s_5": 174.4896342, "capaci KW": 21811 }, "geometry": { "type": "Point", "coordinates": [ 27.603367952262023, -14.606881596807892 ] } },
{ "type": "Feature", "properties": { "NAME": "Kamakeki", "SOUTH": 26.21, "EAST": -13.87, "DISTRICT": null, "PROVINCE": "North-Western", "Energy_s_5": 25.72431084, "capaci KW": 3216 }, "geometry": { "type": "Point", "coordinates": [ 26.212441371806865, -13.871295424451798 ] } },
{ "type": "Feature", "properties": { "NAME": "Kaindu", "SOUTH": 26.93, "EAST": -14.5, "DISTRICT": null, "PROVINCE": "Central", "Energy_s_5": 157.111716, "capaci KW": 19639 }, "geometry": { "type": "Point", "coordinates": [ 26.934653250120117, -14.50285930980804 ] } },
{ "type": "Feature", "properties": { "NAME": "Mpusu", "SOUTH": 26.98, "EAST": -14.46, "DISTRICT": null, "PROVINCE": "Central", "Energy_s_5": 157.111716, "capaci KW": 19639 }, "geometry": { "type": "Point", "coordinates": [ 26.985178360948616, -14.464222460350951 ] } },
{ "type": "Feature", "properties": { "NAME": "Kamilambo", "SOUTH": 27.15, "EAST": -14.52, "DISTRICT": null, "PROVINCE": "Central", "Energy_s_5": 174.4896342, "capaci KW": 21811 }, "geometry": { "type": "Point", "coordinates": [ 27.151614020148379, -14.51474757117945 ] } },
{ "type": "Feature", "properties": { "NAME": "Keembe", "SOUTH": 27.79, "EAST": -14.85, "DISTRICT": null, "PROVINCE": "Central", "Energy_s_5": 174.4896342, "capaci KW": 21811 }, "geometry": { "type": "Point", "coordinates": [ 27.796552199547456, -14.855049052936108 ] } },
{ "type": "Feature", "properties": { "NAME": "Mwachisompola", "SOUTH": 27.95, "EAST": -14.87, "DISTRICT": null, "PROVINCE": "Central", "Energy_s_5": 174.4896342, "capaci KW": 21811 }, "geometry": { "type": "Point", "coordinates": [ 27.955557695390088, -14.869909379650371 ] } },
{ "type": "Feature", "properties": { "NAME": "Liteta", "SOUTH": 28.06, "EAST": -14.76, "DISTRICT": null, "PROVINCE": "Central", "Energy_s_5": 174.4896342, "capaci KW": 21811 }, "geometry": { "type": "Point", "coordinates": [ 28.058093949718511, -14.753998831279109 ] } },
{ "type": "Feature", "properties": { "NAME": "Chibombo", "SOUTH": 28.07, "EAST": -14.62, "DISTRICT": null, "PROVINCE": "Central", "Energy_s_5": 174.4896342, "capaci KW": 21811 }, "geometry": { "type": "Point", "coordinates": [ 28.075926341775627, -14.623227956193581 ] } },
{ "type": "Feature", "properties": { "NAME": "Machiya", "SOUTH": 27.6, "EAST": -13.66, "DISTRICT": null, "PROVINCE": "Copper-Belt", "Energy_s_5": 49.74410739, "capaci KW": 6218 }, "geometry": { "type": "Point", "coordinates": [ 27.603367952262019, -13.660278785109242 ] } },
{ "type": "Feature", "properties": { "NAME": "Mukumbwe", "SOUTH": 27.68, "EAST": -13.88, "DISTRICT": null, "PROVINCE": "Central", "Energy_s_5": 146.8871039, "capaci KW": 18361 }, "geometry": { "type": "Point", "coordinates": [ 27.680641651176195, -13.880211620480356 ] } },
{ "type": "Feature", "properties": { "NAME": "Mikata", "SOUTH": 28.39, "EAST": -13.52, "DISTRICT": null, "PROVINCE": "Copper-Belt", "Energy_s_5": 49.74410739, "capaci KW": 6218 }, "geometry": { "type": "Point", "coordinates": [ 28.39393733346089, -13.522077746666582 ] } },
{ "type": "Feature", "properties": { "NAME": "Mpongwe", "SOUTH": 28.39, "EAST": -13.48, "DISTRICT": null, "PROVINCE": "Copper-Belt", "Energy_s_5": 49.74410739, "capaci KW": 6218 }, "geometry": { "type": "Point", "coordinates": [ 28.172518465418349, -13.478982799195215 ] } },
{ "type": "Feature", "properties": { "NAME": "Ndubeni", "SOUTH": 27.94, "EAST": -13.43, "DISTRICT": null, "PROVINCE": "Copper-Belt", "Energy_s_5": 49.74410739, "capaci KW": 6218 }, "geometry": { "type": "Point", "coordinates": [ 27.943669434018677, -13.428457688366716 ] } },
{ "type": "Feature", "properties": { "NAME": "Munkumpu", "SOUTH": 27.82, "EAST": -13.55, "DISTRICT": null, "PROVINCE": "Copper-Belt", "Energy_s_5": 49.74410739, "capaci KW": 6218 }, "geometry": { "type": "Point", "coordinates": [ 27.823300787633134, -13.547340302080832 ] } },
{ "type": "Feature", "properties": { "NAME": "Kalimkumya", "SOUTH": 27.25, "EAST": -13.39, "DISTRICT": null, "PROVINCE": "Copper-Belt", "Energy_s_5": 49.74410739, "capaci KW": 6218 }, "geometry": { "type": "Point", "coordinates": [ 28.255736295018231, -13.386848773566776 ] } },
{ "type": "Feature", "properties": { "NAME": "Ibenga", "SOUTH": 28.41, "EAST": -13.32, "DISTRICT": null, "PROVINCE": "Copper-Belt", "Energy_s_5": 49.74410739, "capaci KW": 6218 }, "geometry": { "type": "Point", "coordinates": [ 28.414741790860862, -13.319977303352584 ] } },
{ "type": "Feature", "properties": { "NAME": "Kasamba", "SOUTH": 28.31, "EAST": -13.24, "DISTRICT": null, "PROVINCE": "Copper-Belt", "Energy_s_5": 49.74410739, "capaci KW": 6218 }, "geometry": { "type": "Point", "coordinates": [ 28.315177601875291, -13.241217571766983 ] } },
{ "type": "Feature", "properties": { "NAME": "Masaiti", "SOUTH": 28.42, "EAST": -13.24, "DISTRICT": null, "PROVINCE": "Copper-Belt", "Energy_s_5": 49.74410739, "capaci KW": 6218 }, "geometry": { "type": "Point", "coordinates": [ 28.42365798688942, -13.23824550642413 ] } },
{ "type": "Feature", "properties": { "NAME": "Lumpuma", "SOUTH": 27.92, "EAST": -13.1, "DISTRICT": null, "PROVINCE": "Copper-Belt", "Energy_s_5": 41.05205344, "capaci KW": 5132 }, "geometry": { "type": "Point", "coordinates": [ 27.921378943947282, -13.098558435310043 ] } },
{ "type": "Feature", "properties": { "NAME": "Shimukunami", "SOUTH": 27.63, "EAST": -12.83, "DISTRICT": null, "PROVINCE": "Copper-Belt", "Energy_s_5": 41.05205344, "capaci KW": 5132 }, "geometry": { "type": "Point", "coordinates": [ 27.636060671033402, -12.847418913838974 ] } },
{ "type": "Feature", "properties": { "NAME": "Mibenge", "SOUTH": 27.93, "EAST": -12.89, "DISTRICT": null, "PROVINCE": "Copper-Belt", "Energy_s_5": 41.05205344, "capaci KW": 5132 }, "geometry": { "type": "Point", "coordinates": [ 27.934753237990119, -12.893485926653193 ] } },
{ "type": "Feature", "properties": { "NAME": "Chapula", "SOUTH": 28.03, "EAST": -12.88, "DISTRICT": null, "PROVINCE": "Copper-Belt", "Energy_s_5": 8.074854261, "capaci KW": 1009 }, "geometry": { "type": "Point", "coordinates": [ 28.029859328961411, -12.87862559993893 ] } },
{ "type": "Feature", "properties": { "NAME": "Fungulwe", "SOUTH": 27.35, "EAST": -13.08, "DISTRICT": null, "PROVINCE": "Copper-Belt", "Energy_s_5": 41.05205344, "capaci KW": 5132 }, "geometry": { "type": "Point", "coordinates": [ 27.355200496133808, -13.085184141267206 ] } },
{ "type": "Feature", "properties": { "NAME": "Shibuchinga", "SOUTH": 27.92, "EAST": -12.92, "DISTRICT": null, "PROVINCE": "Copper-Belt", "Energy_s_5": 41.05205344, "capaci KW": 5132 }, "geometry": { "type": "Point", "coordinates": [ 27.377490986205206, -12.917262449396016 ] } },
{ "type": "Feature", "properties": { "NAME": "Mapunga", "SOUTH": 26.86, "EAST": -12.89, "DISTRICT": null, "PROVINCE": "North-Western", "Energy_s_5": 56.31726704, "capaci KW": 7040 }, "geometry": { "type": "Point", "coordinates": [ 26.86480971456308, -12.887541795967488 ] } },
{ "type": "Feature", "properties": { "NAME": "Mukunashi", "SOUTH": 25.95, "EAST": -13.78, "DISTRICT": null, "PROVINCE": "North-Western", "Energy_s_5": 25.72431084, "capaci KW": 3216 }, "geometry": { "type": "Point", "coordinates": [ 25.950899621635816, -13.779161398823357 ] } },
{ "type": "Feature", "properties": { "NAME": "Kalasa", "SOUTH": 26.12, "EAST": -13.71, "DISTRICT": null, "PROVINCE": "North-Western", "Energy_s_5": 25.72431084, "capaci KW": 3216 }, "geometry": { "type": "Point", "coordinates": [ 26.11584924816415, -13.713775961280593 ] } },
{ "type": "Feature", "properties": { "NAME": "Lubuto", "SOUTH": 26.1, "EAST": -13.52, "DISTRICT": null, "PROVINCE": "North-Western", "Energy_s_5": 25.72431084, "capaci KW": 3216 }, "geometry": { "type": "Point", "coordinates": [ 26.103960986792739, -13.523563779338007 ] } },
{ "type": "Feature", "properties": { "NAME": "Kelongwa", "SOUTH": 26.35, "EAST": -13.67, "DISTRICT": null, "PROVINCE": "North-Western", "Energy_s_5": 25.72431084, "capaci KW": 3216 }, "geometry": { "type": "Point", "coordinates": [ 26.350642410249531, -13.672167046480652 ] } },
{ "type": "Feature", "properties": { "NAME": "Nyoka", "SOUTH": 26.61, "EAST": -13.32, "DISTRICT": null, "PROVINCE": "North-Western", "Energy_s_5": 56.31726704, "capaci KW": 7040 }, "geometry": { "type": "Point", "coordinates": [ 26.60921209507773, -13.318491270681157 ] } },
{ "type": "Feature", "properties": { "NAME": "Kamizekezeke", "SOUTH": 25.73, "EAST": -13.73, "DISTRICT": null, "PROVINCE": "North-Western", "Energy_s_5": 30.20248447, "capaci KW": 3775 }, "geometry": { "type": "Point", "coordinates": [ 25.586821617136334, -13.730122320666284 ] } },
{ "type": "Feature", "properties": { "NAME": "Kivuko", "SOUTH": 25.83, "EAST": -13.51, "DISTRICT": null, "PROVINCE": "North-Western", "Energy_s_5": 25.72431084, "capaci KW": 3216 }, "geometry": { "type": "Point", "coordinates": [ 25.830530975250273, -13.513161550638022 ] } },
{ "type": "Feature", "properties": { "NAME": "Old Ingwe", "SOUTH": 26.41, "EAST": -13.01, "DISTRICT": null, "PROVINCE": "North-Western", "Energy_s_5": 25.72431084, "capaci KW": 3216 }, "geometry": { "type": "Point", "coordinates": [ 26.408597684435161, -13.016826638381589 ] } },
{ "type": "Feature", "properties": { "NAME": "Mushikishi", "SOUTH": 28.67, "EAST": -13.39, "DISTRICT": null, "PROVINCE": "Copper-Belt", "Energy_s_5": 36.98869319, "capaci KW": 4624 }, "geometry": { "type": "Point", "coordinates": [ 28.674797508360498, -13.392792904252481 ] } },
{ "type": "Feature", "properties": { "NAME": "Miengwe", "SOUTH": 28.73, "EAST": -13.41, "DISTRICT": null, "PROVINCE": "Copper-Belt", "Energy_s_5": 36.98869319, "capaci KW": 4624 }, "geometry": { "type": "Point", "coordinates": [ 28.731266749874703, -13.415083394323878 ] } },
{ "type": "Feature", "properties": { "NAME": "Walamba", "SOUTH": 28.76, "EAST": -13.45, "DISTRICT": null, "PROVINCE": "Copper-Belt", "Energy_s_5": 36.98869319, "capaci KW": 4624 }, "geometry": { "type": "Point", "coordinates": [ 28.75801533796038, -13.453720243780966 ] } },
{ "type": "Feature", "properties": { "NAME": "Nyenyeshi", "SOUTH": 28.67, "EAST": -13.47, "DISTRICT": null, "PROVINCE": "Copper-Belt", "Energy_s_5": 36.98869319, "capaci KW": 4624 }, "geometry": { "type": "Point", "coordinates": [ 28.673311475689072, -13.474524701180934 ] } },
{ "type": "Feature", "properties": { "NAME": "Makango", "SOUTH": 28.63, "EAST": -13.55, "DISTRICT": null, "PROVINCE": "Copper-Belt", "Energy_s_5": 36.98869319, "capaci KW": 4624 }, "geometry": { "type": "Point", "coordinates": [ 28.639132724246263, -13.553284432766537 ] } },
{ "type": "Feature", "properties": { "NAME": "Kashitu", "SOUTH": 28.66, "EAST": -13.68, "DISTRICT": null, "PROVINCE": "Central", "Energy_s_5": 36.98869319, "capaci KW": 4624 }, "geometry": { "type": "Point", "coordinates": [ 28.665881312331937, -13.679597209837786 ] } },
{ "type": "Feature", "properties": { "NAME": "Nkole", "SOUTH": 28.94, "EAST": -13.72, "DISTRICT": null, "PROVINCE": "Central", "Energy_s_5": 146.8871039, "capaci KW": 18361 }, "geometry": { "type": "Point", "coordinates": [ 28.945255454560112, -13.724178189980579 ] } },
{ "type": "Feature", "properties": { "NAME": "Musofu", "SOUTH": 29.04, "EAST": -13.5, "DISTRICT": null, "PROVINCE": "Central", "Energy_s_5": 54.98097105, "capaci KW": 6873 }, "geometry": { "type": "Point", "coordinates": [ 29.04184757820283, -13.502759321938038 ] } },
{ "type": "Feature", "properties": { "NAME": "Mutaba", "SOUTH": 28.84, "EAST": -13.26, "DISTRICT": null, "PROVINCE": "Copper-Belt", "Energy_s_5": 36.98869319, "capaci KW": 4624 }, "geometry": { "type": "Point", "coordinates": [ 28.842719200231684, -13.267966159852659 ] } },
{ "type": "Feature", "properties": { "NAME": "Mkushi", "SOUTH": 29.36, "EAST": -13.57, "DISTRICT": null, "PROVINCE": "Central", "Energy_s_5": 54.98097105, "capaci KW": 6873 }, "geometry": { "type": "Point", "coordinates": [ 29.35985856988809, -13.569630792152228 ] } },
{ "type": "Feature", "properties": { "NAME": "Mushili", "SOUTH": 28.59, "EAST": -13.14, "DISTRICT": null, "PROVINCE": "Copper-Belt", "Energy_s_5": 36.98869319, "capaci KW": 4624 }, "geometry": { "type": "Point", "coordinates": [ 28.591579678760617, -13.14165338278141 ] } },
{ "type": "Feature", "properties": { "NAME": "Katuba", "SOUTH": 28.67, "EAST": -13.17, "DISTRICT": null, "PROVINCE": "Copper-Belt", "Energy_s_5": 36.98869319, "capaci KW": 4624 }, "geometry": { "type": "Point", "coordinates": [ 28.676283541031925, -13.174346101552793 ] } },
{ "type": "Feature", "properties": { "NAME": "Luano", "SOUTH": 28.69, "EAST": -13.08, "DISTRICT": null, "PROVINCE": "Copper-Belt", "Energy_s_5": 7.331017686, "capaci KW": 916 }, "geometry": { "type": "Point", "coordinates": [ 28.69857403110332, -13.080726043252925 ] } },
{ "type": "Feature", "properties": { "NAME": "Mukulungwe", "SOUTH": 28.75, "EAST": -13.06, "DISTRICT": null, "PROVINCE": "Copper-Belt", "Energy_s_5": 36.98869319, "capaci KW": 4624 }, "geometry": { "type": "Point", "coordinates": [ 28.753557239946097, -13.065865716538662 ] } },
{ "type": "Feature", "properties": { "NAME": "Chiwala", "SOUTH": 28.79, "EAST": -13.01, "DISTRICT": null, "PROVINCE": "Copper-Belt", "Energy_s_5": 36.98869319, "capaci KW": 4624 }, "geometry": { "type": "Point", "coordinates": [ 28.792194089403186, -13.010882507695882 ] } },
{ "type": "Feature", "properties": { "NAME": "Chikumbi", "SOUTH": 28.78, "EAST": -12.95, "DISTRICT": null, "PROVINCE": "Copper-Belt", "Energy_s_5": 36.98869319, "capaci KW": 4624 }, "geometry": { "type": "Point", "coordinates": [ 28.780305828031775, -12.946983102824545 ] } },
{ "type": "Feature", "properties": { "NAME": "Chingola", "SOUTH": 27.85, "EAST": -12.48, "DISTRICT": null, "PROVINCE": "Copper-Belt", "Energy_s_5": 8.281902088000001, "capaci KW": 1035 }, "geometry": { "type": "Point", "coordinates": [ 27.848563343047388, -12.478882811325214 ] } },
{ "type": "Feature", "properties": { "NAME": "Mufulira", "SOUTH": 28.24, "EAST": -12.5, "DISTRICT": null, "PROVINCE": "Copper-Belt", "Energy_s_5": 5.255693539, "capaci KW": 657 }, "geometry": { "type": "Point", "coordinates": [ 28.240875968303971, -12.498201236053758 ] } },
{ "type": "Feature", "properties": { "NAME": "Kasunswe", "SOUTH": 28.22, "EAST": -12.55, "DISTRICT": null, "PROVINCE": "Copper-Belt", "Energy_s_5": 5.255693539, "capaci KW": 657 }, "geometry": { "type": "Point", "coordinates": [ 28.218585478232576, -12.550212379553683 ] } },
{ "type": "Feature", "properties": { "NAME": "Chililabombwe", "SOUTH": 27.84, "EAST": -12.32, "DISTRICT": null, "PROVINCE": "Copper-Belt", "Energy_s_5": 3.885015361, "capaci KW": 486 }, "geometry": { "type": "Point", "coordinates": [ 27.842619212361683, -12.322849380825437 ] } },
{ "type": "Feature", "properties": { "NAME": "Kangwena", "SOUTH": 27.33, "EAST": -12.31, "DISTRICT": null, "PROVINCE": "Copper-Belt", "Energy_s_5": 8.281902088000001, "capaci KW": 1035 }, "geometry": { "type": "Point", "coordinates": [ 27.332910006062413, -12.307989054111172 ] } },
{ "type": "Feature", "properties": { "NAME": "Mushindamo", "SOUTH": 27.18, "EAST": -11.75, "DISTRICT": null, "PROVINCE": "Copper-Belt", "Energy_s_5": 56.31726704, "capaci KW": 7040 }, "geometry": { "type": "Point", "coordinates": [ 27.187278804262622, -11.753698867669106 ] } },
{ "type": "Feature", "properties": { "NAME": "Kapeshi", "SOUTH": 29.88, "EAST": -13.5, "DISTRICT": null, "PROVINCE": "Central", "Energy_s_5": 51.23532789, "capaci KW": 6404 }, "geometry": { "type": "Point", "coordinates": [ 29.881456037558777, -13.496815191252329 ] } },
{ "type": "Feature", "properties": { "NAME": "Mulembo", "SOUTH": 29.95, "EAST": -13.38, "DISTRICT": null, "PROVINCE": "Central", "Energy_s_5": 51.23532789, "capaci KW": 6404 }, "geometry": { "type": "Point", "coordinates": [ 29.96021576914438, -13.37941861020964 ] } },
{ "type": "Feature", "properties": { "NAME": "Mushupa", "SOUTH": 29.95, "EAST": -13.19, "DISTRICT": null, "PROVINCE": "Luapula", "Energy_s_5": 51.23532789, "capaci KW": 6404 }, "geometry": { "type": "Point", "coordinates": [ 29.958729736472954, -13.193664526281335 ] } },
{ "type": "Feature", "properties": { "NAME": "Kunda", "SOUTH": 30.02, "EAST": -13.48, "DISTRICT": null, "PROVINCE": "Central", "Energy_s_5": 51.23532789, "capaci KW": 6404 }, "geometry": { "type": "Point", "coordinates": [ 30.027087239358572, -13.486412962552345 ] } },
{ "type": "Feature", "properties": { "NAME": "Chibale", "SOUTH": 30.13, "EAST": -13.56, "DISTRICT": null, "PROVINCE": "Central", "Energy_s_5": 51.23532789, "capaci KW": 6404 }, "geometry": { "type": "Point", "coordinates": [ 30.138539689715554, -13.5681447594808 ] } },
{ "type": "Feature", "properties": { "NAME": "Mukopa", "SOUTH": 30.14, "EAST": -13.73, "DISTRICT": null, "PROVINCE": "Central", "Energy_s_5": 51.23532789, "capaci KW": 6404 }, "geometry": { "type": "Point", "coordinates": [ 30.151913983758391, -13.734580418680562 ] } },
{ "type": "Feature", "properties": { "NAME": "Lupiya", "SOUTH": 30.13, "EAST": -13.01, "DISTRICT": null, "PROVINCE": "Luapula", "Energy_s_5": 51.23532789, "capaci KW": 6404 }, "geometry": { "type": "Point", "coordinates": [ 30.132595559029848, -13.013854573038735 ] } },
{ "type": "Feature", "properties": { "NAME": "Nganswa", "SOUTH": 30.13, "EAST": -13.09, "DISTRICT": null, "PROVINCE": "Luapula", "Energy_s_5": 51.23532789, "capaci KW": 6404 }, "geometry": { "type": "Point", "coordinates": [ 30.247020074729686, -13.085184141267204 ] } },
{ "type": "Feature", "properties": { "NAME": "Kawamba", "SOUTH": 30.36, "EAST": -13.16, "DISTRICT": null, "PROVINCE": "Central", "Energy_s_5": 51.23532789, "capaci KW": 6404 }, "geometry": { "type": "Point", "coordinates": [ 30.365902688443803, -13.160971807509954 ] } },
{ "type": "Feature", "properties": { "NAME": "Kamena", "SOUTH": 30.42, "EAST": -13.43, "DISTRICT": null, "PROVINCE": "Central", "Energy_s_5": 51.23532789, "capaci KW": 6404 }, "geometry": { "type": "Point", "coordinates": [ 30.423857962629434, -13.42548562302386 ] } },
{ "type": "Feature", "properties": { "NAME": "Kaseba", "SOUTH": 30.41, "EAST": -13.51, "DISTRICT": null, "PROVINCE": "Central", "Energy_s_5": 51.23532789, "capaci KW": 6404 }, "geometry": { "type": "Point", "coordinates": [ 30.41345573392945, -13.502759321938036 ] } },
{ "type": "Feature", "properties": { "NAME": "Kanona", "SOUTH": 30.61, "EAST": -13.03, "DISTRICT": null, "PROVINCE": "Luapula", "Energy_s_5": 51.23532789, "capaci KW": 6404 }, "geometry": { "type": "Point", "coordinates": [ 30.615556177243445, -13.028714899753 ] } },
{ "type": "Feature", "properties": { "NAME": "Muchinka", "SOUTH": 30.45, "EAST": -12.92, "DISTRICT": null, "PROVINCE": "Luapula", "Energy_s_5": 51.23532789, "capaci KW": 6404 }, "geometry": { "type": "Point", "coordinates": [ 30.45506464872939, -12.921720547410295 ] } },
{ "type": "Feature", "properties": { "NAME": "Chitambo", "SOUTH": 30.64, "EAST": -12.91, "DISTRICT": null, "PROVINCE": "Luapula", "Energy_s_5": 51.23532789, "capaci KW": 6404 }, "geometry": { "type": "Point", "coordinates": [ 30.640818732657696, -12.902402122681751 ] } },
{ "type": "Feature", "properties": { "NAME": "Lukulu", "SOUTH": 30.79, "EAST": -12.91, "DISTRICT": null, "PROVINCE": "Northern", "Energy_s_5": 84.35441289000001, "capaci KW": 10544 }, "geometry": { "type": "Point", "coordinates": [ 30.789421999800339, -12.82810048911043 ] } },
{ "type": "Feature", "properties": { "NAME": "Mailo", "SOUTH": 30.89, "EAST": -13.04, "DISTRICT": null, "PROVINCE": "Central", "Energy_s_5": 51.23532789, "capaci KW": 6404 }, "geometry": { "type": "Point", "coordinates": [ 30.896416352143046, -13.043575226467263 ] } },
{ "type": "Feature", "properties": { "NAME": "Old Serenje", "SOUTH": 30.9, "EAST": -13.16, "DISTRICT": null, "PROVINCE": "Central", "Energy_s_5": 51.23532789, "capaci KW": 6404 }, "geometry": { "type": "Point", "coordinates": [ 30.905332548171604, -13.159485774838528 ] } },
{ "type": "Feature", "properties": { "NAME": "Mapepala", "SOUTH": 30.15, "EAST": -12.68, "DISTRICT": null, "PROVINCE": "Luapula", "Energy_s_5": 51.23532789, "capaci KW": 6404 }, "geometry": { "type": "Point", "coordinates": [ 30.153400016429821, -12.680983254639211 ] } },
{ "type": "Feature", "properties": { "NAME": "Reuben", "SOUTH": 29.95, "EAST": -12.4, "DISTRICT": null, "PROVINCE": "Luapula", "Energy_s_5": 51.23532789, "capaci KW": 6404 }, "geometry": { "type": "Point", "coordinates": [ 29.952785605787248, -12.406067210425318 ] } },
{ "type": "Feature", "properties": { "NAME": "Kafinda", "SOUTH": 30.47, "EAST": -12.61, "DISTRICT": null, "PROVINCE": "Luapula", "Energy_s_5": 51.23532789, "capaci KW": 6404 }, "geometry": { "type": "Point", "coordinates": [ 30.477355138800785, -12.606681621067889 ] } },
{ "type": "Feature", "properties": { "NAME": "Yoram Manje", "SOUTH": 30.33, "EAST": -12.77, "DISTRICT": null, "PROVINCE": "Luapula", "Energy_s_5": 51.23532789, "capaci KW": 6404 }, "geometry": { "type": "Point", "coordinates": [ 30.336182035015273, -12.777575378281931 ] } },
{ "type": "Feature", "properties": { "NAME": "Kasuko", "SOUTH": 30.57, "EAST": -12.73, "DISTRICT": null, "PROVINCE": "Luapula", "Energy_s_5": 51.23532789, "capaci KW": 6404 }, "geometry": { "type": "Point", "coordinates": [ 30.57543329511493, -12.725564234782004 ] } },
{ "type": "Feature", "properties": { "NAME": "Mabunga", "SOUTH": 30.8, "EAST": -12.6, "DISTRICT": null, "PROVINCE": "Northern", "Energy_s_5": 84.35441289000001, "capaci KW": 10544 }, "geometry": { "type": "Point", "coordinates": [ 30.804282326514603, -12.60222352305361 ] } },
{ "type": "Feature", "properties": { "NAME": "Amalala", "SOUTH": 29.39, "EAST": -12.37, "DISTRICT": null, "PROVINCE": "Luapula", "Energy_s_5": 9.820796045, "capaci KW": 1228 }, "geometry": { "type": "Point", "coordinates": [ 29.399981452016611, -12.371888458982509 ] } },
{ "type": "Feature", "properties": { "NAME": "Milenge", "SOUTH": 29.48, "EAST": -12.39, "DISTRICT": null, "PROVINCE": "Luapula", "Energy_s_5": 9.820796045, "capaci KW": 1228 }, "geometry": { "type": "Point", "coordinates": [ 29.481713248945063, -12.391206883711053 ] } },
{ "type": "Feature", "properties": { "NAME": "Limbe", "SOUTH": 29.46, "EAST": -12.2, "DISTRICT": null, "PROVINCE": "Luapula", "Energy_s_5": 9.820796045, "capaci KW": 1228 }, "geometry": { "type": "Point", "coordinates": [ 29.460908791545094, -12.199508669097041 ] } },
{ "type": "Feature", "properties": { "NAME": "Manokola", "SOUTH": 29.72, "EAST": -12.11, "DISTRICT": null, "PROVINCE": "Luapula", "Energy_s_5": 28.24915967, "capaci KW": 3531 }, "geometry": { "type": "Point", "coordinates": [ 29.723936574387576, -12.113318774154306 ] } },
{ "type": "Feature", "properties": { "NAME": "Kala Samukoko", "SOUTH": 29.56, "EAST": -11.78, "DISTRICT": null, "PROVINCE": "Luapula", "Energy_s_5": 28.24915967, "capaci KW": 3531 }, "geometry": { "type": "Point", "coordinates": [ 29.563445045873518, -11.777475390411929 ] } },
{ "type": "Feature", "properties": { "NAME": "Kasomalwela", "SOUTH": 28.94, "EAST": -11.89, "DISTRICT": null, "PROVINCE": "Luapula", "Energy_s_5": 9.820796045, "capaci KW": 1228 }, "geometry": { "type": "Point", "coordinates": [ 28.943769421888689, -11.890413873440339 ] } },
{ "type": "Feature", "properties": { "NAME": "Kalyongo", "SOUTH": 28.43, "EAST": -11.41, "DISTRICT": null, "PROVINCE": "Luapula", "Energy_s_5": 27.63679867, "capaci KW": 3455 }, "geometry": { "type": "Point", "coordinates": [ 28.434060215589419, -11.410425320569598 ] } },
{ "type": "Feature", "properties": { "NAME": "Chipete", "SOUTH": 28.49, "EAST": -11.7, "DISTRICT": null, "PROVINCE": "Luapula", "Energy_s_5": 27.63679867, "capaci KW": 3455 }, "geometry": { "type": "Point", "coordinates": [ 28.499445653132181, -11.700201691497755 ] } },
{ "type": "Feature", "properties": { "NAME": "Chembe", "SOUTH": 28.76, "EAST": -11.41, "DISTRICT": null, "PROVINCE": "Luapula", "Energy_s_5": 27.63679867, "capaci KW": 3455 }, "geometry": { "type": "Point", "coordinates": [ 28.75950137063181, -11.917162461526015 ] } },
{ "type": "Feature", "properties": { "NAME": "Lukola", "SOUTH": 28.73, "EAST": -11.67, "DISTRICT": null, "PROVINCE": "Luapula", "Energy_s_5": 27.63679867, "capaci KW": 3455 }, "geometry": { "type": "Point", "coordinates": [ 28.735724847888985, -11.671967070740651 ] } },
{ "type": "Feature", "properties": { "NAME": "Kundamfumu", "SOUTH": 28.76, "EAST": -11.47, "DISTRICT": null, "PROVINCE": "Luapula", "Energy_s_5": 27.63679867, "capaci KW": 3455 }, "geometry": { "type": "Point", "coordinates": [ 28.760987403303236, -11.466894562083802 ] } },
{ "type": "Feature", "properties": { "NAME": "Milambo", "SOUTH": 29.12, "EAST": -11.74, "DISTRICT": null, "PROVINCE": "Luapula", "Energy_s_5": 9.820796045, "capaci KW": 1228 }, "geometry": { "type": "Point", "coordinates": [ 29.120607309788436, -11.746268704311975 ] } },
{ "type": "Feature", "properties": { "NAME": "Mulumbi", "SOUTH": 29.19, "EAST": -11.52, "DISTRICT": null, "PROVINCE": "Luapula", "Energy_s_5": 9.820796045, "capaci KW": 1228 }, "geometry": { "type": "Point", "coordinates": [ 29.19490894335976, -11.524849836269434 ] } },
{ "type": "Feature", "properties": { "NAME": "Nsonga", "SOUTH": 29.27, "EAST": -11.42, "DISTRICT": null, "PROVINCE": "Luapula", "Energy_s_5": 27.63679867, "capaci KW": 3455 }, "geometry": { "type": "Point", "coordinates": [ 29.272182642273933, -11.425285647283861 ] } },
{ "type": "Feature", "properties": { "NAME": "Matanda", "SOUTH": 28.46, "EAST": -11.32, "DISTRICT": null, "PROVINCE": "Luapula", "Energy_s_5": 27.63679867, "capaci KW": 3455 }, "geometry": { "type": "Point", "coordinates": [ 28.468238967032228, -11.319777327612584 ] } },
{ "type": "Feature", "properties": { "NAME": "Chansa", "SOUTH": 28.52, "EAST": -11.16, "DISTRICT": null, "PROVINCE": "Luapula", "Energy_s_5": 27.63679867, "capaci KW": 3455 }, "geometry": { "type": "Point", "coordinates": [ 28.5172780451893, -11.162257864441381 ] } },
{ "type": "Feature", "properties": { "NAME": "Bukanda", "SOUTH": 28.58, "EAST": -11.12, "DISTRICT": null, "PROVINCE": "Luapula", "Energy_s_5": 27.63679867, "capaci KW": 3455 }, "geometry": { "type": "Point", "coordinates": [ 28.587121580746341, -11.122134982312867 ] } },
{ "type": "Feature", "properties": { "NAME": "Kabunsa", "SOUTH": 28.8, "EAST": -11.17, "DISTRICT": null, "PROVINCE": "Luapula", "Energy_s_5": 27.63679867, "capaci KW": 3455 }, "geometry": { "type": "Point", "coordinates": [ 28.804082350774603, -11.174146125812793 ] } },
{ "type": "Feature", "properties": { "NAME": "Kalasamukoso", "SOUTH": 28.85, "EAST": -11.25, "DISTRICT": null, "PROVINCE": "Luapula", "Energy_s_5": 27.63679867, "capaci KW": 3455 }, "geometry": { "type": "Point", "coordinates": [ 28.856093494274528, -11.249933792055542 ] } },
{ "type": "Feature", "properties": { "NAME": "Chibalashi", "SOUTH": 28.91, "EAST": -11.14, "DISTRICT": null, "PROVINCE": "Luapula", "Energy_s_5": 27.63679867, "capaci KW": 3455 }, "geometry": { "type": "Point", "coordinates": [ 28.908104637774457, -11.138481341698558 ] } },
{ "type": "Feature", "properties": { "NAME": "Mantumbu", "SOUTH": 28.94, "EAST": -11.18, "DISTRICT": null, "PROVINCE": "Luapula", "Energy_s_5": 27.63679867, "capaci KW": 3455 }, "geometry": { "type": "Point", "coordinates": [ 28.951199585245824, -11.178604223827072 ] } },
{ "type": "Feature", "properties": { "NAME": "Mabomba", "SOUTH": 29.23, "EAST": -11.23, "DISTRICT": null, "PROVINCE": "Luapula", "Energy_s_5": 27.63679867, "capaci KW": 3455 }, "geometry": { "type": "Point", "coordinates": [ 29.053735839574248, -11.229129334655571 ] } },
{ "type": "Feature", "properties": { "NAME": "Kale", "SOUTH": 29.21, "EAST": -11.24, "DISTRICT": null, "PROVINCE": "Luapula", "Energy_s_5": 27.63679867, "capaci KW": 3455 }, "geometry": { "type": "Point", "coordinates": [ 29.21125530274545, -11.241017596026984 ] } },
{ "type": "Feature", "properties": { "NAME": "Kalaba", "SOUTH": 29.16, "EAST": -11.0, "DISTRICT": null, "PROVINCE": "Luapula", "Energy_s_5": 27.63679867, "capaci KW": 3455 }, "geometry": { "type": "Point", "coordinates": [ 29.16518828993123, -11.028514924013001 ] } },
{ "type": "Feature", "properties": { "NAME": "Mano", "SOUTH": 29.03, "EAST": -10.87, "DISTRICT": null, "PROVINCE": "Luapula", "Energy_s_5": 27.63679867, "capaci KW": 3455 }, "geometry": { "type": "Point", "coordinates": [ 29.028473284159997, -10.869509428170371 ] } },
{ "type": "Feature", "properties": { "NAME": "Ntoposhi", "SOUTH": 28.91, "EAST": -10.04, "DISTRICT": null, "PROVINCE": "Luapula", "Energy_s_5": 27.63679867, "capaci KW": 3455 }, "geometry": { "type": "Point", "coordinates": [ 28.914048768460162, -11.035945087370132 ] } },
{ "type": "Feature", "properties": { "NAME": "Katuta", "SOUTH": 28.62, "EAST": -10.79, "DISTRICT": null, "PROVINCE": "Luapula", "Energy_s_5": 18.20381791, "capaci KW": 2275 }, "geometry": { "type": "Point", "coordinates": [ 28.621300332189151, -10.792235729256197 ] } },
{ "type": "Feature", "properties": { "NAME": "Chibondo", "SOUTH": 28.69, "EAST": -10.7, "DISTRICT": null, "PROVINCE": "Luapula", "Energy_s_5": 18.20381791, "capaci KW": 2275 }, "geometry": { "type": "Point", "coordinates": [ 28.695601965760474, -10.70307376897061 ] } },
{ "type": "Feature", "properties": { "NAME": "Chisunka", "SOUTH": 28.88, "EAST": -10.74, "DISTRICT": null, "PROVINCE": "Luapula", "Energy_s_5": 27.63679867, "capaci KW": 3455 }, "geometry": { "type": "Point", "coordinates": [ 28.88135604968878, -10.74022458575627 ] } },
{ "type": "Feature", "properties": { "NAME": "Chipili", "SOUTH": 29.11, "EAST": -10.69, "DISTRICT": null, "PROVINCE": "Luapula", "Energy_s_5": 18.20381791, "capaci KW": 2275 }, "geometry": { "type": "Point", "coordinates": [ 29.113177146431305, -10.697129638284904 ] } },
{ "type": "Feature", "properties": { "NAME": "Mutipula", "SOUTH": 28.99, "EAST": -10.61, "DISTRICT": null, "PROVINCE": "Luapula", "Energy_s_5": 18.20381791, "capaci KW": 2275 }, "geometry": { "type": "Point", "coordinates": [ 28.994294532717188, -10.61093974334217 ] } },
{ "type": "Feature", "properties": { "NAME": "Mulundu", "SOUTH": 28.69, "EAST": -10.49, "DISTRICT": null, "PROVINCE": "Luapula", "Energy_s_5": 18.20381791, "capaci KW": 2275 }, "geometry": { "type": "Point", "coordinates": [ 28.689657835074765, -10.490571096956627 ] } },
{ "type": "Feature", "properties": { "NAME": "Kashiba", "SOUTH": 28.69, "EAST": -10.41, "DISTRICT": null, "PROVINCE": "Luapula", "Energy_s_5": 18.20381791, "capaci KW": 2275 }, "geometry": { "type": "Point", "coordinates": [ 28.691143867746195, -10.4103253326996 ] } },
{ "type": "Feature", "properties": { "NAME": "Kamima", "SOUTH": 29.01, "EAST": -10.45, "DISTRICT": null, "PROVINCE": "Luapula", "Energy_s_5": 18.20381791, "capaci KW": 2275 }, "geometry": { "type": "Point", "coordinates": [ 29.018071055460013, -10.448962182156686 ] } },
{ "type": "Feature", "properties": { "NAME": "Mwenda", "SOUTH": 29.19, "EAST": -10.42, "DISTRICT": null, "PROVINCE": "Luapula", "Energy_s_5": 18.20381791, "capaci KW": 2275 }, "geometry": { "type": "Point", "coordinates": [ 29.190450845345481, -10.428157724756716 ] } },
{ "type": "Feature", "properties": { "NAME": "Munushi", "SOUTH": 28.73, "EAST": -9.96, "DISTRICT": null, "PROVINCE": "Luapula", "Energy_s_5": 23.05826852, "capaci KW": 2882 }, "geometry": { "type": "Point", "coordinates": [ 28.734238815217559, -9.96600156394309 ] } },
{ "type": "Feature", "properties": { "NAME": "Munushi", "SOUTH": 28.71, "EAST": -10.02, "DISTRICT": null, "PROVINCE": "Luapula", "Energy_s_5": 18.20381791, "capaci KW": 2275 }, "geometry": { "type": "Point", "coordinates": [ 28.711948325146164, -10.028414936143001 ] } },
{ "type": "Feature", "properties": { "NAME": "Lukwesa", "SOUTH": 28.66, "EAST": -10.14, "DISTRICT": null, "PROVINCE": "Luapula", "Energy_s_5": 18.20381791, "capaci KW": 2275 }, "geometry": { "type": "Point", "coordinates": [ 28.665881312331944, -10.139867386499985 ] } },
{ "type": "Feature", "properties": { "NAME": "Lubunda", "SOUTH": 28.7, "EAST": -10.29, "DISTRICT": null, "PROVINCE": "Luapula", "Energy_s_5": 18.20381791, "capaci KW": 2275 }, "geometry": { "type": "Point", "coordinates": [ 28.704518161789032, -10.294414784328335 ] } },
{ "type": "Feature", "properties": { "NAME": "Mwense", "SOUTH": 28.7, "EAST": -10.35, "DISTRICT": null, "PROVINCE": "Luapula", "Energy_s_5": 18.20381791, "capaci KW": 2275 }, "geometry": { "type": "Point", "coordinates": [ 28.710462292474737, -10.346425927828262 ] } },
{ "type": "Feature", "properties": { "NAME": "Mubende", "SOUTH": 28.8, "EAST": -10.23, "DISTRICT": null, "PROVINCE": "Luapula", "Energy_s_5": 18.20381791, "capaci KW": 2275 }, "geometry": { "type": "Point", "coordinates": [ 28.802596318103177, -10.236459510142705 ] } },
{ "type": "Feature", "properties": { "NAME": "Mupeta", "SOUTH": 28.99, "EAST": -10.34, "DISTRICT": null, "PROVINCE": "Luapula", "Energy_s_5": 18.20381791, "capaci KW": 2275 }, "geometry": { "type": "Point", "coordinates": [ 28.995780565388614, -10.340481797142555 ] } },
{ "type": "Feature", "properties": { "NAME": "Mukonshi", "SOUTH": 29.23, "EAST": -10.24, "DISTRICT": null, "PROVINCE": "Luapula", "Energy_s_5": 18.20381791, "capaci KW": 2275 }, "geometry": { "type": "Point", "coordinates": [ 29.230573727473995, -10.237945542814131 ] } },
{ "type": "Feature", "properties": { "NAME": "Kalundu", "SOUTH": 29.41, "EAST": -10.27, "DISTRICT": null, "PROVINCE": "Luapula", "Energy_s_5": 18.20381791, "capaci KW": 2275 }, "geometry": { "type": "Point", "coordinates": [ 29.410383680716595, -10.273610326928365 ] } },
{ "type": "Feature", "properties": { "NAME": "Lupoposhi", "SOUTH": 29.48, "EAST": -10.33, "DISTRICT": null, "PROVINCE": "Luapula", "Energy_s_5": 18.20381791, "capaci KW": 2275 }, "geometry": { "type": "Point", "coordinates": [ 29.487657379630768, -10.330079568442571 ] } },
{ "type": "Feature", "properties": { "NAME": "Sakanga", "SOUTH": 28.76, "EAST": -9.93, "DISTRICT": null, "PROVINCE": "Luapula", "Energy_s_5": 23.05826852, "capaci KW": 2882 }, "geometry": { "type": "Point", "coordinates": [ 28.75950137063181, -9.931822812500283 ] } },
{ "type": "Feature", "properties": { "NAME": "Mumbolo", "SOUTH": 28.77, "EAST": -9.88, "DISTRICT": null, "PROVINCE": "Luapula", "Energy_s_5": 23.05826852, "capaci KW": 2882 }, "geometry": { "type": "Point", "coordinates": [ 28.7758477300175, -9.881297701671784 ] } },
{ "type": "Feature", "properties": { "NAME": "Lufubu", "SOUTH": 28.8, "EAST": -9.86, "DISTRICT": null, "PROVINCE": "Luapula", "Energy_s_5": 23.05826852, "capaci KW": 2882 }, "geometry": { "type": "Point", "coordinates": [ 28.807054416117456, -9.860493244271813 ] } },
{ "type": "Feature", "properties": { "NAME": "Kazembe", "SOUTH": 28.79, "EAST": -9.78, "DISTRICT": null, "PROVINCE": "Luapula", "Energy_s_5": 23.05826852, "capaci KW": 2882 }, "geometry": { "type": "Point", "coordinates": [ 28.790708056731766, -9.781733512686213 ] } },
{ "type": "Feature", "properties": { "NAME": "Mbereshi", "SOUTH": 28.82, "EAST": -9.7, "DISTRICT": null, "PROVINCE": "Luapula", "Energy_s_5": 14.86382167, "capaci KW": 1858 }, "geometry": { "type": "Point", "coordinates": [ 28.824886808174572, -9.704459813772036 ] } },
{ "type": "Feature", "properties": { "NAME": "Tusha", "SOUTH": 28.79, "EAST": -9.65, "DISTRICT": null, "PROVINCE": "Luapula", "Energy_s_5": 14.86382167, "capaci KW": 1858 }, "geometry": { "type": "Point", "coordinates": [ 28.787735991388914, -9.650962637600685 ] } },
{ "type": "Feature", "properties": { "NAME": "Kanyembo", "SOUTH": 28.78, "EAST": -9.59, "DISTRICT": null, "PROVINCE": "Luapula", "Energy_s_5": 14.86382167, "capaci KW": 1858 }, "geometry": { "type": "Point", "coordinates": [ 28.783277893374635, -9.593007363415053 ] } },
{ "type": "Feature", "properties": { "NAME": "Chabilikila", "SOUTH": 28.77, "EAST": -9.5, "DISTRICT": null, "PROVINCE": "Luapula", "Energy_s_5": 14.86382167, "capaci KW": 1858 }, "geometry": { "type": "Point", "coordinates": [ 28.768417566660368, -9.506817468472319 ] } },
{ "type": "Feature", "properties": { "NAME": "Shinonde", "SOUTH": 29.06, "EAST": -9.56, "DISTRICT": null, "PROVINCE": "Luapula", "Energy_s_5": 23.05826852, "capaci KW": 2882 }, "geometry": { "type": "Point", "coordinates": [ 29.067110133617085, -9.567744808000803 ] } },
{ "type": "Feature", "properties": { "NAME": "Kawambwa", "SOUTH": 29.06, "EAST": -9.76, "DISTRICT": null, "PROVINCE": "Luapula", "Energy_s_5": 23.05826852, "capaci KW": 2882 }, "geometry": { "type": "Point", "coordinates": [ 29.064138068274232, -9.760929055286242 ] } },
{ "type": "Feature", "properties": { "NAME": "Muyembe", "SOUTH": 29.15, "EAST": -9.95, "DISTRICT": null, "PROVINCE": "Luapula", "Energy_s_5": 23.05826852, "capaci KW": 2882 }, "geometry": { "type": "Point", "coordinates": [ 29.154786061231245, -9.954113302571679 ] } },
{ "type": "Feature", "properties": { "NAME": "Luena", "SOUTH": 29.34, "EAST": -9.7, "DISTRICT": null, "PROVINCE": "Luapula", "Energy_s_5": 23.05826852, "capaci KW": 2882 }, "geometry": { "type": "Point", "coordinates": [ 29.343512210502404, -9.697029650414905 ] } },
{ "type": "Feature", "properties": { "NAME": "Lengwe", "SOUTH": 29.38, "EAST": -9.76, "DISTRICT": null, "PROVINCE": "Luapula", "Energy_s_5": 23.05826852, "capaci KW": 2882 }, "geometry": { "type": "Point", "coordinates": [ 29.383635092630918, -9.759443022614816 ] } },
{ "type": "Feature", "properties": { "NAME": "Mushota", "SOUTH": 29.79, "EAST": -9.79, "DISTRICT": null, "PROVINCE": "Luapula", "Energy_s_5": 23.05826852, "capaci KW": 2882 }, "geometry": { "type": "Point", "coordinates": [ 29.425244007430859, -9.793621774057623 ] } },
{ "type": "Feature", "properties": { "NAME": "Chama", "SOUTH": 29.47, "EAST": -9.74, "DISTRICT": null, "PROVINCE": "Luapula", "Energy_s_5": 23.05826852, "capaci KW": 2882 }, "geometry": { "type": "Point", "coordinates": [ 29.471311020245079, -9.743096663229124 ] } },
{ "type": "Feature", "properties": { "NAME": "Mawaya", "SOUTH": 29.48, "EAST": -9.7, "DISTRICT": null, "PROVINCE": "Luapula", "Energy_s_5": 23.05826852, "capaci KW": 2882 }, "geometry": { "type": "Point", "coordinates": [ 29.483199281616489, -9.70297378110061 ] } },
{ "type": "Feature", "properties": { "NAME": "Kabanda", "SOUTH": 29.46, "EAST": -9.58, "DISTRICT": null, "PROVINCE": "Luapula", "Energy_s_5": 23.05826852, "capaci KW": 2882 }, "geometry": { "type": "Point", "coordinates": [ 29.4668529222308, -9.584091167386495 ] } },
{ "type": "Feature", "properties": { "NAME": "Kilwa", "SOUTH": 28.46, "EAST": -9.22, "DISTRICT": null, "PROVINCE": "Luapula", "Energy_s_5": 14.86382167, "capaci KW": 1858 }, "geometry": { "type": "Point", "coordinates": [ 28.466752934360802, -9.222985228229868 ] } },
{ "type": "Feature", "properties": { "NAME": "Chisenga", "SOUTH": 28.65, "EAST": -9.45, "DISTRICT": null, "PROVINCE": "Luapula", "Energy_s_5": 14.86382167, "capaci KW": 1858 }, "geometry": { "type": "Point", "coordinates": [ 28.651020985617681, -9.447376161615262 ] } },
{ "type": "Feature", "properties": { "NAME": "Mulwe", "SOUTH": 28.45, "EAST": -9.45, "DISTRICT": null, "PROVINCE": "Luapula", "Energy_s_5": 14.86382167, "capaci KW": 1858 }, "geometry": { "type": "Point", "coordinates": [ 28.787735991388914, -9.451834259629541 ] } },
{ "type": "Feature", "properties": { "NAME": "Nchelenge", "SOUTH": 28.79, "EAST": -9.32, "DISTRICT": null, "PROVINCE": "Luapula", "Energy_s_5": 14.86382167, "capaci KW": 1858 }, "geometry": { "type": "Point", "coordinates": [ 28.790708056731766, -9.32254941721544 ] } },
{ "type": "Feature", "properties": { "NAME": "Munsa", "SOUTH": 28.93, "EAST": -9.11, "DISTRICT": null, "PROVINCE": "Luapula", "Energy_s_5": 14.86382167, "capaci KW": 1858 }, "geometry": { "type": "Point", "coordinates": [ 28.930395127845856, -9.113018810544311 ] } },
{ "type": "Feature", "properties": { "NAME": "Mununga", "SOUTH": 29.08, "EAST": -9.05, "DISTRICT": null, "PROVINCE": "Luapula", "Energy_s_5": 16.45865211, "capaci KW": 2057 }, "geometry": { "type": "Point", "coordinates": [ 29.080484427659925, -9.0506054383444 ] } },
{ "type": "Feature", "properties": { "NAME": "Mukunta", "SOUTH": 29.08, "EAST": -8.96, "DISTRICT": null, "PROVINCE": "Luapula", "Energy_s_5": 16.45865211, "capaci KW": 2057 }, "geometry": { "type": "Point", "coordinates": [ 29.086428558345631, -8.962929510730239 ] } },
{ "type": "Feature", "properties": { "NAME": "Chienge", "SOUTH": 29.22, "EAST": -8.65, "DISTRICT": null, "PROVINCE": "Luapula", "Energy_s_5": 16.45865211, "capaci KW": 2057 }, "geometry": { "type": "Point", "coordinates": [ 29.229087694802569, -8.649376617059259 ] } },
{ "type": "Feature", "properties": { "NAME": "Kalobwa", "SOUTH": 29.13, "EAST": -8.89, "DISTRICT": null, "PROVINCE": "Luapula", "Energy_s_5": 16.45865211, "capaci KW": 2057 }, "geometry": { "type": "Point", "coordinates": [ 29.13695366917413, -8.887141844487491 ] } },
{ "type": "Feature", "properties": { "NAME": "Malikinta", "SOUTH": 29.51, "EAST": -8.97, "DISTRICT": null, "PROVINCE": "Northern", "Energy_s_5": 12.09441423, "capaci KW": 1512 }, "geometry": { "type": "Point", "coordinates": [ 29.514405967716446, -8.977789837444504 ] } },
{ "type": "Feature", "properties": { "NAME": "Lumbwechomba", "SOUTH": 29.6, "EAST": -8.41, "DISTRICT": null, "PROVINCE": "Luapula", "Energy_s_5": 12.09441423, "capaci KW": 1512 }, "geometry": { "type": "Point", "coordinates": [ 29.608026026016315, -8.411611389631029 ] } },
{ "type": "Feature", "properties": { "NAME": "Kaputa", "SOUTH": 29.74, "EAST": -8.45, "DISTRICT": null, "PROVINCE": "Northern", "Energy_s_5": 12.09441423, "capaci KW": 1512 }, "geometry": { "type": "Point", "coordinates": [ 29.740282933773269, -8.453220304430969 ] } },
{ "type": "Feature", "properties": { "NAME": "Nsama", "SOUTH": 30.1, "EAST": -8.87, "DISTRICT": null, "PROVINCE": "Northern", "Energy_s_5": 12.09441423, "capaci KW": 1512 }, "geometry": { "type": "Point", "coordinates": [ 30.012226912644309, -8.873767550444652 ] } },
{ "type": "Feature", "properties": { "NAME": "Mwananjoka", "SOUTH": 27.37, "EAST": -17.2, "DISTRICT": null, "PROVINCE": "Southern", "Energy_s_5": 28.15074054, "capaci KW": 3519 }, "geometry": { "type": "Point", "coordinates": [ 27.368402503590605, -17.197058140279793 ] } },
{ "type": "Feature", "properties": { "NAME": "Nkandabwe", "SOUTH": 27.37, "EAST": -17.13, "DISTRICT": null, "PROVINCE": "Southern", "Energy_s_5": 28.15074054, "capaci KW": 3519 }, "geometry": { "type": "Point", "coordinates": [ 27.376539194259358, -17.133320730041227 ] } },
{ "type": "Feature", "properties": { "NAME": "Sinazeze", "SOUTH": 27.42, "EAST": -17.11, "DISTRICT": null, "PROVINCE": "Southern", "Energy_s_5": 28.15074054, "capaci KW": 3519 }, "geometry": { "type": "Point", "coordinates": [ 27.428071568494797, -17.114335118480803 ] } },
{ "type": "Feature", "properties": { "NAME": "Malima", "SOUTH": 27.43, "EAST": -17.75, "DISTRICT": null, "PROVINCE": "Southern", "Energy_s_5": 28.15074054, "capaci KW": 3519 }, "geometry": { "type": "Point", "coordinates": [ 27.429427683606256, -16.952957420217199 ] } },
{ "type": "Feature", "properties": { "NAME": "Chiabi", "SOUTH": 27.66, "EAST": -16.91, "DISTRICT": null, "PROVINCE": "Southern", "Energy_s_5": 19.43950199, "capaci KW": 2430 }, "geometry": { "type": "Point", "coordinates": [ 27.658611137442801, -16.908205621539057 ] } },
{ "type": "Feature", "properties": { "NAME": "Chipepo", "SOUTH": 27.82, "EAST": -16.78, "DISTRICT": null, "PROVINCE": "Southern", "Energy_s_5": 19.43950199, "capaci KW": 2430 }, "geometry": { "type": "Point", "coordinates": [ 27.821344950817863, -16.783443031284843 ] } },
{ "type": "Feature", "properties": { "NAME": "Batoka", "SOUTH": 27.26, "EAST": -16.75, "DISTRICT": null, "PROVINCE": "Southern", "Energy_s_5": 100.9763479, "capaci KW": 12622 }, "geometry": { "type": "Point", "coordinates": [ 27.26126940978536, -16.745471808163995 ] } },
{ "type": "Feature", "properties": { "NAME": "Bulanda", "SOUTH": 27.45, "EAST": -16.69, "DISTRICT": null, "PROVINCE": "Southern", "Energy_s_5": 100.9763479, "capaci KW": 12622 }, "geometry": { "type": "Point", "coordinates": [ 27.453837755612515, -16.689871088594181 ] } },
{ "type": "Feature", "properties": { "NAME": "Demu", "SOUTH": 27.48, "EAST": -16.57, "DISTRICT": null, "PROVINCE": "Southern", "Energy_s_5": 100.9763479, "capaci KW": 12622 }, "geometry": { "type": "Point", "coordinates": [ 27.489096748510448, -16.57188907389726 ] } },
{ "type": "Feature", "properties": { "NAME": "Pemba", "SOUTH": 27.44, "EAST": -16.48, "DISTRICT": null, "PROVINCE": "Southern", "Energy_s_5": 100.9763479, "capaci KW": 12622 }, "geometry": { "type": "Point", "coordinates": [ 27.441632719609387, -16.479673246318061 ] } },
{ "type": "Feature", "properties": { "NAME": "Siamazongo", "SOUTH": 27.55, "EAST": -16.45, "DISTRICT": null, "PROVINCE": "Southern", "Energy_s_5": 100.9763479, "capaci KW": 12622 }, "geometry": { "type": "Point", "coordinates": [ 27.551478043637555, -16.449838713865965 ] } },
{ "type": "Feature", "properties": { "NAME": "Chitobola", "SOUTH": 27.6, "EAST": -16.39, "DISTRICT": null, "PROVINCE": "Southern", "Energy_s_5": 82.81713519, "capaci KW": 10352 }, "geometry": { "type": "Point", "coordinates": [ 27.598942072538613, -16.392881879184692 ] } },
{ "type": "Feature", "properties": { "NAME": "Namakubi", "SOUTH": 27.61, "EAST": -16.34, "DISTRICT": null, "PROVINCE": "Southern", "Energy_s_5": 82.81713519, "capaci KW": 10352 }, "geometry": { "type": "Point", "coordinates": [ 27.613859338764662, -16.346773965395091 ] } },
{ "type": "Feature", "properties": { "NAME": "Kasikili", "SOUTH": 27.54, "EAST": -16.7, "DISTRICT": null, "PROVINCE": "Southern", "Energy_s_5": 19.43950199, "capaci KW": 2430 }, "geometry": { "type": "Point", "coordinates": [ 27.543341352968802, -16.704788354820231 ] } },
{ "type": "Feature", "properties": { "NAME": "Sopani", "SOUTH": 27.65, "EAST": -16.73, "DISTRICT": null, "PROVINCE": "Southern", "Energy_s_5": 19.43950199, "capaci KW": 2430 }, "geometry": { "type": "Point", "coordinates": [ 27.654542792108426, -16.729198426826489 ] } },
{ "type": "Feature", "properties": { "NAME": "Munyumbwe", "SOUTH": 27.77, "EAST": -16.61, "DISTRICT": null, "PROVINCE": "Southern", "Energy_s_5": 19.43950199, "capaci KW": 2430 }, "geometry": { "type": "Point", "coordinates": [ 27.769812576582428, -16.612572527241028 ] } },
{ "type": "Feature", "properties": { "NAME": "Nteme", "SOUTH": 27.4, "EAST": -16.15, "DISTRICT": null, "PROVINCE": "Southern", "Energy_s_5": 82.81713519, "capaci KW": 10352 }, "geometry": { "type": "Point", "coordinates": [ 27.40094926626562, -16.154205619567936 ] } },
{ "type": "Feature", "properties": { "NAME": "Chungu", "SOUTH": 27.45, "EAST": -16.08, "DISTRICT": null, "PROVINCE": "Southern", "Energy_s_5": 82.81713519, "capaci KW": 10352 }, "geometry": { "type": "Point", "coordinates": [ 27.457906100946893, -16.078263173326238 ] } },
{ "type": "Feature", "properties": { "NAME": "Lweta", "SOUTH": 27.68, "EAST": -16.29, "DISTRICT": null, "PROVINCE": "Southern", "Energy_s_5": 82.81713519, "capaci KW": 10352 }, "geometry": { "type": "Point", "coordinates": [ 27.636913295659461, -16.297953821382574 ] } },
{ "type": "Feature", "properties": { "NAME": "Kaumba", "SOUTH": 27.62, "EAST": -16.25, "DISTRICT": null, "PROVINCE": "Southern", "Energy_s_5": 82.81713519, "capaci KW": 10352 }, "geometry": { "type": "Point", "coordinates": [ 27.620639914321956, -16.251845907592973 ] } },
{ "type": "Feature", "properties": { "NAME": "Mugika", "SOUTH": 27.66, "EAST": -16.19, "DISTRICT": null, "PROVINCE": "Southern", "Energy_s_5": 82.81713519, "capaci KW": 10352 }, "geometry": { "type": "Point", "coordinates": [ 27.658611137442804, -16.1948890729117 ] } },
{ "type": "Feature", "properties": { "NAME": "Ntambo", "SOUTH": 27.68, "EAST": -16.16, "DISTRICT": null, "PROVINCE": "Southern", "Energy_s_5": 82.81713519, "capaci KW": 10352 }, "geometry": { "type": "Point", "coordinates": [ 27.680308979226144, -16.15827396490231 ] } },
{ "type": "Feature", "properties": { "NAME": "Kataba", "SOUTH": 27.68, "EAST": -16.09, "DISTRICT": null, "PROVINCE": "Southern", "Energy_s_5": 37.67781309, "capaci KW": 4710 }, "geometry": { "type": "Point", "coordinates": [ 27.677596749003229, -16.091824324440829 ] } },
{ "type": "Feature", "properties": { "NAME": "Maunga", "SOUTH": 27.74, "EAST": -16.1, "DISTRICT": null, "PROVINCE": "Southern", "Energy_s_5": 37.67781309, "capaci KW": 4710 }, "geometry": { "type": "Point", "coordinates": [ 27.739978044130336, -16.101317130221041 ] } },
{ "type": "Feature", "properties": { "NAME": "Chivuna", "SOUTH": 27.81, "EAST": -16.15, "DISTRICT": null, "PROVINCE": "Southern", "Energy_s_5": 37.67781309, "capaci KW": 4710 }, "geometry": { "type": "Point", "coordinates": [ 27.815920490372029, -16.151493389345017 ] } },
{ "type": "Feature", "properties": { "NAME": "Njaro", "SOUTH": 27.76, "EAST": -16.23, "DISTRICT": null, "PROVINCE": "Southern", "Energy_s_5": 82.81713519, "capaci KW": 10352 }, "geometry": { "type": "Point", "coordinates": [ 27.764388116136594, -16.23014806580963 ] } },
{ "type": "Feature", "properties": { "NAME": "Namateba", "SOUTH": 27.76, "EAST": -16.31, "DISTRICT": null, "PROVINCE": "Southern", "Energy_s_5": 82.81713519, "capaci KW": 10352 }, "geometry": { "type": "Point", "coordinates": [ 27.767100346359513, -16.316939432942998 ] } },
{ "type": "Feature", "properties": { "NAME": "Moomba", "SOUTH": 27.92, "EAST": -16.37, "DISTRICT": null, "PROVINCE": "Southern", "Energy_s_5": 19.43950199, "capaci KW": 2430 }, "geometry": { "type": "Point", "coordinates": [ 27.921697469065823, -16.373896267624268 ] } },
{ "type": "Feature", "properties": { "NAME": "Bunyete", "SOUTH": 27.95, "EAST": -16.54, "DISTRICT": null, "PROVINCE": "Southern", "Energy_s_5": 19.43950199, "capaci KW": 2430 }, "geometry": { "type": "Point", "coordinates": [ 27.952888116629374, -16.535273965887871 ] } },
{ "type": "Feature", "properties": { "NAME": "Bondo", "SOUTH": 28.0, "EAST": -16.45, "DISTRICT": null, "PROVINCE": "Southern", "Energy_s_5": 19.43950199, "capaci KW": 2430 }, "geometry": { "type": "Point", "coordinates": [ 27.998996030418976, -16.45390705920034 ] } },
{ "type": "Feature", "properties": { "NAME": "Chamwe", "SOUTH": 28.12, "EAST": -16.47, "DISTRICT": null, "PROVINCE": "Southern", "Energy_s_5": 19.43950199, "capaci KW": 2430 }, "geometry": { "type": "Point", "coordinates": [ 28.126470850896109, -16.425428641859707 ] } },
{ "type": "Feature", "properties": { "NAME": "Lumbo", "SOUTH": 28.19, "EAST": -19.5, "DISTRICT": null, "PROVINCE": "Southern", "Energy_s_5": 17.45486144, "capaci KW": 2182 }, "geometry": { "type": "Point", "coordinates": [ 28.198344951803428, -16.497302742767026 ] } },
{ "type": "Feature", "properties": { "NAME": "Sianyolo", "SOUTH": 28.27, "EAST": -16.36, "DISTRICT": null, "PROVINCE": "Southern", "Energy_s_5": 17.45486144, "capaci KW": 2182 }, "geometry": { "type": "Point", "coordinates": [ 28.274287398045121, -16.364403461844056 ] } },
{ "type": "Feature", "properties": { "NAME": "Nadezwe", "SOUTH": 28.04, "EAST": -16.18, "DISTRICT": null, "PROVINCE": "Southern", "Energy_s_5": 37.67781309, "capaci KW": 4710 }, "geometry": { "type": "Point", "coordinates": [ 28.03967948376274, -16.182684036908572 ] } },
{ "type": "Feature", "properties": { "NAME": "Mapangazia", "SOUTH": 28.1, "EAST": -16.16, "DISTRICT": null, "PROVINCE": "Southern", "Energy_s_5": 37.67781309, "capaci KW": 4710 }, "geometry": { "type": "Point", "coordinates": [ 28.106129124224225, -16.15827396490231 ] } },
{ "type": "Feature", "properties": { "NAME": "Simutwe", "SOUTH": 28.11, "EAST": -16.2, "DISTRICT": null, "PROVINCE": "Southern", "Energy_s_5": 17.45486144, "capaci KW": 2182 }, "geometry": { "type": "Point", "coordinates": [ 28.116978045115896, -16.197601303134618 ] } },
{ "type": "Feature", "properties": { "NAME": "Mulando", "SOUTH": 28.17, "EAST": -16.16, "DISTRICT": null, "PROVINCE": "Southern", "Energy_s_5": 37.67781309, "capaci KW": 4710 }, "geometry": { "type": "Point", "coordinates": [ 28.173934879797169, -16.155561734679395 ] } },
{ "type": "Feature", "properties": { "NAME": "Namembo", "SOUTH": 28.14, "EAST": -16.06, "DISTRICT": null, "PROVINCE": "Southern", "Energy_s_5": 37.67781309, "capaci KW": 4710 }, "geometry": { "type": "Point", "coordinates": [ 28.140032002010695, -16.060633676877274 ] } },
{ "type": "Feature", "properties": { "NAME": "Naluama", "SOUTH": 28.13, "EAST": -15.97, "DISTRICT": null, "PROVINCE": "Southern", "Energy_s_5": 37.67781309, "capaci KW": 4710 }, "geometry": { "type": "Point", "coordinates": [ 28.130539196230487, -15.972486194632449 ] } },
{ "type": "Feature", "properties": { "NAME": "Chaya", "SOUTH": 28.29, "EAST": -16.0, "DISTRICT": null, "PROVINCE": "Southern", "Energy_s_5": 37.67781309, "capaci KW": 4710 }, "geometry": { "type": "Point", "coordinates": [ 28.293273009605549, -16.002320727084545 ] } },
{ "type": "Feature", "properties": { "NAME": "1349", "SOUTH": 28.42, "EAST": -16.1, "DISTRICT": null, "PROVINCE": "Southern", "Energy_s_5": 17.45486144, "capaci KW": 2182 }, "geometry": { "type": "Point", "coordinates": [ 28.416679484748304, -16.105385475555416 ] } },
{ "type": "Feature", "properties": { "NAME": "Changa", "SOUTH": 28.39, "EAST": -16.27, "DISTRICT": null, "PROVINCE": "Southern", "Energy_s_5": 17.45486144, "capaci KW": 2182 }, "geometry": { "type": "Point", "coordinates": [ 28.39633775807642, -16.268119288930478 ] } },
{ "type": "Feature", "properties": { "NAME": "Siamwinga", "SOUTH": 28.57, "EAST": -16.24, "DISTRICT": null, "PROVINCE": "Southern", "Energy_s_5": 17.45486144, "capaci KW": 2182 }, "geometry": { "type": "Point", "coordinates": [ 28.569920492343154, -16.24370921692422 ] } },
{ "type": "Feature", "properties": { "NAME": "Njamba", "SOUTH": 28.65, "EAST": -16.19, "DISTRICT": null, "PROVINCE": "Southern", "Energy_s_5": 17.45486144, "capaci KW": 2182 }, "geometry": { "type": "Point", "coordinates": [ 28.662136319922357, -16.188108497354406 ] } },
{ "type": "Feature", "properties": { "NAME": "Simamba", "SOUTH": 28.69, "EAST": -16.38, "DISTRICT": null, "PROVINCE": "Southern", "Energy_s_5": 17.45486144, "capaci KW": 2182 }, "geometry": { "type": "Point", "coordinates": [ 28.696039197708828, -16.375252382735727 ] } },
{ "type": "Feature", "properties": { "NAME": "Sikongo", "SOUTH": 28.57, "EAST": -16.07, "DISTRICT": null, "PROVINCE": "Southern", "Energy_s_5": 17.45486144, "capaci KW": 2182 }, "geometry": { "type": "Point", "coordinates": [ 28.579413298123367, -16.074194827991864 ] } },
{ "type": "Feature", "properties": { "NAME": "Chilindi", "SOUTH": 28.55, "EAST": -16.95, "DISTRICT": null, "PROVINCE": "Southern", "Energy_s_5": 17.45486144, "capaci KW": 2182 }, "geometry": { "type": "Point", "coordinates": [ 28.555003226117108, -15.956212813294943 ] } },
{ "type": "Feature", "properties": { "NAME": "Kayuni", "SOUTH": 28.69, "EAST": -16.03, "DISTRICT": null, "PROVINCE": "Southern", "Energy_s_5": 17.45486144, "capaci KW": 2182 }, "geometry": { "type": "Point", "coordinates": [ 28.694683082597368, -16.033511374648096 ] } },
{ "type": "Feature", "properties": { "NAME": "Lusitu", "SOUTH": 28.73, "EAST": -16.15, "DISTRICT": null, "PROVINCE": "Southern", "Energy_s_5": 17.45486144, "capaci KW": 2182 }, "geometry": { "type": "Point", "coordinates": [ 28.727229845272383, -16.146068928899183 ] } },
{ "type": "Feature", "properties": { "NAME": "Old Lusitu", "SOUTH": 28.79, "EAST": -16.12, "DISTRICT": null, "PROVINCE": "Southern", "Energy_s_5": 17.45486144, "capaci KW": 2182 }, "geometry": { "type": "Point", "coordinates": [ 28.795035600845324, -16.120302741781465 ] } },
{ "type": "Feature", "properties": { "NAME": "Chiawa", "SOUTH": 29.03, "EAST": -15.85, "DISTRICT": null, "PROVINCE": "Lusaka", "Energy_s_5": 48.11437347, "capaci KW": 6014 }, "geometry": { "type": "Point", "coordinates": [ 29.030999630239169, -15.850435834601152 ] } },
{ "type": "Feature", "properties": { "NAME": "Chisakila", "SOUTH": 28.9, "EAST": -15.89, "DISTRICT": null, "PROVINCE": "Lusaka", "Energy_s_5": 48.11437347, "capaci KW": 6014 }, "geometry": { "type": "Point", "coordinates": [ 28.907593155096411, -15.888407057722 ] } },
{ "type": "Feature", "properties": { "NAME": "Chipapa", "SOUTH": 28.39, "EAST": -15.63, "DISTRICT": null, "PROVINCE": "Lusaka", "Energy_s_5": 48.11437347, "capaci KW": 6014 }, "geometry": { "type": "Point", "coordinates": [ 28.394981642964964, -15.632101301656277 ] } },
{ "type": "Feature", "properties": { "NAME": "Nakatindi", "SOUTH": 28.56, "EAST": -15.47, "DISTRICT": null, "PROVINCE": "Lusaka", "Energy_s_5": 76.76951214, "capaci KW": 9596 }, "geometry": { "type": "Point", "coordinates": [ 28.563139916785861, -15.480216409172884 ] } },
{ "type": "Feature", "properties": { "NAME": "Luimba Sett", "SOUTH": 28.65, "EAST": -15.49, "DISTRICT": null, "PROVINCE": "Lusaka", "Energy_s_5": 76.76951214, "capaci KW": 9596 }, "geometry": { "type": "Point", "coordinates": [ 28.651287399030689, -15.48564086961872 ] } },
{ "type": "Feature", "properties": { "NAME": "Chimbwete", "SOUTH": 28.72, "EAST": -15.56, "DISTRICT": null, "PROVINCE": "Lusaka", "Energy_s_5": 76.76951214, "capaci KW": 9596 }, "geometry": { "type": "Point", "coordinates": [ 28.724517615049468, -15.564295546083335 ] } },
{ "type": "Feature", "properties": { "NAME": "Lukoshi", "SOUTH": 28.73, "EAST": -15.48, "DISTRICT": null, "PROVINCE": "Lusaka", "Energy_s_5": 76.76951214, "capaci KW": 9596 }, "geometry": { "type": "Point", "coordinates": [ 28.736722651052595, -15.480216409172884 ] } },
{ "type": "Feature", "properties": { "NAME": "Kampekete", "SOUTH": 28.76, "EAST": -15.39, "DISTRICT": null, "PROVINCE": "Lusaka", "Energy_s_5": 76.76951214, "capaci KW": 9596 }, "geometry": { "type": "Point", "coordinates": [ 28.761132723058854, -15.393425042039517 ] } },
{ "type": "Feature", "properties": { "NAME": "Luimba", "SOUTH": 28.83, "EAST": -15.48, "DISTRICT": null, "PROVINCE": "Lusaka", "Energy_s_5": 76.76951214, "capaci KW": 9596 }, "geometry": { "type": "Point", "coordinates": [ 28.833006823966173, -15.477504178949967 ] } },
{ "type": "Feature", "properties": { "NAME": "Mwalumina", "SOUTH": 28.89, "EAST": -15.45, "DISTRICT": null, "PROVINCE": "Lusaka", "Energy_s_5": 76.76951214, "capaci KW": 9596 }, "geometry": { "type": "Point", "coordinates": [ 28.895388119093283, -15.455806337166626 ] } },
{ "type": "Feature", "properties": { "NAME": "Mwachilele", "SOUTH": 28.97, "EAST": -15.4, "DISTRICT": null, "PROVINCE": "Lusaka", "Energy_s_5": 76.76951214, "capaci KW": 9596 }, "geometry": { "type": "Point", "coordinates": [ 28.974042795557896, -15.401561732708272 ] } },
{ "type": "Feature", "properties": { "NAME": "Kasenga", "SOUTH": 28.48, "EAST": -15.11, "DISTRICT": null, "PROVINCE": "Lusaka", "Energy_s_5": 174.4896342, "capaci KW": 21811 }, "geometry": { "type": "Point", "coordinates": [ 28.487197470544167, -15.108640868633158 ] } },
{ "type": "Feature", "properties": { "NAME": "Chinkuli", "SOUTH": 28.47, "EAST": -15.2, "DISTRICT": null, "PROVINCE": "Lusaka", "Energy_s_5": 48.11437347, "capaci KW": 6014 }, "geometry": { "type": "Point", "coordinates": [ 28.470924089206662, -15.204925041546737 ] } },
{ "type": "Feature", "properties": { "NAME": "Kapete", "SOUTH": 28.72, "EAST": -15.19, "DISTRICT": null, "PROVINCE": "Lusaka", "Energy_s_5": 76.76951214, "capaci KW": 9596 }, "geometry": { "type": "Point", "coordinates": [ 28.724517615049468, -15.194076120655065 ] } },
{ "type": "Feature", "properties": { "NAME": "Shilini", "SOUTH": 28.32, "EAST": -15.32, "DISTRICT": null, "PROVINCE": "Lusaka", "Energy_s_5": 48.11437347, "capaci KW": 6014 }, "geometry": { "type": "Point", "coordinates": [ 28.682478046594245, -15.316126480686362 ] } },
{ "type": "Feature", "properties": { "NAME": "Chalimbana", "SOUTH": 28.71, "EAST": -15.36, "DISTRICT": null, "PROVINCE": "Lusaka", "Energy_s_5": 76.76951214, "capaci KW": 9596 }, "geometry": { "type": "Point", "coordinates": [ 28.708244233711962, -15.356809934030128 ] } },
{ "type": "Feature", "properties": { "NAME": "Nyangwena", "SOUTH": 28.8, "EAST": -15.23, "DISTRICT": null, "PROVINCE": "Lusaka", "Energy_s_5": 76.76951214, "capaci KW": 9596 }, "geometry": { "type": "Point", "coordinates": [ 28.809952867071377, -15.232047343775914 ] } },
{ "type": "Feature", "properties": { "NAME": "Chinyunyu", "SOUTH": 29.01, "EAST": -15.21, "DISTRICT": null, "PROVINCE": "Lusaka", "Energy_s_5": 76.76951214, "capaci KW": 9596 }, "geometry": { "type": "Point", "coordinates": [ 29.010657903567285, -15.21306173221549 ] } },
{ "type": "Feature", "properties": { "NAME": "Sinjela", "SOUTH": 29.15, "EAST": -15.18, "DISTRICT": null, "PROVINCE": "Lusaka", "Energy_s_5": 76.76951214, "capaci KW": 9596 }, "geometry": { "type": "Point", "coordinates": [ 29.155762220493383, -15.181871084651936 ] } },
{ "type": "Feature", "properties": { "NAME": "Shibuyunye", "SOUTH": 27.81, "EAST": -15.41, "DISTRICT": null, "PROVINCE": "Lusaka", "Energy_s_5": 157.111716, "capaci KW": 19639 }, "geometry": { "type": "Point", "coordinates": [ 27.817276605483492, -15.409698423377025 ] } },
{ "type": "Feature", "properties": { "NAME": "Nampundwe", "SOUTH": 27.93, "EAST": -15.47, "DISTRICT": null, "PROVINCE": "Lusaka", "Energy_s_5": 48.11437347, "capaci KW": 6014 }, "geometry": { "type": "Point", "coordinates": [ 27.935258620180413, -15.472079718504132 ] } },
{ "type": "Feature", "properties": { "NAME": "Nakachenje", "SOUTH": 27.98, "EAST": -15.3, "DISTRICT": null, "PROVINCE": "Central", "Energy_s_5": 48.11437347, "capaci KW": 6014 }, "geometry": { "type": "Point", "coordinates": [ 27.984078764192933, -15.302565329571774 ] } },
{ "type": "Feature", "properties": { "NAME": "Minyeu", "SOUTH": 27.92, "EAST": -15.28, "DISTRICT": null, "PROVINCE": "Lusaka", "Energy_s_5": 48.11437347, "capaci KW": 6014 }, "geometry": { "type": "Point", "coordinates": [ 27.924409699288745, -15.275443027342597 ] } },
{ "type": "Feature", "properties": { "NAME": "Mboshya", "SOUTH": 27.87, "EAST": -15.21, "DISTRICT": null, "PROVINCE": "Central", "Energy_s_5": 174.4896342, "capaci KW": 21811 }, "geometry": { "type": "Point", "coordinates": [ 27.875589555276225, -15.208993386881113 ] } },
{ "type": "Feature", "properties": { "NAME": "Namalombwe", "SOUTH": 28.0, "EAST": -15.25, "DISTRICT": null, "PROVINCE": "Lusaka", "Energy_s_5": 174.4896342, "capaci KW": 21811 }, "geometry": { "type": "Point", "coordinates": [ 28.004420490864817, -15.251032955336338 ] } },
{ "type": "Feature", "properties": { "NAME": "Muchenje", "SOUTH": 28.05, "EAST": -15.18, "DISTRICT": null, "PROVINCE": "Central", "Energy_s_5": 174.4896342, "capaci KW": 21811 }, "geometry": { "type": "Point", "coordinates": [ 28.055952865100252, -15.1764466242061 ] } },
{ "type": "Feature", "properties": { "NAME": "Mungule", "SOUTH": 28.12, "EAST": -15.19, "DISTRICT": null, "PROVINCE": "Central", "Energy_s_5": 174.4896342, "capaci KW": 21811 }, "geometry": { "type": "Point", "coordinates": [ 28.122402505561737, -15.192720005543608 ] } },
{ "type": "Feature", "properties": { "NAME": "Elesdale", "SOUTH": 28.34, "EAST": -15.24, "DISTRICT": null, "PROVINCE": "Lusaka", "Energy_s_5": 48.11437347, "capaci KW": 6014 }, "geometry": { "type": "Point", "coordinates": [ 28.344805383840988, -15.238827919333209 ] } },
{ "type": "Feature", "properties": { "NAME": "Chisamba", "SOUTH": 28.38, "EAST": -14.95, "DISTRICT": null, "PROVINCE": "Central", "Energy_s_5": 174.4896342, "capaci KW": 21811 }, "geometry": { "type": "Point", "coordinates": [ 28.381420491850378, -14.948619285481014 ] } },
{ "type": "Feature", "properties": { "NAME": "Mutembwa", "SOUTH": 27.83, "EAST": -14.98, "DISTRICT": null, "PROVINCE": "Central", "Energy_s_5": 174.4896342, "capaci KW": 21811 }, "geometry": { "type": "Point", "coordinates": [ 27.832193871709542, -14.983878278378944 ] } },
{ "type": "Feature", "properties": { "NAME": "Chombwe", "SOUTH": 27.15, "EAST": -15.28, "DISTRICT": null, "PROVINCE": "Central", "Energy_s_5": 157.111716, "capaci KW": 19639 }, "geometry": { "type": "Point", "coordinates": [ 27.144643510199902, -15.279511372676973 ] } },
{ "type": "Feature", "properties": { "NAME": "Nalubanda", "SOUTH": 29.09, "EAST": -15.38, "DISTRICT": null, "PROVINCE": "Central", "Energy_s_5": 157.111716, "capaci KW": 19639 }, "geometry": { "type": "Point", "coordinates": [ 27.098535596410301, -15.382576121147846 ] } },
{ "type": "Feature", "properties": { "NAME": "Muchabe", "SOUTH": 27.29, "EAST": -15.41, "DISTRICT": null, "PROVINCE": "Central", "Energy_s_5": 157.111716, "capaci KW": 19639 }, "geometry": { "type": "Point", "coordinates": [ 27.289747827126, -15.406986193154106 ] } },
{ "type": "Feature", "properties": { "NAME": "Kantengwa", "SOUTH": 26.89, "EAST": -15.74, "DISTRICT": null, "PROVINCE": "Southern", "Energy_s_5": 35.13015841, "capaci KW": 4391 }, "geometry": { "type": "Point", "coordinates": [ 26.895118329691474, -15.740590510572984 ] } },
{ "type": "Feature", "properties": { "NAME": "Kalumwanda", "SOUTH": 26.9, "EAST": -15.84, "DISTRICT": null, "PROVINCE": "Southern", "Energy_s_5": 35.13015841, "capaci KW": 4391 }, "geometry": { "type": "Point", "coordinates": [ 26.903255020360227, -15.842299143932397 ] } },
{ "type": "Feature", "properties": { "NAME": "Tebe", "SOUTH": 27.45, "EAST": -15.73, "DISTRICT": null, "PROVINCE": "Southern", "Energy_s_5": 37.67781309, "capaci KW": 4710 }, "geometry": { "type": "Point", "coordinates": [ 27.447057180055229, -15.732453819904231 ] } },
{ "type": "Feature", "properties": { "NAME": "Manenga", "SOUTH": 27.51, "EAST": -15.81, "DISTRICT": null, "PROVINCE": "Southern", "Energy_s_5": 37.67781309, "capaci KW": 4710 }, "geometry": { "type": "Point", "coordinates": [ 27.521643511185463, -15.813820726591763 ] } },
{ "type": "Feature", "properties": { "NAME": "Chalimbana", "SOUTH": 27.56, "EAST": -15.86, "DISTRICT": null, "PROVINCE": "Southern", "Energy_s_5": 37.67781309, "capaci KW": 4710 }, "geometry": { "type": "Point", "coordinates": [ 27.566395309863605, -15.868065331050117 ] } },
{ "type": "Feature", "properties": { "NAME": "Banakaila", "SOUTH": 27.27, "EAST": -15.95, "DISTRICT": null, "PROVINCE": "Southern", "Energy_s_5": 82.81713519, "capaci KW": 10352 }, "geometry": { "type": "Point", "coordinates": [ 27.276186676011413, -15.948076122626189 ] } },
{ "type": "Feature", "properties": { "NAME": "Kalama", "SOUTH": 27.5, "EAST": -15.94, "DISTRICT": null, "PROVINCE": "Southern", "Energy_s_5": 82.81713519, "capaci KW": 10352 }, "geometry": { "type": "Point", "coordinates": [ 27.50808236007088, -15.9345149715116 ] } },
{ "type": "Feature", "properties": { "NAME": "Maala", "SOUTH": 26.75, "EAST": -15.7, "DISTRICT": null, "PROVINCE": "Southern", "Energy_s_5": 35.13015841, "capaci KW": 4391 }, "geometry": { "type": "Point", "coordinates": [ 26.75543847321121, -15.705331517675054 ] } },
{ "type": "Feature", "properties": { "NAME": "Magoye", "SOUTH": 27.61, "EAST": -15.99, "DISTRICT": null, "PROVINCE": "Southern", "Energy_s_5": 37.67781309, "capaci KW": 4710 }, "geometry": { "type": "Point", "coordinates": [ 27.611147108541751, -15.99011569108141 ] } },
{ "type": "Feature", "properties": { "NAME": "Ngwezi", "SOUTH": 27.67, "EAST": -16.03, "DISTRICT": null, "PROVINCE": "Southern", "Energy_s_5": 37.67781309, "capaci KW": 4710 }, "geometry": { "type": "Point", "coordinates": [ 27.674884518780317, -16.02537468397934 ] } },
{ "type": "Feature", "properties": { "NAME": "Mbiya", "SOUTH": 27.63, "EAST": -15.91, "DISTRICT": null, "PROVINCE": "Southern", "Energy_s_5": 37.67781309, "capaci KW": 4710 }, "geometry": { "type": "Point", "coordinates": [ 27.636913295659468, -15.914173244839715 ] } },
{ "type": "Feature", "properties": { "NAME": "Siamatuli", "SOUTH": 28.08, "EAST": -15.08, "DISTRICT": null, "PROVINCE": "Southern", "Energy_s_5": 37.67781309, "capaci KW": 4710 }, "geometry": { "type": "Point", "coordinates": [ 28.087143512663808, -15.840943028820936 ] } },
{ "type": "Feature", "properties": { "NAME": "Nansenga", "SOUTH": 28.2, "EAST": -15.88, "DISTRICT": null, "PROVINCE": "Southern", "Energy_s_5": 37.67781309, "capaci KW": 4710 }, "geometry": { "type": "Point", "coordinates": [ 28.209193872695103, -15.877558136830325 ] } },
{ "type": "Feature", "properties": { "NAME": "Kafue", "SOUTH": 28.15, "EAST": -15.72, "DISTRICT": null, "PROVINCE": "Lusaka", "Energy_s_5": 48.11437347, "capaci KW": 6014 }, "geometry": { "type": "Point", "coordinates": [ 28.153593153125289, -15.721604899012558 ] } },
{ "type": "Feature", "properties": { "NAME": "Munga", "SOUTH": 25.11, "EAST": -15.66, "DISTRICT": null, "PROVINCE": "Lusaka", "Energy_s_5": 48.11437347, "capaci KW": 6014 }, "geometry": { "type": "Point", "coordinates": [ 28.114265814892985, -15.666004179442744 ] } },
{ "type": "Feature", "properties": { "NAME": "Chikupi", "SOUTH": 28.1, "EAST": -15.0, "DISTRICT": null, "PROVINCE": "Lusaka", "Energy_s_5": 48.11437347, "capaci KW": 6014 }, "geometry": { "type": "Point", "coordinates": [ 28.099348548666939, -15.579212812309379 ] } },
{ "type": "Feature", "properties": { "NAME": "Mwomboshi", "SOUTH": 28.36, "EAST": -14.83, "DISTRICT": null, "PROVINCE": "Central", "Energy_s_5": 174.4896342, "capaci KW": 21811 }, "geometry": { "type": "Point", "coordinates": [ 28.366503225624328, -14.831993385895551 ] } },
{ "type": "Feature", "properties": { "NAME": "Chamuka", "SOUTH": 28.6, "EAST": -14.85, "DISTRICT": null, "PROVINCE": "Central", "Energy_s_5": 174.4896342, "capaci KW": 21811 }, "geometry": { "type": "Point", "coordinates": [ 28.602467255018169, -14.852335112567433 ] } },
{ "type": "Feature", "properties": { "NAME": "Chikonkomene", "SOUTH": 28.54, "EAST": -14.71, "DISTRICT": null, "PROVINCE": "Central", "Energy_s_5": 174.4896342, "capaci KW": 21811 }, "geometry": { "type": "Point", "coordinates": [ 28.550934880782734, -14.711299140975713 ] } },
{ "type": "Feature", "properties": { "NAME": "Chowa", "SOUTH": 28.62, "EAST": -14.45, "DISTRICT": null, "PROVINCE": "Central", "Energy_s_5": 174.4896342, "capaci KW": 21811 }, "geometry": { "type": "Point", "coordinates": [ 28.628233442135887, -14.449568924464154 ] } },
{ "type": "Feature", "properties": { "NAME": "Kampumba", "SOUTH": 29.02, "EAST": -14.51, "DISTRICT": null, "PROVINCE": "Central", "Energy_s_5": 146.8871039, "capaci KW": 18361 }, "geometry": { "type": "Point", "coordinates": [ 29.017438479124579, -14.51466244981418 ] } },
{ "type": "Feature", "properties": { "NAME": "Mukobeko", "SOUTH": 28.42, "EAST": -14.36, "DISTRICT": null, "PROVINCE": "Central", "Energy_s_5": 10.65394119, "capaci KW": 1332 }, "geometry": { "type": "Point", "coordinates": [ 28.419391714971223, -14.357353096884953 ] } },
{ "type": "Feature", "properties": { "NAME": "Chilimboyi", "SOUTH": 28.26, "EAST": -14.38, "DISTRICT": null, "PROVINCE": "Central", "Energy_s_5": 10.65394119, "capaci KW": 1332 }, "geometry": { "type": "Point", "coordinates": [ 28.262082362041998, -14.377694823556835 ] } },
{ "type": "Feature", "properties": { "NAME": "Chilumba", "SOUTH": 28.19, "EAST": -14.35, "DISTRICT": null, "PROVINCE": "Central", "Energy_s_5": 10.65394119, "capaci KW": 1332 }, "geometry": { "type": "Point", "coordinates": [ 28.199701066914891, -14.3492164062162 ] } },
{ "type": "Feature", "properties": { "NAME": "Munga", "SOUTH": 28.15, "EAST": -14.46, "DISTRICT": null, "PROVINCE": "Central", "Energy_s_5": 146.8871039, "capaci KW": 18361 }, "geometry": { "type": "Point", "coordinates": [ 28.157661498459667, -14.464486190690202 ] } },
{ "type": "Feature", "properties": { "NAME": "Chilwa", "SOUTH": 27.63, "EAST": -14.37, "DISTRICT": null, "PROVINCE": "Central", "Energy_s_5": 146.8871039, "capaci KW": 18361 }, "geometry": { "type": "Point", "coordinates": [ 27.632844950325094, -14.370914247999542 ] } },
{ "type": "Feature", "properties": { "NAME": "Kapili-Mposhi", "SOUTH": 28.66, "EAST": -13.94, "DISTRICT": null, "PROVINCE": "Central", "Energy_s_5": 146.8871039, "capaci KW": 18361 }, "geometry": { "type": "Point", "coordinates": [ 28.667560780368198, -13.93695741233271 ] } },
{ "type": "Feature", "properties": { "NAME": "Lunchu", "SOUTH": 28.95, "EAST": -14.02, "DISTRICT": null, "PROVINCE": "Central", "Energy_s_5": 146.8871039, "capaci KW": 18361 }, "geometry": { "type": "Point", "coordinates": [ 28.952344953774556, -14.025104894577535 ] } },
{ "type": "Feature", "properties": { "NAME": "Kakwelesa", "SOUTH": 28.81, "EAST": -14.31, "DISTRICT": null, "PROVINCE": "Central", "Energy_s_5": 146.8871039, "capaci KW": 18361 }, "geometry": { "type": "Point", "coordinates": [ 28.815377327517215, -14.316669643541188 ] } },
{ "type": "Feature", "properties": { "NAME": "Old Mkushi", "SOUTH": 29.35, "EAST": -14.34, "DISTRICT": null, "PROVINCE": "Central", "Energy_s_5": 54.98097105, "capaci KW": 6873 }, "geometry": { "type": "Point", "coordinates": [ 29.357823372100757, -14.339723600435988 ] } },
{ "type": "Feature", "properties": { "NAME": "Chingombe", "SOUTH": 29.97, "EAST": -14.39, "DISTRICT": null, "PROVINCE": "Central", "Energy_s_5": 54.98097105, "capaci KW": 6873 }, "geometry": { "type": "Point", "coordinates": [ 29.9694312873687, -14.391255974671425 ] } },
{ "type": "Feature", "properties": { "NAME": "Shikabeta", "SOUTH": 29.67, "EAST": -14.82, "DISTRICT": null, "PROVINCE": "Lusaka", "Energy_s_5": 76.76951214, "capaci KW": 9596 }, "geometry": { "type": "Point", "coordinates": [ 29.673798193070667, -14.817076119669503 ] } },
{ "type": "Feature", "properties": { "NAME": "Rufunsa", "SOUTH": 29.61, "EAST": -15.04, "DISTRICT": null, "PROVINCE": "Lusaka", "Energy_s_5": 76.76951214, "capaci KW": 9596 }, "geometry": { "type": "Point", "coordinates": [ 29.612773013055016, -15.035410652614377 ] } },
{ "type": "Feature", "properties": { "NAME": "Chamsanya", "SOUTH": 29.52, "EAST": -15.08, "DISTRICT": null, "PROVINCE": "Lusaka", "Energy_s_5": 76.76951214, "capaci KW": 9596 }, "geometry": { "type": "Point", "coordinates": [ 29.519201070364357, -15.081518566403979 ] } },
{ "type": "Feature", "properties": { "NAME": "Chipekete", "SOUTH": 29.91, "EAST": -15.09, "DISTRICT": null, "PROVINCE": "Lusaka", "Energy_s_5": 76.76951214, "capaci KW": 9596 }, "geometry": { "type": "Point", "coordinates": [ 29.916542798021798, -15.088299141961274 ] } },
{ "type": "Feature", "properties": { "NAME": "Lukwipa", "SOUTH": 29.86, "EAST": -14.99, "DISTRICT": null, "PROVINCE": "Lusaka", "Energy_s_5": 76.76951214, "capaci KW": 9596 }, "geometry": { "type": "Point", "coordinates": [ 29.863654308674903, -14.994727199270613 ] } },
{ "type": "Feature", "properties": { "NAME": "Kaunga", "SOUTH": 30.15, "EAST": 15.03, "DISTRICT": null, "PROVINCE": "Lusaka", "Energy_s_5": 0.512266123, "capaci KW": 64 }, "geometry": { "type": "Point", "coordinates": [ 30.153862942527098, -15.028630077057084 ] } },
{ "type": "Feature", "properties": { "NAME": "Chitope", "SOUTH": 30.18, "EAST": -15.18, "DISTRICT": null, "PROVINCE": "Lusaka", "Energy_s_5": 0.512266123, "capaci KW": 64 }, "geometry": { "type": "Point", "coordinates": [ 30.189121935425028, -15.179158854429016 ] } },
{ "type": "Feature", "properties": { "NAME": "Lunya", "SOUTH": 30.25, "EAST": -15.28, "DISTRICT": null, "PROVINCE": "Lusaka", "Energy_s_5": 0.512266123, "capaci KW": 64 }, "geometry": { "type": "Point", "coordinates": [ 30.256927690997969, -15.284935833122807 ] } },
{ "type": "Feature", "properties": { "NAME": "Mpuka", "SOUTH": 30.31, "EAST": -15.42, "DISTRICT": null, "PROVINCE": "Lusaka", "Energy_s_5": 0.512266123, "capaci KW": 64 }, "geometry": { "type": "Point", "coordinates": [ 30.31795287101362, -15.420547344268693 ] } },
{ "type": "Feature", "properties": { "NAME": "Kakaro", "SOUTH": 30.3, "EAST": -15.52, "DISTRICT": null, "PROVINCE": "Lusaka", "Energy_s_5": 0.512266123, "capaci KW": 64 }, "geometry": { "type": "Point", "coordinates": [ 30.303035604787574, -15.519543747405189 ] } },
{ "type": "Feature", "properties": { "NAME": "Manja", "SOUTH": 30.22, "EAST": -15.6, "DISTRICT": null, "PROVINCE": "Lusaka", "Energy_s_5": 0.512266123, "capaci KW": 64 }, "geometry": { "type": "Point", "coordinates": [ 30.223024813211502, -15.599554538981261 ] } },
{ "type": "Feature", "properties": { "NAME": "Luangwa", "SOUTH": 30.36, "EAST": -15.61, "DISTRICT": null, "PROVINCE": "Lusaka", "Energy_s_5": 0.512266123, "capaci KW": 64 }, "geometry": { "type": "Point", "coordinates": [ 30.361348554580307, -15.610403459872932 ] } },
{ "type": "Feature", "properties": { "NAME": "Mwape", "SOUTH": 30.78, "EAST": -14.18, "DISTRICT": null, "PROVINCE": "Eastern", "Energy_s_5": 162.1196334, "capaci KW": 20265 }, "geometry": { "type": "Point", "coordinates": [ 30.785812584466925, -14.187838707952597 ] } },
{ "type": "Feature", "properties": { "NAME": "Ngambwa", "SOUTH": 30.61, "EAST": -14.45, "DISTRICT": null, "PROVINCE": "Eastern", "Energy_s_5": 162.1196334, "capaci KW": 20265 }, "geometry": { "type": "Point", "coordinates": [ 30.619010425757484, -14.44550057912978 ] } },
{ "type": "Feature", "properties": { "NAME": "Vizimumba", "SOUTH": 30.89, "EAST": -14.42, "DISTRICT": null, "PROVINCE": "Eastern", "Energy_s_5": 162.1196334, "capaci KW": 20265 }, "geometry": { "type": "Point", "coordinates": [ 30.891589563160714, -14.425158852457896 ] } },
{ "type": "Feature", "properties": { "NAME": "Ndake", "SOUTH": 30.96, "EAST": -14.56, "DISTRICT": null, "PROVINCE": "Eastern", "Energy_s_5": 162.1196334, "capaci KW": 20265 }, "geometry": { "type": "Point", "coordinates": [ 30.972956469848246, -14.564838708938158 ] } },
{ "type": "Feature", "properties": { "NAME": "Manyama", "SOUTH": 31.16, "EAST": -14.61, "DISTRICT": null, "PROVINCE": "Eastern", "Energy_s_5": 51.18777456, "capaci KW": 6398 }, "geometry": { "type": "Point", "coordinates": [ 31.16688093078686, -14.605522162281924 ] } },
{ "type": "Feature", "properties": { "NAME": "Mnyeche", "SOUTH": 31.16, "EAST": -14.47, "DISTRICT": null, "PROVINCE": "Eastern", "Energy_s_5": 51.18777456, "capaci KW": 6398 }, "geometry": { "type": "Point", "coordinates": [ 31.161456470341026, -14.469910651136038 ] } },
{ "type": "Feature", "properties": { "NAME": "Minga", "SOUTH": 31.18, "EAST": -14.35, "DISTRICT": null, "PROVINCE": "Eastern", "Energy_s_5": 51.18777456, "capaci KW": 6398 }, "geometry": { "type": "Point", "coordinates": [ 31.18179819701291, -14.353284751550577 ] } },
{ "type": "Feature", "properties": { "NAME": "Mumbi", "SOUTH": 31.28, "EAST": -14.48, "DISTRICT": null, "PROVINCE": "Eastern", "Energy_s_5": 51.18777456, "capaci KW": 6398 }, "geometry": { "type": "Point", "coordinates": [ 31.287575175706699, -14.486184032473545 ] } },
{ "type": "Feature", "properties": { "NAME": "Kakwiya", "SOUTH": 31.16, "EAST": -14.1, "DISTRICT": null, "PROVINCE": "Eastern", "Energy_s_5": 51.18777456, "capaci KW": 6398 }, "geometry": { "type": "Point", "coordinates": [ 31.164168700563945, -14.10104734081923 ] } },
{ "type": "Feature", "properties": { "NAME": "Chipungu", "SOUTH": 31.34, "EAST": -14.12, "DISTRICT": null, "PROVINCE": "Eastern", "Energy_s_5": 51.18777456, "capaci KW": 6398 }, "geometry": { "type": "Point", "coordinates": [ 31.348600355722347, -14.124101297714029 ] } },
{ "type": "Feature", "properties": { "NAME": "Chimtanda", "SOUTH": 31.43, "EAST": -14.21, "DISTRICT": null, "PROVINCE": "Eastern", "Energy_s_5": 51.18777456, "capaci KW": 6398 }, "geometry": { "type": "Point", "coordinates": [ 31.438103953078631, -14.212248779958855 ] } },
{ "type": "Feature", "properties": { "NAME": "Mtunya", "SOUTH": 31.66, "EAST": -14.48, "DISTRICT": null, "PROVINCE": "Eastern", "Energy_s_5": 120.6732541, "capaci KW": 15084 }, "geometry": { "type": "Point", "coordinates": [ 31.661862946469341, -14.186482592841138 ] } },
{ "type": "Feature", "properties": { "NAME": "Seya", "SOUTH": 31.73, "EAST": -14.12, "DISTRICT": null, "PROVINCE": "Eastern", "Energy_s_5": 120.6732541, "capaci KW": 15084 }, "geometry": { "type": "Point", "coordinates": [ 31.726956471819367, -14.118676837268195 ] } },
{ "type": "Feature", "properties": { "NAME": "Vulamkoko", "SOUTH": 31.85, "EAST": -14.07, "DISTRICT": null, "PROVINCE": "Eastern", "Energy_s_5": 120.6732541, "capaci KW": 15084 }, "geometry": { "type": "Point", "coordinates": [ 31.850362946962122, -14.077993383924429 ] } },
{ "type": "Feature", "properties": { "NAME": "Kawalala", "SOUTH": 31.75, "EAST": -14.2, "DISTRICT": null, "PROVINCE": "Eastern", "Energy_s_5": 120.6732541, "capaci KW": 15084 }, "geometry": { "type": "Point", "coordinates": [ 31.758147119382922, -14.19597539862135 ] } },
{ "type": "Feature", "properties": { "NAME": "Valamnjala", "SOUTH": 31.92, "EAST": -14.21, "DISTRICT": null, "PROVINCE": "Eastern", "Energy_s_5": 120.6732541, "capaci KW": 15084 }, "geometry": { "type": "Point", "coordinates": [ 31.92494927809236, -14.209536549735937 ] } },
{ "type": "Feature", "properties": { "NAME": "Nyanje", "SOUTH": 31.78, "EAST": -14.39, "DISTRICT": null, "PROVINCE": "Eastern", "Energy_s_5": 51.18777456, "capaci KW": 6398 }, "geometry": { "type": "Point", "coordinates": [ 31.779844961166262, -14.387187629337047 ] } },
{ "type": "Feature", "properties": { "NAME": "Chakalawa", "SOUTH": 31.57, "EAST": -14.47, "DISTRICT": null, "PROVINCE": "Eastern", "Energy_s_5": 51.18777456, "capaci KW": 6398 }, "geometry": { "type": "Point", "coordinates": [ 31.573715464224517, -14.464486190690202 ] } },
{ "type": "Feature", "properties": { "NAME": "Chimphundu", "SOUTH": 31.58, "EAST": -14.38, "DISTRICT": null, "PROVINCE": "Eastern", "Energy_s_5": 51.18777456, "capaci KW": 6398 }, "geometry": { "type": "Point", "coordinates": [ 31.584564385116188, -14.377694823556835 ] } },
{ "type": "Feature", "properties": { "NAME": "Mulindang'ombe", "SOUTH": 31.39, "EAST": -14.61, "DISTRICT": null, "PROVINCE": "Eastern", "Energy_s_5": 51.18777456, "capaci KW": 6398 }, "geometry": { "type": "Point", "coordinates": [ 31.39199603928903, -14.612302737839217 ] } },
{ "type": "Feature", "properties": { "NAME": "Mtumpha", "SOUTH": 31.35, "EAST": -14.36, "DISTRICT": null, "PROVINCE": "Eastern", "Energy_s_5": 51.18777456, "capaci KW": 6398 }, "geometry": { "type": "Point", "coordinates": [ 31.347244240610888, -14.36006532710787 ] } },
{ "type": "Feature", "properties": { "NAME": "Chitasa", "SOUTH": 32.02, "EAST": -14.37, "DISTRICT": null, "PROVINCE": "Eastern", "Energy_s_5": 120.6732541, "capaci KW": 15084 }, "geometry": { "type": "Point", "coordinates": [ 32.019877335894478, -14.376338708445376 ] } },
{ "type": "Feature", "properties": { "NAME": "Kagoro", "SOUTH": 31.99, "EAST": -14.28, "DISTRICT": null, "PROVINCE": "Eastern", "Energy_s_5": 120.6732541, "capaci KW": 15084 }, "geometry": { "type": "Point", "coordinates": [ 32.030726256786153, -14.271917844863045 ] } },
{ "type": "Feature", "properties": { "NAME": "Mlolo", "SOUTH": 32.27, "EAST": -14.32, "DISTRICT": null, "PROVINCE": "Eastern", "Energy_s_5": 56.51700071, "capaci KW": 7065 }, "geometry": { "type": "Point", "coordinates": [ 32.276183091960206, -14.315313528429728 ] } },
{ "type": "Feature", "properties": { "NAME": "Kafumbwe", "SOUTH": 32.22, "EAST": -14.18, "DISTRICT": null, "PROVINCE": "Eastern", "Energy_s_5": 120.6732541, "capaci KW": 15084 }, "geometry": { "type": "Point", "coordinates": [ 32.227362947947682, -14.185126477729678 ] } },
{ "type": "Feature", "properties": { "NAME": "Nyambano", "SOUTH": 32.31, "EAST": -14.2, "DISTRICT": null, "PROVINCE": "Eastern", "Energy_s_5": 56.51700071, "capaci KW": 7065 }, "geometry": { "type": "Point", "coordinates": [ 32.314154315081048, -14.197331513732808 ] } },
{ "type": "Feature", "properties": { "NAME": "Taferansoni", "SOUTH": 32.39, "EAST": -14.25, "DISTRICT": null, "PROVINCE": "Eastern", "Energy_s_5": 56.51700071, "capaci KW": 7065 }, "geometry": { "type": "Point", "coordinates": [ 32.391452876434208, -14.251576118191162 ] } },
{ "type": "Feature", "properties": { "NAME": "Zingalume", "SOUTH": 32.39, "EAST": -14.14, "DISTRICT": null, "PROVINCE": "Eastern", "Energy_s_5": 56.51700071, "capaci KW": 7065 }, "geometry": { "type": "Point", "coordinates": [ 32.396877336880038, -14.149867484831748 ] } },
{ "type": "Feature", "properties": { "NAME": "Ntowe", "SOUTH": 32.32, "EAST": -14.11, "DISTRICT": null, "PROVINCE": "Eastern", "Energy_s_5": 56.51700071, "capaci KW": 7065 }, "geometry": { "type": "Point", "coordinates": [ 32.329071581307097, -14.114608491933817 ] } },
{ "type": "Feature", "properties": { "NAME": "Mphangwe", "SOUTH": 32.12, "EAST": -14.04, "DISTRICT": null, "PROVINCE": "Eastern", "Energy_s_5": 120.6732541, "capaci KW": 15084 }, "geometry": { "type": "Point", "coordinates": [ 32.120229854142437, -14.040022160803581 ] } },
{ "type": "Feature", "properties": { "NAME": "Kwenje", "SOUTH": 32.11, "EAST": -13.87, "DISTRICT": null, "PROVINCE": "Eastern", "Energy_s_5": 227.2405999, "capaci KW": 28405 }, "geometry": { "type": "Point", "coordinates": [ 32.112093163473681, -13.866439426536848 ] } },
{ "type": "Feature", "properties": { "NAME": "Ng'ombaela", "SOUTH": 32.06, "EAST": -13.81, "DISTRICT": null, "PROVINCE": "Eastern", "Energy_s_5": 227.2405999, "capaci KW": 28405 }, "geometry": { "type": "Point", "coordinates": [ 32.061916904349701, -13.806770361632658 ] } },
{ "type": "Feature", "properties": { "NAME": "Miodzela", "SOUTH": 31.96, "EAST": -13.87, "DISTRICT": null, "PROVINCE": "Eastern", "Energy_s_5": 120.6732541, "capaci KW": 15084 }, "geometry": { "type": "Point", "coordinates": [ 31.957496040767374, -13.874576117205601 ] } },
{ "type": "Feature", "properties": { "NAME": "Nkolowondo", "SOUTH": 32.25, "EAST": -13.89, "DISTRICT": null, "PROVINCE": "Eastern", "Energy_s_5": 227.2405999, "capaci KW": 28405 }, "geometry": { "type": "Point", "coordinates": [ 32.24770467461957, -13.896273958988942 ] } },
{ "type": "Feature", "properties": { "NAME": "Manjakazi", "SOUTH": 32.31, "EAST": -13.91, "DISTRICT": null, "PROVINCE": "Eastern", "Energy_s_5": 227.2405999, "capaci KW": 28405 }, "geometry": { "type": "Point", "coordinates": [ 32.306017624412299, -13.917971800772284 ] } },
{ "type": "Feature", "properties": { "NAME": "Kanlaza", "SOUTH": 32.32, "EAST": -13.85, "DISTRICT": null, "PROVINCE": "Eastern", "Energy_s_5": 227.2405999, "capaci KW": 28405 }, "geometry": { "type": "Point", "coordinates": [ 32.316866545303967, -13.8515221603108 ] } },
{ "type": "Feature", "properties": { "NAME": "Kalambo", "SOUTH": 32.3, "EAST": -13.8, "DISTRICT": null, "PROVINCE": "Eastern", "Energy_s_5": 227.2405999, "capaci KW": 28405 }, "geometry": { "type": "Point", "coordinates": [ 32.304661509300843, -13.797277555852446 ] } },
{ "type": "Feature", "properties": { "NAME": "Zambezi", "SOUTH": 32.48, "EAST": -13.8, "DISTRICT": null, "PROVINCE": "Eastern", "Energy_s_5": 227.2405999, "capaci KW": 28405 }, "geometry": { "type": "Point", "coordinates": [ 32.486380934236323, -13.806770361632658 ] } },
{ "type": "Feature", "properties": { "NAME": "Kaphinde", "SOUTH": 32.52, "EAST": -13.89, "DISTRICT": null, "PROVINCE": "Eastern", "Energy_s_5": 227.2405999, "capaci KW": 28405 }, "geometry": { "type": "Point", "coordinates": [ 32.521639927134252, -13.889493383431647 ] } },
{ "type": "Feature", "properties": { "NAME": "Sayili", "SOUTH": 32.43, "EAST": -13.95, "DISTRICT": null, "PROVINCE": "Eastern", "Energy_s_5": 227.2405999, "capaci KW": 28405 }, "geometry": { "type": "Point", "coordinates": [ 32.438916905335269, -13.953230793670214 ] } },
{ "type": "Feature", "properties": { "NAME": "Kumadzi", "SOUTH": 32.48, "EAST": -14.01, "DISTRICT": null, "PROVINCE": "Eastern", "Energy_s_5": 56.51700071, "capaci KW": 7065 }, "geometry": { "type": "Point", "coordinates": [ 32.486380934236323, -14.015612088797321 ] } },
{ "type": "Feature", "properties": { "NAME": "Chongo", "SOUTH": 32.35, "EAST": -13.64, "DISTRICT": null, "PROVINCE": "Eastern", "Energy_s_5": 227.2405999, "capaci KW": 28405 }, "geometry": { "type": "Point", "coordinates": [ 32.354837768424815, -13.639968202923217 ] } },
{ "type": "Feature", "properties": { "NAME": "Chteu", "SOUTH": 32.37, "EAST": -13.72, "DISTRICT": null, "PROVINCE": "Eastern", "Energy_s_5": 227.2405999, "capaci KW": 28405 }, "geometry": { "type": "Point", "coordinates": [ 32.369755034650858, -13.728115685168044 ] } },
{ "type": "Feature", "properties": { "NAME": "Mtenguleni", "SOUTH": 32.45, "EAST": -13.76, "DISTRICT": null, "PROVINCE": "Eastern", "Energy_s_5": 227.2405999, "capaci KW": 28405 }, "geometry": { "type": "Point", "coordinates": [ 32.44976582622693, -13.756594102508679 ] } },
{ "type": "Feature", "properties": { "NAME": "Kanyanya", "SOUTH": 32.57, "EAST": -13.71, "DISTRICT": null, "PROVINCE": "Eastern", "Energy_s_5": 227.2405999, "capaci KW": 28405 }, "geometry": { "type": "Point", "coordinates": [ 32.573172301369688, -13.70777395849616 ] } },
{ "type": "Feature", "properties": { "NAME": "Feni", "SOUTH": 32.67, "EAST": -13.73, "DISTRICT": null, "PROVINCE": "Eastern", "Energy_s_5": 227.2405999, "capaci KW": 28405 }, "geometry": { "type": "Point", "coordinates": [ 32.670812589394721, -13.728115685168044 ] } },
{ "type": "Feature", "properties": { "NAME": "Nkhalingo", "SOUTH": 32.66, "EAST": -13.77, "DISTRICT": null, "PROVINCE": "Eastern", "Energy_s_5": 227.2405999, "capaci KW": 28405 }, "geometry": { "type": "Point", "coordinates": [ 32.662675898725972, -13.774223598957645 ] } },
{ "type": "Feature", "properties": { "NAME": "Njerusarem", "SOUTH": 32.58, "EAST": -13.81, "DISTRICT": null, "PROVINCE": "Eastern", "Energy_s_5": 227.2405999, "capaci KW": 28405 }, "geometry": { "type": "Point", "coordinates": [ 32.577240646704062, -13.817619282524328 ] } },
{ "type": "Feature", "properties": { "NAME": "Mwangazi", "SOUTH": 32.58, "EAST": -14.16, "DISTRICT": null, "PROVINCE": "Eastern", "Energy_s_5": 56.51700071, "capaci KW": 7065 }, "geometry": { "type": "Point", "coordinates": [ 32.585377337372819, -14.164784751057795 ] } },
{ "type": "Feature", "properties": { "NAME": "Chikoma", "SOUTH": 32.82, "EAST": -14.07, "DISTRICT": null, "PROVINCE": "Eastern", "Energy_s_5": 56.51700071, "capaci KW": 7065 }, "geometry": { "type": "Point", "coordinates": [ 32.819985251655197, -14.072568923478592 ] } },
{ "type": "Feature", "properties": { "NAME": "Sekani", "SOUTH": 32.92, "EAST": -14.02, "DISTRICT": null, "PROVINCE": "Eastern", "Energy_s_5": 56.51700071, "capaci KW": 7065 }, "geometry": { "type": "Point", "coordinates": [ 32.920337769903156, -14.01696820390878 ] } },
{ "type": "Feature", "properties": { "NAME": "Mthunzi", "SOUTH": 32.07, "EAST": -14.07, "DISTRICT": null, "PROVINCE": "Eastern", "Energy_s_5": 56.51700071, "capaci KW": 7065 }, "geometry": { "type": "Point", "coordinates": [ 32.93254280590628, -14.065788347921298 ] } },
{ "type": "Feature", "properties": { "NAME": "Sinde Misale", "SOUTH": 33.07, "EAST": -14.04, "DISTRICT": null, "PROVINCE": "Eastern", "Energy_s_5": 56.51700071, "capaci KW": 7065 }, "geometry": { "type": "Point", "coordinates": [ 33.069510432163625, -14.035953815469203 ] } },
{ "type": "Feature", "properties": { "NAME": "Jumbe", "SOUTH": 32.06, "EAST": -13.32, "DISTRICT": null, "PROVINCE": "Eastern", "Energy_s_5": 43.5385572, "capaci KW": 5442 }, "geometry": { "type": "Point", "coordinates": [ 32.060560789238238, -13.323993381953306 ] } },
{ "type": "Feature", "properties": { "NAME": "Chikowe", "SOUTH": 32.05, "EAST": -13.41, "DISTRICT": null, "PROVINCE": "Eastern", "Energy_s_5": 43.5385572, "capaci KW": 5442 }, "geometry": { "type": "Point", "coordinates": [ 32.051067983458026, -13.416209209532507 ] } },
{ "type": "Feature", "properties": { "NAME": "Sumbe", "SOUTH": 32.24, "EAST": -13.58, "DISTRICT": null, "PROVINCE": "Eastern", "Energy_s_5": 227.2405999, "capaci KW": 28405 }, "geometry": { "type": "Point", "coordinates": [ 32.250416904842474, -13.580299138019029 ] } },
{ "type": "Feature", "properties": { "NAME": "Chaya", "SOUTH": 32.3, "EAST": -13.55, "DISTRICT": null, "PROVINCE": "Eastern", "Energy_s_5": 227.2405999, "capaci KW": 28405 }, "geometry": { "type": "Point", "coordinates": [ 32.303305394189373, -13.551820720678393 ] } },
{ "type": "Feature", "properties": { "NAME": "Chiparamba", "SOUTH": 32.44, "EAST": -13.57, "DISTRICT": null, "PROVINCE": "Eastern", "Energy_s_5": 227.2405999, "capaci KW": 28405 }, "geometry": { "type": "Point", "coordinates": [ 32.44976582622693, -13.572162447350276 ] } },
{ "type": "Feature", "properties": { "NAME": "Chaya", "SOUTH": 32.39, "EAST": -13.6, "DISTRICT": null, "PROVINCE": "Eastern", "Energy_s_5": 227.2405999, "capaci KW": 28405 }, "geometry": { "type": "Point", "coordinates": [ 32.396877336880031, -13.60335309491383 ] } },
{ "type": "Feature", "properties": { "NAME": "Mtaya", "SOUTH": 32.47, "EAST": -13.62, "DISTRICT": null, "PROVINCE": "Eastern", "Energy_s_5": 227.2405999, "capaci KW": 28405 }, "geometry": { "type": "Point", "coordinates": [ 32.472819783121729, -13.616914246028418 ] } },
{ "type": "Feature", "properties": { "NAME": "Pwata", "SOUTH": 32.26, "EAST": -13.65, "DISTRICT": null, "PROVINCE": "Eastern", "Energy_s_5": 227.2405999, "capaci KW": 28405 }, "geometry": { "type": "Point", "coordinates": [ 32.263978055957061, -13.645392663369053 ] } },
{ "type": "Feature", "properties": { "NAME": "Chinunda", "SOUTH": 32.16, "EAST": -13.7, "DISTRICT": null, "PROVINCE": "Eastern", "Energy_s_5": 43.5385572, "capaci KW": 5442 }, "geometry": { "type": "Point", "coordinates": [ 32.16091330748619, -13.699637267827407 ] } },
{ "type": "Feature", "properties": { "NAME": "Manjanja", "SOUTH": 32.21, "EAST": -13.74, "DISTRICT": null, "PROVINCE": "Eastern", "Energy_s_5": 227.2405999, "capaci KW": 28405 }, "geometry": { "type": "Point", "coordinates": [ 32.21108956661017, -13.73354014561388 ] } },
{ "type": "Feature", "properties": { "NAME": "Samuele", "SOUTH": 32.07, "EAST": -13.74, "DISTRICT": null, "PROVINCE": "Eastern", "Energy_s_5": 43.5385572, "capaci KW": 5442 }, "geometry": { "type": "Point", "coordinates": [ 32.076834170575744, -13.736252375836797 ] } },
{ "type": "Feature", "properties": { "NAME": "Chongololo", "SOUTH": 32.61, "EAST": -13.55, "DISTRICT": null, "PROVINCE": "Eastern", "Energy_s_5": 227.2405999, "capaci KW": 28405 }, "geometry": { "type": "Point", "coordinates": [ 32.613855754713448, -13.546396260232557 ] } },
{ "type": "Feature", "properties": { "NAME": "Mnukwa", "SOUTH": 32.49, "EAST": -13.46, "DISTRICT": null, "PROVINCE": "Eastern", "Energy_s_5": 227.2405999, "capaci KW": 28405 }, "geometry": { "type": "Point", "coordinates": [ 32.493161509793609, -13.465029353545026 ] } },
{ "type": "Feature", "properties": { "NAME": "Mkule", "SOUTH": 32.38, "EAST": -13.51, "DISTRICT": null, "PROVINCE": "Eastern", "Energy_s_5": 43.5385572, "capaci KW": 5442 }, "geometry": { "type": "Point", "coordinates": [ 32.379247840431063, -13.511137267334627 ] } },
{ "type": "Feature", "properties": { "NAME": "Chinunda", "SOUTH": 32.55, "EAST": -13.22, "DISTRICT": null, "PROVINCE": "Eastern", "Energy_s_5": 227.2405999, "capaci KW": 28405 }, "geometry": { "type": "Point", "coordinates": [ 32.556898920032175, -13.22499697881681 ] } },
{ "type": "Feature", "properties": { "NAME": "Mzoole", "SOUTH": 32.62, "EAST": -13.35, "DISTRICT": null, "PROVINCE": "Eastern", "Energy_s_5": 227.2405999, "capaci KW": 28405 }, "geometry": { "type": "Point", "coordinates": [ 32.653183092945753, -13.349759569071024 ] } },
{ "type": "Feature", "properties": { "NAME": "Mwanya", "SOUTH": 32.24, "EAST": -12.71, "DISTRICT": null, "PROVINCE": "Eastern", "Energy_s_5": 299.7101026, "capaci KW": 37464 }, "geometry": { "type": "Point", "coordinates": [ 32.247704674619555, -12.712385466685362 ] } },
{ "type": "Feature", "properties": { "NAME": "Chikomeni", "SOUTH": 32.88, "EAST": -12.74, "DISTRICT": null, "PROVINCE": "Eastern", "Energy_s_5": 299.7101026, "capaci KW": 37464 }, "geometry": { "type": "Point", "coordinates": [ 32.876942086336463, -12.738151653803081 ] } },
{ "type": "Feature", "properties": { "NAME": "Mwase Mpangwe", "SOUTH": 32.92, "EAST": -13.02, "DISTRICT": null, "PROVINCE": "Eastern", "Energy_s_5": 299.7101026, "capaci KW": 37464 }, "geometry": { "type": "Point", "coordinates": [ 32.92576223034898, -13.020223596986522 ] } },
{ "type": "Feature", "properties": { "NAME": "Nkhalikali", "SOUTH": 32.75, "EAST": -13.18, "DISTRICT": null, "PROVINCE": "Eastern", "Energy_s_5": 299.7101026, "capaci KW": 37464 }, "geometry": { "type": "Point", "coordinates": [ 32.753535611193705, -13.180245180138668 ] } },
{ "type": "Feature", "properties": { "NAME": "Lumezi", "SOUTH": 33.04, "EAST": -12.56, "DISTRICT": null, "PROVINCE": "Eastern", "Energy_s_5": 299.7101026, "capaci KW": 37464 }, "geometry": { "type": "Point", "coordinates": [ 33.039675899711519, -12.559144459090511 ] } },
{ "type": "Feature", "properties": { "NAME": "Zumwanda", "SOUTH": 33.02, "EAST": -12.46, "DISTRICT": null, "PROVINCE": "Eastern", "Energy_s_5": 299.7101026, "capaci KW": 37464 }, "geometry": { "type": "Point", "coordinates": [ 33.024758633485476, -12.462860286176932 ] } },
{ "type": "Feature", "properties": { "NAME": "Themba", "SOUTH": 33.15, "EAST": -12.49, "DISTRICT": null, "PROVINCE": "Eastern", "Energy_s_5": 299.7101026, "capaci KW": 37464 }, "geometry": { "type": "Point", "coordinates": [ 33.156301799296983, -12.485914243071733 ] } },
{ "type": "Feature", "properties": { "NAME": "Phalaza", "SOUTH": 33.26, "EAST": -12.55, "DISTRICT": null, "PROVINCE": "Eastern", "Energy_s_5": 299.7101026, "capaci KW": 37464 }, "geometry": { "type": "Point", "coordinates": [ 33.259366547767854, -12.551007768421757 ] } },
{ "type": "Feature", "properties": { "NAME": "Kalonje", "SOUTH": 33.14, "EAST": -12.4, "DISTRICT": null, "PROVINCE": "Eastern", "Energy_s_5": 299.7101026, "capaci KW": 37464 }, "geometry": { "type": "Point", "coordinates": [ 33.141384533070934, -12.400478991049825 ] } },
{ "type": "Feature", "properties": { "NAME": "Mkomba", "SOUTH": 33.24, "EAST": -12.43, "DISTRICT": null, "PROVINCE": "Eastern", "Energy_s_5": 299.7101026, "capaci KW": 37464 }, "geometry": { "type": "Point", "coordinates": [ 33.245805396653267, -12.430313523501919 ] } },
{ "type": "Feature", "properties": { "NAME": "Mwase", "SOUTH": 33.36, "EAST": -12.45, "DISTRICT": null, "PROVINCE": "Eastern", "Energy_s_5": 299.7101026, "capaci KW": 37464 }, "geometry": { "type": "Point", "coordinates": [ 33.359719066015806, -12.45201136528526 ] } },
{ "type": "Feature", "properties": { "NAME": "Kapoche", "SOUTH": 33.28, "EAST": -12.38, "DISTRICT": null, "PROVINCE": "Eastern", "Energy_s_5": 299.7101026, "capaci KW": 37464 }, "geometry": { "type": "Point", "coordinates": [ 33.279708274439734, -12.377425034155024 ] } },
{ "type": "Feature", "properties": { "NAME": "Kachila", "SOUTH": 33.25, "EAST": -12.31, "DISTRICT": null, "PROVINCE": "Eastern", "Energy_s_5": 299.7101026, "capaci KW": 37464 }, "geometry": { "type": "Point", "coordinates": [ 33.249873741987642, -12.310975393693541 ] } },
{ "type": "Feature", "properties": { "NAME": "Mcheleka", "SOUTH": 33.08, "EAST": -12.31, "DISTRICT": null, "PROVINCE": "Eastern", "Energy_s_5": 299.7101026, "capaci KW": 37464 }, "geometry": { "type": "Point", "coordinates": [ 33.080359353055286, -12.310975393693541 ] } },
{ "type": "Feature", "properties": { "NAME": "Limbalimba", "SOUTH": 33.01, "EAST": -12.21, "DISTRICT": null, "PROVINCE": "Eastern", "Energy_s_5": 299.7101026, "capaci KW": 37464 }, "geometry": { "type": "Point", "coordinates": [ 33.013909712593801, -12.211978990557045 ] } },
{ "type": "Feature", "properties": { "NAME": "Boyole", "SOUTH": 33.06, "EAST": -12.11, "DISTRICT": null, "PROVINCE": "Eastern", "Energy_s_5": 299.7101026, "capaci KW": 37464 }, "geometry": { "type": "Point", "coordinates": [ 33.058661511271943, -12.108914242086172 ] } },
{ "type": "Feature", "properties": { "NAME": "Hoya", "SOUTH": 33.14, "EAST": -12.11, "DISTRICT": null, "PROVINCE": "Eastern", "Energy_s_5": 299.7101026, "capaci KW": 37464 }, "geometry": { "type": "Point", "coordinates": [ 33.146808993516771, -12.104845896751794 ] } },
{ "type": "Feature", "properties": { "NAME": "Phikamalaza", "SOUTH": 33.25, "EAST": -12.23, "DISTRICT": null, "PROVINCE": "Eastern", "Energy_s_5": 299.7101026, "capaci KW": 37464 }, "geometry": { "type": "Point", "coordinates": [ 33.25529820243348, -12.230964602117469 ] } },
{ "type": "Feature", "properties": { "NAME": "Munyukwa", "SOUTH": 32.89, "EAST": -12.06, "DISTRICT": null, "PROVINCE": "Eastern", "Energy_s_5": 299.7101026, "capaci KW": 37464 }, "geometry": { "type": "Point", "coordinates": [ 32.894571582785424, -12.058737982962192 ] } },
{ "type": "Feature", "properties": { "NAME": "Chifunda", "SOUTH": 32.66, "EAST": -11.93, "DISTRICT": null, "PROVINCE": "Eastern", "Energy_s_5": 74.69385852000001, "capaci KW": 9337 }, "geometry": { "type": "Point", "coordinates": [ 32.662675898725958, -11.932619277596519 ] } },
{ "type": "Feature", "properties": { "NAME": "Chikwa", "SOUTH": 32.8, "EAST": -11.71, "DISTRICT": null, "PROVINCE": "Eastern", "Energy_s_5": 74.69385852000001, "capaci KW": 9337 }, "geometry": { "type": "Point", "coordinates": [ 32.800999640094759, -11.708860284205809 ] } },
{ "type": "Feature", "properties": { "NAME": "Luwumbu", "SOUTH": 33.28, "EAST": -11.93, "DISTRICT": null, "PROVINCE": "Eastern", "Energy_s_5": 299.7101026, "capaci KW": 37464 }, "geometry": { "type": "Point", "coordinates": [ 33.281064389551197, -11.933975392707978 ] } },
{ "type": "Feature", "properties": { "NAME": "Emusa", "SOUTH": 33.13, "EAST": -12.02, "DISTRICT": null, "PROVINCE": "Eastern", "Energy_s_5": 299.7101026, "capaci KW": 37464 }, "geometry": { "type": "Point", "coordinates": [ 33.13460395751364, -12.018054529618427 ] } },
{ "type": "Feature", "properties": { "NAME": "Chimpamba", "SOUTH": 32.85, "EAST": -11.56, "DISTRICT": null, "PROVINCE": "Eastern", "Energy_s_5": 74.69385852000001, "capaci KW": 9337 }, "geometry": { "type": "Point", "coordinates": [ 32.857956474776032, -11.558331506833875 ] } },
{ "type": "Feature", "properties": { "NAME": "Tembwe", "SOUTH": 32.93, "EAST": -11.42, "DISTRICT": null, "PROVINCE": "Eastern", "Energy_s_5": 74.69385852000001, "capaci KW": 9337 }, "geometry": { "type": "Point", "coordinates": [ 32.935255036129192, -11.42136388057653 ] } },
{ "type": "Feature", "properties": { "NAME": "Katangalika", "SOUTH": 33.05, "EAST": -11.23, "DISTRICT": null, "PROVINCE": "Eastern", "Energy_s_5": 74.69385852000001, "capaci KW": 9337 }, "geometry": { "type": "Point", "coordinates": [ 33.060017626383406, -11.231507764972291 ] } },
{ "type": "Feature", "properties": { "NAME": "Kambombo", "SOUTH": 33.23, "EAST": -11.15, "DISTRICT": null, "PROVINCE": "Eastern", "Energy_s_5": 74.69385852000001, "capaci KW": 9337 }, "geometry": { "type": "Point", "coordinates": [ 33.236312590873055, -11.1487847431733 ] } },
{ "type": "Feature", "properties": { "NAME": "Chiwale", "SOUTH": 32.84, "EAST": -10.6, "DISTRICT": null, "PROVINCE": "Eastern", "Energy_s_5": 74.69385852000001, "capaci KW": 9337 }, "geometry": { "type": "Point", "coordinates": [ 32.837614748104151, -10.59548977769809 ] } },
{ "type": "Feature", "properties": { "NAME": "Mulilo", "SOUTH": 33.1, "EAST": -10.63, "DISTRICT": null, "PROVINCE": "Eastern", "Energy_s_5": 74.69385852000001, "capaci KW": 9337 }, "geometry": { "type": "Point", "coordinates": [ 33.100701079727173, -10.628036540373101 ] } },
{ "type": "Feature", "properties": { "NAME": "Musanya", "SOUTH": 32.46, "EAST": -10.46, "DISTRICT": null, "PROVINCE": "Northern", "Energy_s_5": 42.42146749, "capaci KW": 5303 }, "geometry": { "type": "Point", "coordinates": [ 32.470107552898803, -10.461234381663663 ] } },
{ "type": "Feature", "properties": { "NAME": "Nansala", "SOUTH": 32.72, "EAST": -10.36, "DISTRICT": null, "PROVINCE": "Northern", "Energy_s_5": 38.66314098, "capaci KW": 4833 }, "geometry": { "type": "Point", "coordinates": [ 32.72234496363015, -10.358169633192791 ] } },
{ "type": "Feature", "properties": { "NAME": "Isoka", "SOUTH": 32.72, "EAST": -10.16, "DISTRICT": null, "PROVINCE": "Northern", "Energy_s_5": 38.66314098, "capaci KW": 4833 }, "geometry": { "type": "Point", "coordinates": [ 32.72234496363015, -10.164245172254175 ] } },
{ "type": "Feature", "properties": { "NAME": "Katyetye", "SOUTH": 32.9, "EAST": -10.12, "DISTRICT": null, "PROVINCE": "Northern", "Energy_s_5": 38.66314098, "capaci KW": 4833 }, "geometry": { "type": "Point", "coordinates": [ 32.899996043231262, -10.118137258464573 ] } },
{ "type": "Feature", "properties": { "NAME": "Kampumbu", "SOUTH": 33.11, "EAST": -10.28, "DISTRICT": null, "PROVINCE": "Northern", "Energy_s_5": 38.66314098, "capaci KW": 4833 }, "geometry": { "type": "Point", "coordinates": [ 33.115618345953216, -10.283583302062553 ] } },
{ "type": "Feature", "properties": { "NAME": "Mpandwa", "SOUTH": 33.01, "EAST": -10.37, "DISTRICT": null, "PROVINCE": "Northern", "Energy_s_5": 74.69385852000001, "capaci KW": 9337 }, "geometry": { "type": "Point", "coordinates": [ 33.017978057928183, -10.373086899418837 ] } },
{ "type": "Feature", "properties": { "NAME": "Musamanzi", "SOUTH": 32.58, "EAST": -10.01, "DISTRICT": null, "PROVINCE": "Northern", "Energy_s_5": 38.66314098, "capaci KW": 4833 }, "geometry": { "type": "Point", "coordinates": [ 32.58130899203843, -10.013716394882241 ] } },
{ "type": "Feature", "properties": { "NAME": "Kaso", "SOUTH": 32.64, "EAST": -10.06, "DISTRICT": null, "PROVINCE": "Northern", "Energy_s_5": 38.66314098, "capaci KW": 4833 }, "geometry": { "type": "Point", "coordinates": [ 32.63690971160824, -10.063892654006219 ] } },
{ "type": "Feature", "properties": { "NAME": "Kankauchu", "SOUTH": 32.58, "EAST": -9.91, "DISTRICT": null, "PROVINCE": "Northern", "Energy_s_5": 38.66314098, "capaci KW": 4833 }, "geometry": { "type": "Point", "coordinates": [ 32.582665107149886, -9.912007761522828 ] } },
{ "type": "Feature", "properties": { "NAME": "Kapoko", "SOUTH": 32.45, "EAST": -10.07, "DISTRICT": null, "PROVINCE": "Northern", "Energy_s_5": 42.42146749, "capaci KW": 5303 }, "geometry": { "type": "Point", "coordinates": [ 32.459258632007135, -10.072029344674972 ] } },
{ "type": "Feature", "properties": { "NAME": "Mubanga", "SOUTH": 32.39, "EAST": -10.15, "DISTRICT": null, "PROVINCE": "Northern", "Energy_s_5": 42.42146749, "capaci KW": 5303 }, "geometry": { "type": "Point", "coordinates": [ 32.387384531099812, -10.149327906028127 ] } },
{ "type": "Feature", "properties": { "NAME": "Muyombe", "SOUTH": 33.54, "EAST": -10.63, "DISTRICT": null, "PROVINCE": "Northern", "Energy_s_5": 38.66314098, "capaci KW": 4833 }, "geometry": { "type": "Point", "coordinates": [ 33.540082375839845, -10.626680425261643 ] } },
{ "type": "Feature", "properties": { "NAME": "Thendele", "SOUTH": 33.49, "EAST": -10.34, "DISTRICT": null, "PROVINCE": "Northern", "Energy_s_5": 38.66314098, "capaci KW": 4833 }, "geometry": { "type": "Point", "coordinates": [ 33.487193886492946, -10.336471791409449 ] } },
{ "type": "Feature", "properties": { "NAME": "Mulekatembo", "SOUTH": 33.36, "EAST": -10.22, "DISTRICT": null, "PROVINCE": "Northern", "Energy_s_5": 38.66314098, "capaci KW": 4833 }, "geometry": { "type": "Point", "coordinates": [ 33.362431296238732, -10.221202006935446 ] } },
{ "type": "Feature", "properties": { "NAME": "Nachisitu", "SOUTH": 33.36, "EAST": -10.12, "DISTRICT": null, "PROVINCE": "Northern", "Energy_s_5": 38.66314098, "capaci KW": 4833 }, "geometry": { "type": "Point", "coordinates": [ 33.363787411350188, -10.126273949133326 ] } },
{ "type": "Feature", "properties": { "NAME": "Shemu", "SOUTH": 33.21, "EAST": -9.77, "DISTRICT": null, "PROVINCE": "Northern", "Energy_s_5": 38.66314098, "capaci KW": 4833 }, "geometry": { "type": "Point", "coordinates": [ 33.217326979312624, -9.772327905042566 ] } },
{ "type": "Feature", "properties": { "NAME": "Kalungu", "SOUTH": 32.93, "EAST": -9.7, "DISTRICT": null, "PROVINCE": "Northern", "Energy_s_5": 48.54026055, "capaci KW": 6068 }, "geometry": { "type": "Point", "coordinates": [ 32.932542805906266, -9.700453804135247 ] } },
{ "type": "Feature", "properties": { "NAME": "Old Fife", "SOUTH": 32.91, "EAST": -9.4, "DISTRICT": null, "PROVINCE": "Northern", "Energy_s_5": 48.54026055, "capaci KW": 6068 }, "geometry": { "type": "Point", "coordinates": [ 32.912201079234386, -9.398040134279922 ] } },
{ "type": "Feature", "properties": { "NAME": "Mantongo", "SOUTH": 32.72, "EAST": -9.58, "DISTRICT": null, "PROVINCE": "Northern", "Energy_s_5": 48.54026055, "capaci KW": 6068 }, "geometry": { "type": "Point", "coordinates": [ 32.726413308964524, -9.581115674326869 ] } },
{ "type": "Feature", "properties": { "NAME": "Lola", "SOUTH": 32.59, "EAST": -9.3, "DISTRICT": null, "PROVINCE": "Northern", "Energy_s_5": 48.54026055, "capaci KW": 6068 }, "geometry": { "type": "Point", "coordinates": [ 32.592157912930098, -9.304468191589262 ] } },
{ "type": "Feature", "properties": { "NAME": "Ntatumbila", "SOUTH": 32.33, "EAST": -9.21, "DISTRICT": null, "PROVINCE": "Northern", "Energy_s_5": 48.54026055, "capaci KW": 6068 }, "geometry": { "type": "Point", "coordinates": [ 32.341276617310207, -9.213608479121518 ] } },
{ "type": "Feature", "properties": { "NAME": "Nsokolo", "SOUTH": 31.9, "EAST": -9.19, "DISTRICT": null, "PROVINCE": "Northern", "Energy_s_5": 120.1083483, "capaci KW": 15014 }, "geometry": { "type": "Point", "coordinates": [ 31.90053920608608, -9.189198407115258 ] } },
{ "type": "Feature", "properties": { "NAME": "Tanzuka", "SOUTH": 32.03, "EAST": -9.39, "DISTRICT": null, "PROVINCE": "Northern", "Energy_s_5": 120.1083483, "capaci KW": 15014 }, "geometry": { "type": "Point", "coordinates": [ 32.036150717231969, -9.38854732849971 ] } },
{ "type": "Feature", "properties": { "NAME": "Kayambi", "SOUTH": 32.08, "EAST": -9.46, "DISTRICT": null, "PROVINCE": "Northern", "Energy_s_5": 60.58604487, "capaci KW": 7573 }, "geometry": { "type": "Point", "coordinates": [ 32.079546400798648, -9.465845889852865 ] } },
{ "type": "Feature", "properties": { "NAME": "Mpande", "SOUTH": 31.75, "EAST": -9.4, "DISTRICT": null, "PROVINCE": "Northern", "Energy_s_5": 120.1083483, "capaci KW": 15014 }, "geometry": { "type": "Point", "coordinates": [ 31.758147119382901, -9.400752364502839 ] } },
{ "type": "Feature", "properties": { "NAME": "Chindo", "SOUTH": 31.59, "EAST": -9.3, "DISTRICT": null, "PROVINCE": "Northern", "Energy_s_5": 120.1083483, "capaci KW": 15014 }, "geometry": { "type": "Point", "coordinates": [ 31.59270107578492, -9.304468191589262 ] } },
{ "type": "Feature", "properties": { "NAME": "Kaka", "SOUTH": 31.64, "EAST": -9.14, "DISTRICT": null, "PROVINCE": "Northern", "Energy_s_5": 120.1083483, "capaci KW": 15014 }, "geometry": { "type": "Point", "coordinates": [ 31.642877334908899, -9.137666032879823 ] } },
{ "type": "Feature", "properties": { "NAME": "Chimbola", "SOUTH": 31.52, "EAST": -9.69, "DISTRICT": null, "PROVINCE": "Northern", "Energy_s_5": 60.58604487, "capaci KW": 7573 }, "geometry": { "type": "Point", "coordinates": [ 31.519470859766141, -9.690960998355035 ] } },
{ "type": "Feature", "properties": { "NAME": "Nselika", "SOUTH": 31.33, "EAST": -9.94, "DISTRICT": null, "PROVINCE": "Northern", "Energy_s_5": 60.58604487, "capaci KW": 7573 }, "geometry": { "type": "Point", "coordinates": [ 31.33232697438482, -9.947266754420758 ] } },
{ "type": "Feature", "properties": { "NAME": "Ngulula", "SOUTH": 31.34, "EAST": -10.0, "DISTRICT": null, "PROVINCE": "Northern", "Energy_s_5": 60.58604487, "capaci KW": 7573 }, "geometry": { "type": "Point", "coordinates": [ 31.349956470833785, -10.005579704213488 ] } },
{ "type": "Feature", "properties": { "NAME": "Malole", "SOUTH": 31.64, "EAST": -10.11, "DISTRICT": null, "PROVINCE": "Northern", "Energy_s_5": 60.58604487, "capaci KW": 7573 }, "geometry": { "type": "Point", "coordinates": [ 31.64152121979744, -10.112712798018737 ] } },
{ "type": "Feature", "properties": { "NAME": "Chandaweyaya", "SOUTH": 31.74, "EAST": -9.14, "DISTRICT": null, "PROVINCE": "Northern", "Energy_s_5": 60.58604487, "capaci KW": 7573 }, "geometry": { "type": "Point", "coordinates": [ 31.744585968268311, -9.808943013051955 ] } },
{ "type": "Feature", "properties": { "NAME": "Chishala", "SOUTH": 32.03, "EAST": -10.01, "DISTRICT": null, "PROVINCE": "Northern", "Energy_s_5": 60.58604487, "capaci KW": 7573 }, "geometry": { "type": "Point", "coordinates": [ 32.034794602120506, -10.015072509993701 ] } },
{ "type": "Feature", "properties": { "NAME": "Makasa", "SOUTH": 31.95, "EAST": -9.69, "DISTRICT": null, "PROVINCE": "Northern", "Energy_s_5": 60.58604487, "capaci KW": 7573 }, "geometry": { "type": "Point", "coordinates": [ 31.953427695432975, -9.689604883243575 ] } },
{ "type": "Feature", "properties": { "NAME": "Mungwi", "SOUTH": 31.43, "EAST": -10.17, "DISTRICT": null, "PROVINCE": "Northern", "Energy_s_5": 60.58604487, "capaci KW": 7573 }, "geometry": { "type": "Point", "coordinates": [ 31.431323377521313, -10.172381862922927 ] } },
{ "type": "Feature", "properties": { "NAME": "Mumba", "SOUTH": 31.93, "EAST": -10.18, "DISTRICT": null, "PROVINCE": "Northern", "Energy_s_5": 60.58604487, "capaci KW": 7573 }, "geometry": { "type": "Point", "coordinates": [ 31.937154314095466, -10.176450208257304 ] } },
{ "type": "Feature", "properties": { "NAME": "Ndasa", "SOUTH": 32.04, "EAST": -10.14, "DISTRICT": null, "PROVINCE": "Northern", "Energy_s_5": 42.42146749, "capaci KW": 5303 }, "geometry": { "type": "Point", "coordinates": [ 32.042931292789255, -10.137122870024998 ] } },
{ "type": "Feature", "properties": { "NAME": "Mulema", "SOUTH": 31.74, "EAST": -10.5, "DISTRICT": null, "PROVINCE": "Northern", "Energy_s_5": 60.58604487, "capaci KW": 7573 }, "geometry": { "type": "Point", "coordinates": [ 31.741873738045392, -10.499205604784512 ] } },
{ "type": "Feature", "properties": { "NAME": "Limbesa", "SOUTH": 31.9, "EAST": -10.51, "DISTRICT": null, "PROVINCE": "Northern", "Energy_s_5": 42.42146749, "capaci KW": 5303 }, "geometry": { "type": "Point", "coordinates": [ 31.90731978164337, -10.51412287101056 ] } },
{ "type": "Feature", "properties": { "NAME": "Chashi", "SOUTH": 32.13, "EAST": -10.56, "DISTRICT": null, "PROVINCE": "Northern", "Energy_s_5": 42.42146749, "capaci KW": 5303 }, "geometry": { "type": "Point", "coordinates": [ 32.129722659922621, -10.562943015023079 ] } },
{ "type": "Feature", "properties": { "NAME": "Nkula", "SOUTH": 31.98, "EAST": -10.64, "DISTRICT": null, "PROVINCE": "Northern", "Energy_s_5": 42.42146749, "capaci KW": 5303 }, "geometry": { "type": "Point", "coordinates": [ 31.985974458107986, -10.645666036822067 ] } },
{ "type": "Feature", "properties": { "NAME": "Mundu", "SOUTH": 32.3, "EAST": -10.39, "DISTRICT": null, "PROVINCE": "Northern", "Energy_s_5": 42.42146749, "capaci KW": 5303 }, "geometry": { "type": "Point", "coordinates": [ 32.303305394189358, -10.385291935421968 ] } },
{ "type": "Feature", "properties": { "NAME": "Ilondola", "SOUTH": 31.87, "EAST": -10.71, "DISTRICT": null, "PROVINCE": "Northern", "Energy_s_5": 42.42146749, "capaci KW": 5303 }, "geometry": { "type": "Point", "coordinates": [ 31.869348558522525, -10.709403447060634 ] } },
{ "type": "Feature", "properties": { "NAME": "Mungulube", "SOUTH": 31.75, "EAST": -10.88, "DISTRICT": null, "PROVINCE": "Northern", "Energy_s_5": 42.42146749, "capaci KW": 5303 }, "geometry": { "type": "Point", "coordinates": [ 31.751366543825604, -10.881630066215909 ] } },
{ "type": "Feature", "properties": { "NAME": "Chasosa", "SOUTH": 31.8, "EAST": -11.09, "DISTRICT": null, "PROVINCE": "Northern", "Energy_s_5": 42.42146749, "capaci KW": 5303 }, "geometry": { "type": "Point", "coordinates": [ 31.80154280294958, -11.094540138714949 ] } },
{ "type": "Feature", "properties": { "NAME": "Matumbo", "SOUTH": 32.15, "EAST": -10.98, "DISTRICT": null, "PROVINCE": "Northern", "Energy_s_5": 42.42146749, "capaci KW": 5303 }, "geometry": { "type": "Point", "coordinates": [ 32.152776616817427, -10.979270354240946 ] } },
{ "type": "Feature", "properties": { "NAME": "Chibesakunda", "SOUTH": 32.21, "EAST": -11.06, "DISTRICT": null, "PROVINCE": "Northern", "Energy_s_5": 42.42146749, "capaci KW": 5303 }, "geometry": { "type": "Point", "coordinates": [ 32.213801796833074, -11.0565689155941 ] } },
{ "type": "Feature", "properties": { "NAME": "Lufila", "SOUTH": 32.08, "EAST": -11.32, "DISTRICT": null, "PROVINCE": "Northern", "Energy_s_5": 84.35441289000001, "capaci KW": 10544 }, "geometry": { "type": "Point", "coordinates": [ 32.082258631021567, -11.321011362328578 ] } },
{ "type": "Feature", "properties": { "NAME": "Mukwikile", "SOUTH": 31.82, "EAST": -11.37, "DISTRICT": null, "PROVINCE": "Northern", "Energy_s_5": 42.42146749, "capaci KW": 5303 }, "geometry": { "type": "Point", "coordinates": [ 31.82324064473292, -11.369831506341097 ] } },
{ "type": "Feature", "properties": { "NAME": "Katibunga", "SOUTH": 31.78, "EAST": -11.63, "DISTRICT": null, "PROVINCE": "Northern", "Energy_s_5": 42.42146749, "capaci KW": 5303 }, "geometry": { "type": "Point", "coordinates": [ 31.783913306500615, -11.632917837964113 ] } },
{ "type": "Feature", "properties": { "NAME": "Mukungule", "SOUTH": 31.89, "EAST": -11.66, "DISTRICT": null, "PROVINCE": "Northern", "Energy_s_5": 84.35441289000001, "capaci KW": 10544 }, "geometry": { "type": "Point", "coordinates": [ 31.892402515417324, -11.655971794858914 ] } },
{ "type": "Feature", "properties": { "NAME": "Chishyala", "SOUTH": 32.14, "EAST": -11.56, "DISTRICT": null, "PROVINCE": "Northern", "Energy_s_5": 84.35441289000001, "capaci KW": 10544 }, "geometry": { "type": "Point", "coordinates": [ 32.14463992614867, -11.558331506833877 ] } },
{ "type": "Feature", "properties": { "NAME": "Chalwe", "SOUTH": 31.45, "EAST": -11.74, "DISTRICT": null, "PROVINCE": "Northern", "Energy_s_5": 84.35441289000001, "capaci KW": 10544 }, "geometry": { "type": "Point", "coordinates": [ 31.451665104193196, -11.738694816657905 ] } },
{ "type": "Feature", "properties": { "NAME": "Chiweza", "SOUTH": 32.53, "EAST": -12.17, "DISTRICT": null, "PROVINCE": "Eastern", "Energy_s_5": 299.7101026, "capaci KW": 37464 }, "geometry": { "type": "Point", "coordinates": [ 32.536557193360281, -12.171295537213279 ] } },
{ "type": "Feature", "properties": { "NAME": "Kazembe", "SOUTH": 32.6, "EAST": -12.21, "DISTRICT": null, "PROVINCE": "Eastern", "Energy_s_5": 299.7101026, "capaci KW": 37464 }, "geometry": { "type": "Point", "coordinates": [ 32.605719064044685, -12.213335105668504 ] } },
{ "type": "Feature", "properties": { "NAME": "Ncheka", "SOUTH": 31.79, "EAST": -13.33, "DISTRICT": null, "PROVINCE": "Eastern", "Energy_s_5": 43.5385572, "capaci KW": 5442 }, "geometry": { "type": "Point", "coordinates": [ 31.786625536723534, -13.329417842399138 ] } },
{ "type": "Feature", "properties": { "NAME": "Masumba", "SOUTH": 31.84, "EAST": -13.27, "DISTRICT": null, "PROVINCE": "Eastern", "Energy_s_5": 43.5385572, "capaci KW": 5442 }, "geometry": { "type": "Point", "coordinates": [ 31.844938486516266, -13.268392662383489 ] } },
{ "type": "Feature", "properties": { "NAME": "Nsefu", "SOUTH": 31.89, "EAST": -13.17, "DISTRICT": null, "PROVINCE": "Eastern", "Energy_s_5": 43.5385572, "capaci KW": 5442 }, "geometry": { "type": "Point", "coordinates": [ 31.889690285194408, -13.165327913912616 ] } },
{ "type": "Feature", "properties": { "NAME": "Kakumbi", "SOUTH": 31.8, "EAST": -10.13, "DISTRICT": null, "PROVINCE": "Eastern", "Energy_s_5": 43.5385572, "capaci KW": 5442 }, "geometry": { "type": "Point", "coordinates": [ 31.80289891806104, -13.12600057568031 ] } },
{ "type": "Feature", "properties": { "NAME": "Chikowa", "SOUTH": 31.22, "EAST": -13.77, "DISTRICT": null, "PROVINCE": "Eastern", "Energy_s_5": 51.18777456, "capaci KW": 6398 }, "geometry": { "type": "Point", "coordinates": [ 31.222481650356652, -13.770155253623265 ] } },
{ "type": "Feature", "properties": { "NAME": "Chinika", "SOUTH": 31.57, "EAST": -13.96, "DISTRICT": null, "PROVINCE": "Eastern", "Energy_s_5": 51.18777456, "capaci KW": 6398 }, "geometry": { "type": "Point", "coordinates": [ 31.577783809558873, -13.95323079367021 ] } },
{ "type": "Feature", "properties": { "NAME": "Sandwe", "SOUTH": 31.58, "EAST": -13.73, "DISTRICT": null, "PROVINCE": "Eastern", "Energy_s_5": 51.18777456, "capaci KW": 6398 }, "geometry": { "type": "Point", "coordinates": [ 31.583208270004707, -13.7294718002795 ] } },
{ "type": "Feature", "properties": { "NAME": "Msoro", "SOUTH": 31.87, "EAST": -13.61, "DISTRICT": null, "PROVINCE": "Eastern", "Energy_s_5": 43.5385572, "capaci KW": 5442 }, "geometry": { "type": "Point", "coordinates": [ 31.873416903856903, -13.615558130916956 ] } },
{ "type": "Feature", "properties": { "NAME": "Chisomo", "SOUTH": 30.65, "EAST": -13.58, "DISTRICT": null, "PROVINCE": "Central", "Energy_s_5": 51.23532789, "capaci KW": 6404 }, "geometry": { "type": "Point", "coordinates": [ 30.656981648878308, -13.587079713576319 ] } },
{ "type": "Feature", "properties": { "NAME": "Kaombe", "SOUTH": 30.75, "EAST": -13.53, "DISTRICT": null, "PROVINCE": "Central", "Energy_s_5": 51.23532789, "capaci KW": 6404 }, "geometry": { "type": "Point", "coordinates": [ 30.755978052014807, -13.535547339340882 ] } },
{ "type": "Feature", "properties": { "NAME": "Kalonje", "SOUTH": 30.94, "EAST": -12.8, "DISTRICT": null, "PROVINCE": "Northern", "Energy_s_5": 84.35441289000001, "capaci KW": 10544 }, "geometry": { "type": "Point", "coordinates": [ 30.947190282730499, -12.8032451791531 ] } },
{ "type": "Feature", "properties": { "NAME": "Mpumba", "SOUTH": 31.07, "EAST": -12.63, "DISTRICT": null, "PROVINCE": "Northern", "Energy_s_5": 84.35441289000001, "capaci KW": 10544 }, "geometry": { "type": "Point", "coordinates": [ 31.071952872984713, -12.628306329774908 ] } },
{ "type": "Feature", "properties": { "NAME": "Chundaponde", "SOUTH": 30.59, "EAST": -12.28, "DISTRICT": null, "PROVINCE": "Northern", "Energy_s_5": 84.35441289000001, "capaci KW": 10544 }, "geometry": { "type": "Point", "coordinates": [ 30.593244238639738, -12.275716400795609 ] } },
{ "type": "Feature", "properties": { "NAME": "Luchembe", "SOUTH": 31.82, "EAST": -11.82, "DISTRICT": null, "PROVINCE": "Northern", "Energy_s_5": 84.35441289000001, "capaci KW": 10544 }, "geometry": { "type": "Point", "coordinates": [ 31.259096758366034, -11.822773953568353 ] } },
{ "type": "Feature", "properties": { "NAME": "Mpika", "SOUTH": 31.42, "EAST": -11.86, "DISTRICT": null, "PROVINCE": "Northern", "Energy_s_5": 84.35441289000001, "capaci KW": 10544 }, "geometry": { "type": "Point", "coordinates": [ 31.419118341518182, -11.85938906157774 ] } },
{ "type": "Feature", "properties": { "NAME": "Chishibesonde", "SOUTH": 31.39, "EAST": -11.95, "DISTRICT": null, "PROVINCE": "Northern", "Energy_s_5": 84.35441289000001, "capaci KW": 10544 }, "geometry": { "type": "Point", "coordinates": [ 31.396064384623379, -11.948892658934026 ] } },
{ "type": "Feature", "properties": { "NAME": "Chilinga", "SOUTH": 31.37, "EAST": -12.02, "DISTRICT": null, "PROVINCE": "Northern", "Energy_s_5": 84.35441289000001, "capaci KW": 10544 }, "geometry": { "type": "Point", "coordinates": [ 31.37301042772858, -12.01398618428405 ] } },
{ "type": "Feature", "properties": { "NAME": "Mufubushi", "SOUTH": 31.29, "EAST": -12.05, "DISTRICT": null, "PROVINCE": "Northern", "Energy_s_5": 84.35441289000001, "capaci KW": 10544 }, "geometry": { "type": "Point", "coordinates": [ 31.291643521041049, -12.054669637627816 ] } },
{ "type": "Feature", "properties": { "NAME": "Chikakala", "SOUTH": 31.27, "EAST": -11.46, "DISTRICT": null, "PROVINCE": "Northern", "Energy_s_5": 84.35441289000001, "capaci KW": 10544 }, "geometry": { "type": "Point", "coordinates": [ 31.278082369926459, -11.464759564143215 ] } },
{ "type": "Feature", "properties": { "NAME": "Matobola", "SOUTH": 30.95, "EAST": -10.66, "DISTRICT": null, "PROVINCE": "Northern", "Energy_s_5": 57.12128248, "capaci KW": 7140 }, "geometry": { "type": "Point", "coordinates": [ 30.951258628064878, -10.659227187936656 ] } },
{ "type": "Feature", "properties": { "NAME": "Chandamukulu", "SOUTH": 31.19, "EAST": -10.8, "DISTRICT": null, "PROVINCE": "Northern", "Energy_s_5": 57.12128248, "capaci KW": 7140 }, "geometry": { "type": "Point", "coordinates": [ 31.191291002793097, -10.800263159528377 ] } },
{ "type": "Feature", "properties": { "NAME": "Mbati", "SOUTH": 31.03, "EAST": -11.02, "DISTRICT": null, "PROVINCE": "Northern", "Energy_s_5": 84.35441289000001, "capaci KW": 10544 }, "geometry": { "type": "Point", "coordinates": [ 31.032625534752409, -11.021309922696171 ] } },
{ "type": "Feature", "properties": { "NAME": "Mpepo", "SOUTH": 31.16, "EAST": -11.09, "DISTRICT": null, "PROVINCE": "Northern", "Energy_s_5": 84.35441289000001, "capaci KW": 10544 }, "geometry": { "type": "Point", "coordinates": [ 31.157388125006623, -11.090471793380573 ] } },
{ "type": "Feature", "properties": { "NAME": "Ncungwa", "SOUTH": 30.24, "EAST": -11.87, "DISTRICT": null, "PROVINCE": "Northern", "Energy_s_5": 84.35441289000001, "capaci KW": 10544 }, "geometry": { "type": "Point", "coordinates": [ 30.243366539883354, -11.871594097580871 ] } },
{ "type": "Feature", "properties": { "NAME": "Kopa", "SOUTH": 30.78, "EAST": -11.73, "DISTRICT": null, "PROVINCE": "Northern", "Energy_s_5": 84.35441289000001, "capaci KW": 10544 }, "geometry": { "type": "Point", "coordinates": [ 30.789880929801274, -11.729202010877692 ] } },
{ "type": "Feature", "properties": { "NAME": "Samfya", "SOUTH": 29.52, "EAST": -11.36, "DISTRICT": null, "PROVINCE": "Luapula", "Energy_s_5": 28.24915967, "capaci KW": 3531 }, "geometry": { "type": "Point", "coordinates": [ 29.525981645921625, -11.356270355226506 ] } },
{ "type": "Feature", "properties": { "NAME": "Fibalala", "SOUTH": 29.5, "EAST": -11.7, "DISTRICT": null, "PROVINCE": "Luapula", "Energy_s_5": 9.820796045, "capaci KW": 1228 }, "geometry": { "type": "Point", "coordinates": [ 29.506996034361201, -11.700723593537054 ] } },
{ "type": "Feature", "properties": { "NAME": "Mabo", "SOUTH": 29.6, "EAST": -11.7, "DISTRICT": null, "PROVINCE": "Luapula", "Energy_s_5": 28.24915967, "capaci KW": 3531 }, "geometry": { "type": "Point", "coordinates": [ 29.604636322386238, -11.699367478425597 ] } },
{ "type": "Feature", "properties": { "NAME": "Mulakwa", "SOUTH": 29.71, "EAST": -11.67, "DISTRICT": null, "PROVINCE": "Luapula", "Energy_s_5": 28.24915967, "capaci KW": 3531 }, "geometry": { "type": "Point", "coordinates": [ 29.714481646414406, -11.676313521530796 ] } },
{ "type": "Feature", "properties": { "NAME": "Chibuye", "SOUTH": 29.44, "EAST": -11.07, "DISTRICT": null, "PROVINCE": "Luapula", "Energy_s_5": 28.24915967, "capaci KW": 3531 }, "geometry": { "type": "Point", "coordinates": [ 29.440546393899716, -11.072842296931606 ] } },
{ "type": "Feature", "properties": { "NAME": "Moloshi", "SOUTH": 29.43, "EAST": -11.18, "DISTRICT": null, "PROVINCE": "Luapula", "Energy_s_5": 27.63679867, "capaci KW": 3455 }, "geometry": { "type": "Point", "coordinates": [ 29.431053588119504, -11.18675596629415 ] } },
{ "type": "Feature", "properties": { "NAME": "Mibenge", "SOUTH": 29.42, "EAST": -11.27, "DISTRICT": null, "PROVINCE": "Luapula", "Energy_s_5": 27.63679867, "capaci KW": 3455 }, "geometry": { "type": "Point", "coordinates": [ 29.417492437004917, -11.269478988093141 ] } },
{ "type": "Feature", "properties": { "NAME": "Ndoba", "SOUTH": 29.52, "EAST": -11.24, "DISTRICT": null, "PROVINCE": "Luapula", "Energy_s_5": 27.63679867, "capaci KW": 3455 }, "geometry": { "type": "Point", "coordinates": [ 29.524625530810166, -11.236932225418128 ] } },
{ "type": "Feature", "properties": { "NAME": "Shimalungu", "SOUTH": 29.53, "EAST": -11.15, "DISTRICT": null, "PROVINCE": "Luapula", "Energy_s_5": 28.24915967, "capaci KW": 3531 }, "geometry": { "type": "Point", "coordinates": [ 29.534118336590378, -11.144716397838925 ] } },
{ "type": "Feature", "properties": { "NAME": "Lubwe", "SOUTH": 29.62, "EAST": -11.09, "DISTRICT": null, "PROVINCE": "Luapula", "Energy_s_5": 28.24915967, "capaci KW": 3531 }, "geometry": { "type": "Point", "coordinates": [ 29.620909703723743, -11.085047332934735 ] } },
{ "type": "Feature", "properties": { "NAME": "Mweba", "SOUTH": 29.66, "EAST": -10.9, "DISTRICT": null, "PROVINCE": "Luapula", "Energy_s_5": 28.24915967, "capaci KW": 3531 }, "geometry": { "type": "Point", "coordinates": [ 29.661593157067511, -10.899259562664874 ] } },
{ "type": "Feature", "properties": { "NAME": "Mwansabombwe", "SOUTH": 29.68, "EAST": -10.85, "DISTRICT": null, "PROVINCE": "Luapula", "Energy_s_5": 28.24915967, "capaci KW": 3531 }, "geometry": { "type": "Point", "coordinates": [ 29.68329099885085, -10.846371073317977 ] } },
{ "type": "Feature", "properties": { "NAME": "Mponda", "SOUTH": 29.55, "EAST": -10.83, "DISTRICT": null, "PROVINCE": "Luapula", "Energy_s_5": 28.24915967, "capaci KW": 3531 }, "geometry": { "type": "Point", "coordinates": [ 29.554460063262262, -10.835522152426307 ] } },
{ "type": "Feature", "properties": { "NAME": "Masembe", "SOUTH": 29.81, "EAST": -10.8, "DISTRICT": null, "PROVINCE": "Luapula", "Energy_s_5": 20.94530519, "capaci KW": 2618 }, "geometry": { "type": "Point", "coordinates": [ 29.808053589105064, -10.801619274639835 ] } },
{ "type": "Feature", "properties": { "NAME": "Ngombo", "SOUTH": 29.97, "EAST": -10.8, "DISTRICT": null, "PROVINCE": "Northern", "Energy_s_5": 1.935930327, "capaci KW": 242 }, "geometry": { "type": "Point", "coordinates": [ 29.969431287368671, -10.801619274639835 ] } },
{ "type": "Feature", "properties": { "NAME": "Muchinshi", "SOUTH": 29.97, "EAST": -11.09, "DISTRICT": null, "PROVINCE": "Northern", "Energy_s_5": 1.935930327, "capaci KW": 242 }, "geometry": { "type": "Point", "coordinates": [ 29.970787402480127, -11.095896253826407 ] } },
{ "type": "Feature", "properties": { "NAME": "Katuta", "SOUTH": 29.68, "EAST": -10.63, "DISTRICT": null, "PROVINCE": "Northern", "Energy_s_5": 20.94530519, "capaci KW": 2618 }, "geometry": { "type": "Point", "coordinates": [ 29.681934883739391, -10.62939265548456 ] } },
{ "type": "Feature", "properties": { "NAME": "Sashi", "SOUTH": 29.64, "EAST": -10.75, "DISTRICT": null, "PROVINCE": "Luapula", "Energy_s_5": 28.24915967, "capaci KW": 3531 }, "geometry": { "type": "Point", "coordinates": [ 29.639895315284168, -10.750086900404398 ] } },
{ "type": "Feature", "properties": { "NAME": "Kasaba", "SOUTH": 29.75, "EAST": -10.73, "DISTRICT": null, "PROVINCE": "Luapula", "Energy_s_5": 20.94530519, "capaci KW": 2618 }, "geometry": { "type": "Point", "coordinates": [ 29.75516509975817, -10.729745173732516 ] } },
{ "type": "Feature", "properties": { "NAME": "Luena", "SOUTH": 30.04, "EAST": -10.65, "DISTRICT": null, "PROVINCE": "Northern", "Energy_s_5": 20.94530519, "capaci KW": 2618 }, "geometry": { "type": "Point", "coordinates": [ 30.046729848721824, -10.649734382156444 ] } },
{ "type": "Feature", "properties": { "NAME": "Chaba", "SOUTH": 30.11, "EAST": -10.94, "DISTRICT": null, "PROVINCE": "Northern", "Energy_s_5": 1.935930327, "capaci KW": 242 }, "geometry": { "type": "Point", "coordinates": [ 30.11182337407185, -10.944011361343014 ] } },
{ "type": "Feature", "properties": { "NAME": "Chiewenge", "SOUTH": 30.21, "EAST": -10.85, "DISTRICT": null, "PROVINCE": "Northern", "Energy_s_5": 1.935930327, "capaci KW": 242 }, "geometry": { "type": "Point", "coordinates": [ 30.212175892319802, -10.851795533763813 ] } },
{ "type": "Feature", "properties": { "NAME": "Matipa", "SOUTH": 30.32, "EAST": -10.83, "DISTRICT": null, "PROVINCE": "Northern", "Energy_s_5": 1.935930327, "capaci KW": 242 }, "geometry": { "type": "Point", "coordinates": [ 30.331514022128182, -10.834166037314848 ] } },
{ "type": "Feature", "properties": { "NAME": "Kasomalumba", "SOUTH": 30.15, "EAST": -11.39, "DISTRICT": null, "PROVINCE": "Northern", "Energy_s_5": 28.24915967, "capaci KW": 3531 }, "geometry": { "type": "Point", "coordinates": [ 30.155219057638533, -11.388817117901517 ] } },
{ "type": "Feature", "properties": { "NAME": "Nsamba", "SOUTH": 30.26, "EAST": -11.55, "DISTRICT": null, "PROVINCE": "Northern", "Energy_s_5": 28.24915967, "capaci KW": 3531 }, "geometry": { "type": "Point", "coordinates": [ 30.265064381666701, -11.546126470830746 ] } },
{ "type": "Feature", "properties": { "NAME": "Chabelesa", "SOUTH": 31.04, "EAST": -11.37, "DISTRICT": null, "PROVINCE": "Northern", "Energy_s_5": 84.35441289000001, "capaci KW": 10544 }, "geometry": { "type": "Point", "coordinates": [ 31.042118340532625, -11.373899851675471 ] } },
{ "type": "Feature", "properties": { "NAME": "Mulanshi", "SOUTH": 31.33, "EAST": -10.36, "DISTRICT": null, "PROVINCE": "Northern", "Energy_s_5": 57.12128248, "capaci KW": 7140 }, "geometry": { "type": "Point", "coordinates": [ 31.339107549942113, -10.356813518081331 ] } },
{ "type": "Feature", "properties": { "NAME": "Kasonde", "SOUTH": 31.13, "EAST": -10.34, "DISTRICT": null, "PROVINCE": "Northern", "Energy_s_5": 57.12128248, "capaci KW": 7140 }, "geometry": { "type": "Point", "coordinates": [ 31.134334168111828, -10.341896251855283 ] } },
{ "type": "Feature", "properties": { "NAME": "Mwenge", "SOUTH": 31.54, "EAST": -10.83, "DISTRICT": null, "PROVINCE": "Northern", "Energy_s_5": 42.42146749, "capaci KW": 5303 }, "geometry": { "type": "Point", "coordinates": [ 31.543880931772403, -10.827385461757553 ] } },
{ "type": "Feature", "properties": { "NAME": "Chilufya", "SOUTH": 30.99, "EAST": -10.53, "DISTRICT": null, "PROVINCE": "Northern", "Energy_s_5": 57.12128248, "capaci KW": 7140 }, "geometry": { "type": "Point", "coordinates": [ 30.991942081408652, -10.526327907013687 ] } },
{ "type": "Feature", "properties": { "NAME": "Munkonge", "SOUTH": 30.72, "EAST": -10.3, "DISTRICT": null, "PROVINCE": "Northern", "Energy_s_5": 57.12128248, "capaci KW": 7140 }, "geometry": { "type": "Point", "coordinates": [ 30.72207517422834, -10.299856683400058 ] } },
{ "type": "Feature", "properties": { "NAME": "Malekani", "SOUTH": 30.53, "EAST": -10.36, "DISTRICT": null, "PROVINCE": "Northern", "Energy_s_5": 57.12128248, "capaci KW": 7140 }, "geometry": { "type": "Point", "coordinates": [ 30.532219058624101, -10.363594093638625 ] } },
{ "type": "Feature", "properties": { "NAME": "Chifwile", "SOUTH": 30.36, "EAST": -10.48, "DISTRICT": null, "PROVINCE": "Northern", "Energy_s_5": 20.94530519, "capaci KW": 2618 }, "geometry": { "type": "Point", "coordinates": [ 30.362704669691745, -10.484288338558462 ] } },
{ "type": "Feature", "properties": { "NAME": "Mucheleka", "SOUTH": 30.21, "EAST": -10.36, "DISTRICT": null, "PROVINCE": "Northern", "Energy_s_5": 20.94530519, "capaci KW": 2618 }, "geometry": { "type": "Point", "coordinates": [ 30.21081977720835, -10.369018554084461 ] } },
{ "type": "Feature", "properties": { "NAME": "Mpamapata", "SOUTH": 30.41, "EAST": -10.19, "DISTRICT": null, "PROVINCE": "Northern", "Energy_s_5": 28.74036939, "capaci KW": 3593 }, "geometry": { "type": "Point", "coordinates": [ 30.416949274150099, -10.190011359371891 ] } },
{ "type": "Feature", "properties": { "NAME": "Chitoshi", "SOUTH": 30.25, "EAST": -10.1, "DISTRICT": null, "PROVINCE": "Northern", "Energy_s_5": 28.74036939, "capaci KW": 3593 }, "geometry": { "type": "Point", "coordinates": [ 30.255571575886496, -10.099151646904149 ] } },
{ "type": "Feature", "properties": { "NAME": "Chilubula", "SOUTH": 31.01, "EAST": -10.15, "DISTRICT": null, "PROVINCE": "Northern", "Energy_s_5": 57.12128248, "capaci KW": 7140 }, "geometry": { "type": "Point", "coordinates": [ 31.008215462746158, -10.153396251362503 ] } },
{ "type": "Feature", "properties": { "NAME": "Mwamba", "SOUTH": 31.13, "EAST": -10.1, "DISTRICT": null, "PROVINCE": "Northern", "Energy_s_5": 57.12128248, "capaci KW": 7140 }, "geometry": { "type": "Point", "coordinates": [ 31.130265822777453, -10.103219992238525 ] } },
{ "type": "Feature", "properties": { "NAME": "Musungu", "SOUTH": 29.72, "EAST": -10.16, "DISTRICT": null, "PROVINCE": "Luapula", "Energy_s_5": 23.05826852, "capaci KW": 2882 }, "geometry": { "type": "Point", "coordinates": [ 29.726686682417537, -10.160176826919797 ] } },
{ "type": "Feature", "properties": { "NAME": "Mufili", "SOUTH": 29.76, "EAST": -10.29, "DISTRICT": null, "PROVINCE": "Northern", "Energy_s_5": 20.94530519, "capaci KW": 2618 }, "geometry": { "type": "Point", "coordinates": [ 29.757877329981092, -10.284939417174012 ] } },
{ "type": "Feature", "properties": { "NAME": "Chungu", "SOUTH": 29.69, "EAST": -10.53, "DISTRICT": null, "PROVINCE": "Northern", "Energy_s_5": 20.94530519, "capaci KW": 2618 }, "geometry": { "type": "Point", "coordinates": [ 29.694139919742526, -10.527684022125147 ] } },
{ "type": "Feature", "properties": { "NAME": "Tungati", "SOUTH": 30.01, "EAST": -10.53, "DISTRICT": null, "PROVINCE": "Northern", "Energy_s_5": 20.94530519, "capaci KW": 2618 }, "geometry": { "type": "Point", "coordinates": [ 30.012826970935357, -10.537176827905359 ] } },
{ "type": "Feature", "properties": { "NAME": "Luwingu", "SOUTH": 29.95, "EAST": -10.24, "DISTRICT": null, "PROVINCE": "Northern", "Energy_s_5": 20.94530519, "capaci KW": 2618 }, "geometry": { "type": "Point", "coordinates": [ 29.953157906031166, -10.244255963830247 ] } },
{ "type": "Feature", "properties": { "NAME": "Mukupa Kaoma", "SOUTH": 30.49, "EAST": -9.93, "DISTRICT": null, "PROVINCE": "Northern", "Energy_s_5": 28.74036939, "capaci KW": 3593 }, "geometry": { "type": "Point", "coordinates": [ 30.494247835503248, -9.930993373083252 ] } },
{ "type": "Feature", "properties": { "NAME": "Chibote", "SOUTH": 29.57, "EAST": -9.84, "DISTRICT": null, "PROVINCE": "Luapula", "Energy_s_5": 23.05826852, "capaci KW": 2882 }, "geometry": { "type": "Point", "coordinates": [ 29.577514020157061, -9.842845890838426 ] } },
{ "type": "Feature", "properties": { "NAME": "Chiwala", "SOUTH": 30.0, "EAST": -9.39, "DISTRICT": null, "PROVINCE": "Northern", "Energy_s_5": 28.74036939, "capaci KW": 3593 }, "geometry": { "type": "Point", "coordinates": [ 30.006046395378057, -9.392615673834086 ] } },
{ "type": "Feature", "properties": { "NAME": "Mporokoso", "SOUTH": 30.17, "EAST": -9.35, "DISTRICT": null, "PROVINCE": "Northern", "Energy_s_5": 28.74036939, "capaci KW": 3593 }, "geometry": { "type": "Point", "coordinates": [ 30.176916899421872, -9.350576105378861 ] } },
{ "type": "Feature", "properties": { "NAME": "Chewe", "SOUTH": 30.38, "EAST": -9.45, "DISTRICT": null, "PROVINCE": "Northern", "Energy_s_5": 28.74036939, "capaci KW": 3593 }, "geometry": { "type": "Point", "coordinates": [ 30.385758626586536, -9.452284738738275 ] } },
{ "type": "Feature", "properties": { "NAME": "Luangwa", "SOUTH": 30.63, "EAST": -9.53, "DISTRICT": null, "PROVINCE": "Northern", "Energy_s_5": 28.74036939, "capaci KW": 3593 }, "geometry": { "type": "Point", "coordinates": [ 30.632571576872046, -9.535007760537265 ] } },
{ "type": "Feature", "properties": { "NAME": "Chisels", "SOUTH": 30.21, "EAST": -8.49, "DISTRICT": null, "PROVINCE": "Northern", "Energy_s_5": 12.09441423, "capaci KW": 1512 }, "geometry": { "type": "Point", "coordinates": [ 30.21624423765418, -8.48808689449103 ] } },
{ "type": "Feature", "properties": { "NAME": "Iyendwe", "SOUTH": 30.78, "EAST": -8.68, "DISTRICT": null, "PROVINCE": "Northern", "Energy_s_5": 22.57624968, "capaci KW": 2822 }, "geometry": { "type": "Point", "coordinates": [ 30.787168699578356, -8.680655240318186 ] } },
{ "type": "Feature", "properties": { "NAME": "Nsumbu", "SOUTH": 30.48, "EAST": -8.27, "DISTRICT": null, "PROVINCE": "Northern", "Energy_s_5": 12.09441423, "capaci KW": 1512 }, "geometry": { "type": "Point", "coordinates": [ 30.486111144834492, -8.265684016211777 ] } },
{ "type": "Feature", "properties": { "NAME": "Chipungu", "SOUTH": 29.04, "EAST": -8.49, "DISTRICT": null, "PROVINCE": "Luapula", "Energy_s_5": 16.45865211, "capaci KW": 2057 }, "geometry": { "type": "Point", "coordinates": [ 29.047273011576646, -8.493511354936864 ] } },
{ "type": "Feature", "properties": { "NAME": "Viamba", "SOUTH": 31.1, "EAST": -9.02, "DISTRICT": null, "PROVINCE": "Northern", "Energy_s_5": 22.57624968, "capaci KW": 2822 }, "geometry": { "type": "Point", "coordinates": [ 31.109924096105566, -9.02104013329436 ] } },
{ "type": "Feature", "properties": { "NAME": "Chibote", "SOUTH": 30.97, "EAST": -9.08, "DISTRICT": null, "PROVINCE": "Northern", "Energy_s_5": 22.57624968, "capaci KW": 2822 }, "geometry": { "type": "Point", "coordinates": [ 30.968888124513843, -9.07935308308709 ] } },
{ "type": "Feature", "properties": { "NAME": "Chinakila", "SOUTH": 30.98, "EAST": -9.26, "DISTRICT": null, "PROVINCE": "Northern", "Energy_s_5": 22.57624968, "capaci KW": 2822 }, "geometry": { "type": "Point", "coordinates": [ 30.983805390739889, -9.263784738245494 ] } },
{ "type": "Feature", "properties": { "NAME": "Senga Hill", "SOUTH": 31.3, "EAST": -9.35, "DISTRICT": null, "PROVINCE": "Northern", "Energy_s_5": 120.1083483, "capaci KW": 15014 }, "geometry": { "type": "Point", "coordinates": [ 31.306560787267099, -9.354644450713238 ] } },
{ "type": "Feature", "properties": { "NAME": "Nondo", "SOUTH": 31.27, "EAST": -9.56, "DISTRICT": null, "PROVINCE": "Northern", "Energy_s_5": 120.1083483, "capaci KW": 15014 }, "geometry": { "type": "Point", "coordinates": [ 31.278082369926462, -9.55263725698623 ] } },
{ "type": "Feature", "properties": { "NAME": "Nsamba", "SOUTH": 31.52, "EAST": -9.01, "DISTRICT": null, "PROVINCE": "Northern", "Energy_s_5": 120.1083483, "capaci KW": 15014 }, "geometry": { "type": "Point", "coordinates": [ 31.52896366554635, -9.015615672848524 ] } },
{ "type": "Feature", "properties": { "NAME": "Ngoli", "SOUTH": 31.28, "EAST": -9.89, "DISTRICT": null, "PROVINCE": "Northern", "Energy_s_5": 60.58604487, "capaci KW": 7573 }, "geometry": { "type": "Point", "coordinates": [ 31.287575175706674, -9.891666034850942 ] } },
{ "type": "Feature", "properties": { "NAME": "Shibwalya", "SOUTH": 30.97, "EAST": -9.72, "DISTRICT": null, "PROVINCE": "Northern", "Energy_s_5": 28.74036939, "capaci KW": 3593 }, "geometry": { "type": "Point", "coordinates": [ 30.970244239625302, -9.723507761030044 ] } },
{ "type": "Feature", "properties": { "NAME": "Kapatu", "SOUTH": 30.82, "EAST": -9.7, "DISTRICT": null, "PROVINCE": "Northern", "Energy_s_5": 28.74036939, "capaci KW": 3593 }, "geometry": { "type": "Point", "coordinates": [ 30.818359347141911, -9.697741573912326 ] } },
{ "type": "Feature", "properties": { "NAME": "Chilongoshi", "SOUTH": 30.85, "EAST": -9.95, "DISTRICT": null, "PROVINCE": "Northern", "Energy_s_5": 57.12128248, "capaci KW": 7140 }, "geometry": { "type": "Point", "coordinates": [ 30.856330570262756, -9.94319840908638 ] } },
{ "type": "Feature", "properties": { "NAME": "Kasama", "SOUTH": 31.25, "EAST": -10.2, "DISTRICT": null, "PROVINCE": "Northern", "Energy_s_5": 57.12128248, "capaci KW": 7140 }, "geometry": { "type": "Point", "coordinates": [ 31.256384528143119, -10.203572510486479 ] } },
{ "type": "Feature", "properties": { "NAME": "Chitimbwa", "SOUTH": 30.93, "EAST": -8.83, "DISTRICT": null, "PROVINCE": "Northern", "Energy_s_5": 22.57624968, "capaci KW": 2822 }, "geometry": { "type": "Point", "coordinates": [ 30.937697476950287, -8.831184017690122 ] } },
{ "type": "Feature", "properties": { "NAME": "Mpulungu", "SOUTH": 31.21, "EAST": -8.76, "DISTRICT": null, "PROVINCE": "Northern", "Energy_s_5": 22.57624968, "capaci KW": 2822 }, "geometry": { "type": "Point", "coordinates": [ 31.215701074799352, -8.756597686559884 ] } },
{ "type": "Feature", "properties": { "NAME": "Isoka", "SOUTH": 31.27, "EAST": -8.82, "DISTRICT": null, "PROVINCE": "Northern", "Energy_s_5": 22.57624968, "capaci KW": 2822 }, "geometry": { "type": "Point", "coordinates": [ 31.275370139703544, -8.82033509679845 ] } },
{ "type": "Feature", "properties": { "NAME": "Mbala", "SOUTH": 31.47, "EAST": -8.85, "DISTRICT": null, "PROVINCE": "Northern", "Energy_s_5": 120.1083483, "capaci KW": 15014 }, "geometry": { "type": "Point", "coordinates": [ 31.476075176199451, -8.842032938581792 ] } },
{ "type": "Feature", "properties": { "NAME": "Lunzua", "SOUTH": 31.47, "EAST": -8.91, "DISTRICT": null, "PROVINCE": "Northern", "Energy_s_5": 120.1083483, "capaci KW": 15014 }, "geometry": { "type": "Point", "coordinates": [ 31.470650715753617, -8.909838694154734 ] } },
{ "type": "Feature", "properties": { "NAME": "Mwamba", "SOUTH": 31.72, "EAST": -8.92, "DISTRICT": null, "PROVINCE": "Northern", "Energy_s_5": 120.1083483, "capaci KW": 15014 }, "geometry": { "type": "Point", "coordinates": [ 31.720175896262045, -8.926112075492242 ] } },
{ "type": "Feature", "properties": { "NAME": "Nkonkola", "SOUTH": 27.87, "EAST": -16.19, "DISTRICT": null, "PROVINCE": "Southern", "Energy_s_5": 37.67781309, "capaci KW": 4710 }, "geometry": { "type": "Point", "coordinates": [ 27.868978566127307, -16.18857986198687 ] } },
{ "type": "Feature", "properties": { "NAME": "Chijanwa", "SOUTH": 27.93, "EAST": -16.21, "DISTRICT": null, "PROVINCE": "Southern", "Energy_s_5": 37.67781309, "capaci KW": 4710 }, "geometry": { "type": "Point", "coordinates": [ 27.932277180570335, -16.212409928600717 ] } },
{ "type": "Feature", "properties": { "NAME": "Nancengwa", "SOUTH": 27.95, "EAST": -16.26, "DISTRICT": null, "PROVINCE": "Southern", "Energy_s_5": 82.81713519, "capaci KW": 10352 }, "geometry": { "type": "Point", "coordinates": [ 27.951266764903242, -16.259325372246725 ] } },
{ "type": "Feature", "properties": { "NAME": "Siaseka", "SOUTH": 27.42, "EAST": -16.33, "DISTRICT": null, "PROVINCE": "Southern", "Energy_s_5": 82.81713519, "capaci KW": 10352 }, "geometry": { "type": "Point", "coordinates": [ 27.419802610754111, -16.324475132873623 ] } }
]
}
